2026-09-09 13:25:34 | workflow channels_comparison started launch_id=selena_channels_20260909T084557Z_38285 task=covariate slurm_job_id=3241618 slurm_array_job_id=none slurm_array_task_id=none
2026-09-09 13:25:34 | stage evaluate started
2026-09-09 13:25:34 | task chronos2 comparison=covariate covariate_mode=past_targets target_mode=univariate started
[2026-09-09 13:25:34] TIME runner: run_chronos2_comparison.sh
[2026-09-09 13:25:34] datasets: /scratch/users/h61084/datasets/hf_dataset
[2026-09-09 13:25:34] weights: /scratch/users/h61084/weights
[2026-09-09 13:25:34] outputs: /scratch/users/h61084/codes/improved/outputs
[2026-09-09 13:25:34] covariate mode: past_targets
[2026-09-09 13:25:34] target mode: univariate
Running all 38 datasets from config:
  - Water_Quality_Darwin/15T
  - current_velocity/5T
  - current_velocity/10T
  - current_velocity/15T
  - current_velocity/20T
  - current_velocity/H
  - Coastal_T_S/5T
  - Coastal_T_S/15T
  - Coastal_T_S/20T
  - Coastal_T_S/H
  - SG_Weather/D
  - SG_PM25/H
  - NE_China_Wind/H
  - Australia_Solar/H
  - OpenElectricity_NEM/5T
  - EWELD_Load/15T
  - Port_Activity/D
  - Port_Activity/W
  - Global_Influenza/W
  - Crypto/D
  - US_Term_Structure/B
  - Oil_Price/B
  - Job_Claims/W
  - Uncertainty_1M/M
  - Housing_Inventory/M
  - JOLTS/M
  - US_Labor/M
  - Vehicle_Supply/M
  - WUI_Global/Q
  - Global_Price/Q
  - Vehicle_Sales/M
  - Supply_Chain_Customer/D
  - Supply_Chain_Location/D
  - azure2019_D/5T
  - azure2019_I/5T
  - azure2019_U/5T
  - Smart_Manufacturing/H
  - MetroPT-3/5T

############################################################
# Dataset 1/38: Water_Quality_Darwin/15T
############################################################
Loading configuration...

============================================================
Dataset: Water_Quality_Darwin/15T
Model: amazon/chronos-2
Checkpoint: /fslarge/scratch/users/h61084/weights/chronos2
Terms: ['short', 'medium', 'long']
Covariate mode: past_targets
============================================================

--- Term: short ---
  Config: prediction_length=16, test_length=1440, val_length=1440
TIME run allocation action=skip run=/fslarge/scratch/users/h61084/codes/improved/outputs/channels_comparison/tasks/covariate/chronos2/univariate/Water_Quality_Darwin/15T/short/run_0 source_launch=selena_channels_20260909T084557Z_38285 launch_id=selena_channels_20260909T084557Z_38285 slurm_job_id=3241618 launched_at=2026-09-09T11:25:54.701930+00:00
  Reused completed task: /fslarge/scratch/users/h61084/codes/improved/outputs/channels_comparison/tasks/covariate/chronos2/univariate/Water_Quality_Darwin/15T/short/run_0

--- Term: medium ---
  Config: prediction_length=96, test_length=1440, val_length=1440
TIME run allocation action=skip run=/fslarge/scratch/users/h61084/codes/improved/outputs/channels_comparison/tasks/covariate/chronos2/univariate/Water_Quality_Darwin/15T/medium/run_0 source_launch=selena_channels_20260909T084557Z_38285 launch_id=selena_channels_20260909T084557Z_38285 slurm_job_id=3241618 launched_at=2026-09-09T11:25:54.728650+00:00
  Reused completed task: /fslarge/scratch/users/h61084/codes/improved/outputs/channels_comparison/tasks/covariate/chronos2/univariate/Water_Quality_Darwin/15T/medium/run_0

--- Term: long ---
  Config: prediction_length=288, test_length=1440, val_length=1440
TIME run allocation action=skip run=/fslarge/scratch/users/h61084/codes/improved/outputs/channels_comparison/tasks/covariate/chronos2/univariate/Water_Quality_Darwin/15T/long/run_0 source_launch=selena_channels_20260909T084557Z_38285 launch_id=selena_channels_20260909T084557Z_38285 slurm_job_id=3241618 launched_at=2026-09-09T11:25:54.754947+00:00
  Reused completed task: /fslarge/scratch/users/h61084/codes/improved/outputs/channels_comparison/tasks/covariate/chronos2/univariate/Water_Quality_Darwin/15T/long/run_0

============================================================
All experiments completed!
Results saved to: /scratch/users/h61084/codes/improved/outputs/channels_comparison/tasks/covariate
============================================================

############################################################
# Dataset 2/38: current_velocity/5T
############################################################
Loading configuration...

============================================================
Dataset: current_velocity/5T
Model: amazon/chronos-2
Checkpoint: /fslarge/scratch/users/h61084/weights/chronos2
Terms: ['short', 'medium', 'long']
Covariate mode: past_targets
============================================================

--- Term: short ---
  Config: prediction_length=36, test_length=4320, val_length=4320
TIME run allocation action=skip run=/fslarge/scratch/users/h61084/codes/improved/outputs/channels_comparison/tasks/covariate/chronos2/univariate/current_velocity/5T/short/run_0 source_launch=selena_channels_20260909T084557Z_38285 launch_id=selena_channels_20260909T084557Z_38285 slurm_job_id=3241618 launched_at=2026-09-09T11:25:54.805971+00:00
  Reused completed task: /fslarge/scratch/users/h61084/codes/improved/outputs/channels_comparison/tasks/covariate/chronos2/univariate/current_velocity/5T/short/run_0

--- Term: medium ---
  Config: prediction_length=288, test_length=4320, val_length=4320
TIME run allocation action=skip run=/fslarge/scratch/users/h61084/codes/improved/outputs/channels_comparison/tasks/covariate/chronos2/univariate/current_velocity/5T/medium/run_0 source_launch=selena_channels_20260909T084557Z_38285 launch_id=selena_channels_20260909T084557Z_38285 slurm_job_id=3241618 launched_at=2026-09-09T11:25:54.841807+00:00
  Reused completed task: /fslarge/scratch/users/h61084/codes/improved/outputs/channels_comparison/tasks/covariate/chronos2/univariate/current_velocity/5T/medium/run_0

--- Term: long ---
  Config: prediction_length=864, test_length=4320, val_length=4320
TIME run allocation action=skip run=/fslarge/scratch/users/h61084/codes/improved/outputs/channels_comparison/tasks/covariate/chronos2/univariate/current_velocity/5T/long/run_0 source_launch=selena_channels_20260909T084557Z_38285 launch_id=selena_channels_20260909T084557Z_38285 slurm_job_id=3241618 launched_at=2026-09-09T11:25:54.877190+00:00
  Reused completed task: /fslarge/scratch/users/h61084/codes/improved/outputs/channels_comparison/tasks/covariate/chronos2/univariate/current_velocity/5T/long/run_0

============================================================
All experiments completed!
Results saved to: /scratch/users/h61084/codes/improved/outputs/channels_comparison/tasks/covariate
============================================================

############################################################
# Dataset 3/38: current_velocity/10T
############################################################
Loading configuration...

============================================================
Dataset: current_velocity/10T
Model: amazon/chronos-2
Checkpoint: /fslarge/scratch/users/h61084/weights/chronos2
Terms: ['short', 'medium', 'long']
Covariate mode: past_targets
============================================================

--- Term: short ---
  Config: prediction_length=18, test_length=2160, val_length=2160
TIME run allocation action=skip run=/fslarge/scratch/users/h61084/codes/improved/outputs/channels_comparison/tasks/covariate/chronos2/univariate/current_velocity/10T/short/run_0 source_launch=selena_channels_20260909T084557Z_38285 launch_id=selena_channels_20260909T084557Z_38285 slurm_job_id=3241618 launched_at=2026-09-09T11:25:54.936464+00:00
  Reused completed task: /fslarge/scratch/users/h61084/codes/improved/outputs/channels_comparison/tasks/covariate/chronos2/univariate/current_velocity/10T/short/run_0

--- Term: medium ---
  Config: prediction_length=144, test_length=2160, val_length=2160
TIME run allocation action=skip run=/fslarge/scratch/users/h61084/codes/improved/outputs/channels_comparison/tasks/covariate/chronos2/univariate/current_velocity/10T/medium/run_0 source_launch=selena_channels_20260909T084557Z_38285 launch_id=selena_channels_20260909T084557Z_38285 slurm_job_id=3241618 launched_at=2026-09-09T11:25:54.975436+00:00
  Reused completed task: /fslarge/scratch/users/h61084/codes/improved/outputs/channels_comparison/tasks/covariate/chronos2/univariate/current_velocity/10T/medium/run_0

--- Term: long ---
  Config: prediction_length=432, test_length=2160, val_length=2160
TIME run allocation action=skip run=/fslarge/scratch/users/h61084/codes/improved/outputs/channels_comparison/tasks/covariate/chronos2/univariate/current_velocity/10T/long/run_0 source_launch=selena_channels_20260909T084557Z_38285 launch_id=selena_channels_20260909T084557Z_38285 slurm_job_id=3241618 launched_at=2026-09-09T11:25:55.013906+00:00
  Reused completed task: /fslarge/scratch/users/h61084/codes/improved/outputs/channels_comparison/tasks/covariate/chronos2/univariate/current_velocity/10T/long/run_0

============================================================
All experiments completed!
Results saved to: /scratch/users/h61084/codes/improved/outputs/channels_comparison/tasks/covariate
============================================================

############################################################
# Dataset 4/38: current_velocity/15T
############################################################
Loading configuration...

============================================================
Dataset: current_velocity/15T
Model: amazon/chronos-2
Checkpoint: /fslarge/scratch/users/h61084/weights/chronos2
Terms: ['short', 'medium', 'long']
Covariate mode: past_targets
============================================================

--- Term: short ---
  Config: prediction_length=12, test_length=1440, val_length=1440
TIME run allocation action=skip run=/fslarge/scratch/users/h61084/codes/improved/outputs/channels_comparison/tasks/covariate/chronos2/univariate/current_velocity/15T/short/run_0 source_launch=selena_channels_20260909T084557Z_38285 launch_id=selena_channels_20260909T084557Z_38285 slurm_job_id=3241618 launched_at=2026-09-09T11:25:55.056683+00:00
  Reused completed task: /fslarge/scratch/users/h61084/codes/improved/outputs/channels_comparison/tasks/covariate/chronos2/univariate/current_velocity/15T/short/run_0

--- Term: medium ---
  Config: prediction_length=96, test_length=1440, val_length=1440
TIME run allocation action=skip run=/fslarge/scratch/users/h61084/codes/improved/outputs/channels_comparison/tasks/covariate/chronos2/univariate/current_velocity/15T/medium/run_0 source_launch=selena_channels_20260909T084557Z_38285 launch_id=selena_channels_20260909T084557Z_38285 slurm_job_id=3241618 launched_at=2026-09-09T11:25:55.083250+00:00
  Reused completed task: /fslarge/scratch/users/h61084/codes/improved/outputs/channels_comparison/tasks/covariate/chronos2/univariate/current_velocity/15T/medium/run_0

--- Term: long ---
  Config: prediction_length=288, test_length=1440, val_length=1440
TIME run allocation action=skip run=/fslarge/scratch/users/h61084/codes/improved/outputs/channels_comparison/tasks/covariate/chronos2/univariate/current_velocity/15T/long/run_0 source_launch=selena_channels_20260909T084557Z_38285 launch_id=selena_channels_20260909T084557Z_38285 slurm_job_id=3241618 launched_at=2026-09-09T11:25:55.109823+00:00
  Reused completed task: /fslarge/scratch/users/h61084/codes/improved/outputs/channels_comparison/tasks/covariate/chronos2/univariate/current_velocity/15T/long/run_0

============================================================
All experiments completed!
Results saved to: /scratch/users/h61084/codes/improved/outputs/channels_comparison/tasks/covariate
============================================================

############################################################
# Dataset 5/38: current_velocity/20T
############################################################
Loading configuration...

============================================================
Dataset: current_velocity/20T
Model: amazon/chronos-2
Checkpoint: /fslarge/scratch/users/h61084/weights/chronos2
Terms: ['short', 'medium', 'long']
Covariate mode: past_targets
============================================================

--- Term: short ---
  Config: prediction_length=9, test_length=1080, val_length=1080
TIME run allocation action=skip run=/fslarge/scratch/users/h61084/codes/improved/outputs/channels_comparison/tasks/covariate/chronos2/univariate/current_velocity/20T/short/run_0 source_launch=selena_channels_20260909T084557Z_38285 launch_id=selena_channels_20260909T084557Z_38285 slurm_job_id=3241618 launched_at=2026-09-09T11:25:55.144406+00:00
  Reused completed task: /fslarge/scratch/users/h61084/codes/improved/outputs/channels_comparison/tasks/covariate/chronos2/univariate/current_velocity/20T/short/run_0

--- Term: medium ---
  Config: prediction_length=72, test_length=1080, val_length=1080
TIME run allocation action=skip run=/fslarge/scratch/users/h61084/codes/improved/outputs/channels_comparison/tasks/covariate/chronos2/univariate/current_velocity/20T/medium/run_0 source_launch=selena_channels_20260909T084557Z_38285 launch_id=selena_channels_20260909T084557Z_38285 slurm_job_id=3241618 launched_at=2026-09-09T11:25:55.157770+00:00
  Reused completed task: /fslarge/scratch/users/h61084/codes/improved/outputs/channels_comparison/tasks/covariate/chronos2/univariate/current_velocity/20T/medium/run_0

--- Term: long ---
  Config: prediction_length=216, test_length=1080, val_length=1080
TIME run allocation action=skip run=/fslarge/scratch/users/h61084/codes/improved/outputs/channels_comparison/tasks/covariate/chronos2/univariate/current_velocity/20T/long/run_0 source_launch=selena_channels_20260909T084557Z_38285 launch_id=selena_channels_20260909T084557Z_38285 slurm_job_id=3241618 launched_at=2026-09-09T11:25:55.170766+00:00
  Reused completed task: /fslarge/scratch/users/h61084/codes/improved/outputs/channels_comparison/tasks/covariate/chronos2/univariate/current_velocity/20T/long/run_0

============================================================
All experiments completed!
Results saved to: /scratch/users/h61084/codes/improved/outputs/channels_comparison/tasks/covariate
============================================================

############################################################
# Dataset 6/38: current_velocity/H
############################################################
Loading configuration...

============================================================
Dataset: current_velocity/H
Model: amazon/chronos-2
Checkpoint: /fslarge/scratch/users/h61084/weights/chronos2
Terms: ['short', 'medium', 'long']
Covariate mode: past_targets
============================================================

--- Term: short ---
  Config: prediction_length=24, test_length=672, val_length=672
TIME run allocation action=skip run=/fslarge/scratch/users/h61084/codes/improved/outputs/channels_comparison/tasks/covariate/chronos2/univariate/current_velocity/H/short/run_0 source_launch=selena_channels_20260909T084557Z_38285 launch_id=selena_channels_20260909T084557Z_38285 slurm_job_id=3241618 launched_at=2026-09-09T11:25:55.203122+00:00
  Reused completed task: /fslarge/scratch/users/h61084/codes/improved/outputs/channels_comparison/tasks/covariate/chronos2/univariate/current_velocity/H/short/run_0

--- Term: medium ---
  Config: prediction_length=168, test_length=672, val_length=672
TIME run allocation action=skip run=/fslarge/scratch/users/h61084/codes/improved/outputs/channels_comparison/tasks/covariate/chronos2/univariate/current_velocity/H/medium/run_0 source_launch=selena_channels_20260909T084557Z_38285 launch_id=selena_channels_20260909T084557Z_38285 slurm_job_id=3241618 launched_at=2026-09-09T11:25:55.217151+00:00
  Reused completed task: /fslarge/scratch/users/h61084/codes/improved/outputs/channels_comparison/tasks/covariate/chronos2/univariate/current_velocity/H/medium/run_0

--- Term: long ---
  Config: prediction_length=336, test_length=672, val_length=672
TIME run allocation action=skip run=/fslarge/scratch/users/h61084/codes/improved/outputs/channels_comparison/tasks/covariate/chronos2/univariate/current_velocity/H/long/run_0 source_launch=selena_channels_20260909T084557Z_38285 launch_id=selena_channels_20260909T084557Z_38285 slurm_job_id=3241618 launched_at=2026-09-09T11:25:55.231153+00:00
  Reused completed task: /fslarge/scratch/users/h61084/codes/improved/outputs/channels_comparison/tasks/covariate/chronos2/univariate/current_velocity/H/long/run_0

============================================================
All experiments completed!
Results saved to: /scratch/users/h61084/codes/improved/outputs/channels_comparison/tasks/covariate
============================================================

############################################################
# Dataset 7/38: Coastal_T_S/5T
############################################################
Loading configuration...

============================================================
Dataset: Coastal_T_S/5T
Model: amazon/chronos-2
Checkpoint: /fslarge/scratch/users/h61084/weights/chronos2
Terms: ['short', 'medium', 'long']
Covariate mode: past_targets
============================================================

--- Term: short ---
  Config: prediction_length=36, test_length=4320, val_length=4320
TIME run allocation action=skip run=/fslarge/scratch/users/h61084/codes/improved/outputs/channels_comparison/tasks/covariate/chronos2/univariate/Coastal_T_S/5T/short/run_0 source_launch=selena_channels_20260909T084557Z_38285 launch_id=selena_channels_20260909T084557Z_38285 slurm_job_id=3241618 launched_at=2026-09-09T11:25:55.318196+00:00
  Reused completed task: /fslarge/scratch/users/h61084/codes/improved/outputs/channels_comparison/tasks/covariate/chronos2/univariate/Coastal_T_S/5T/short/run_0

--- Term: medium ---
  Config: prediction_length=288, test_length=4320, val_length=4320
TIME run allocation action=skip run=/fslarge/scratch/users/h61084/codes/improved/outputs/channels_comparison/tasks/covariate/chronos2/univariate/Coastal_T_S/5T/medium/run_0 source_launch=selena_channels_20260909T084557Z_38285 launch_id=selena_channels_20260909T084557Z_38285 slurm_job_id=3241618 launched_at=2026-09-09T11:25:55.388443+00:00
  Reused completed task: /fslarge/scratch/users/h61084/codes/improved/outputs/channels_comparison/tasks/covariate/chronos2/univariate/Coastal_T_S/5T/medium/run_0

--- Term: long ---
  Config: prediction_length=864, test_length=4320, val_length=4320
TIME run allocation action=skip run=/fslarge/scratch/users/h61084/codes/improved/outputs/channels_comparison/tasks/covariate/chronos2/univariate/Coastal_T_S/5T/long/run_0 source_launch=selena_channels_20260909T084557Z_38285 launch_id=selena_channels_20260909T084557Z_38285 slurm_job_id=3241618 launched_at=2026-09-09T11:25:55.456920+00:00
  Reused completed task: /fslarge/scratch/users/h61084/codes/improved/outputs/channels_comparison/tasks/covariate/chronos2/univariate/Coastal_T_S/5T/long/run_0

============================================================
All experiments completed!
Results saved to: /scratch/users/h61084/codes/improved/outputs/channels_comparison/tasks/covariate
============================================================

############################################################
# Dataset 8/38: Coastal_T_S/15T
############################################################
Loading configuration...

============================================================
Dataset: Coastal_T_S/15T
Model: amazon/chronos-2
Checkpoint: /fslarge/scratch/users/h61084/weights/chronos2
Terms: ['short', 'medium', 'long']
Covariate mode: past_targets
============================================================

--- Term: short ---
  Config: prediction_length=12, test_length=1440, val_length=1440
TIME run allocation action=skip run=/fslarge/scratch/users/h61084/codes/improved/outputs/channels_comparison/tasks/covariate/chronos2/univariate/Coastal_T_S/15T/short/run_0 source_launch=selena_channels_20260909T084557Z_38285 launch_id=selena_channels_20260909T084557Z_38285 slurm_job_id=3241618 launched_at=2026-09-09T11:25:55.494395+00:00
  Reused completed task: /fslarge/scratch/users/h61084/codes/improved/outputs/channels_comparison/tasks/covariate/chronos2/univariate/Coastal_T_S/15T/short/run_0

--- Term: medium ---
  Config: prediction_length=96, test_length=1440, val_length=1440
TIME run allocation action=skip run=/fslarge/scratch/users/h61084/codes/improved/outputs/channels_comparison/tasks/covariate/chronos2/univariate/Coastal_T_S/15T/medium/run_0 source_launch=selena_channels_20260909T084557Z_38285 launch_id=selena_channels_20260909T084557Z_38285 slurm_job_id=3241618 launched_at=2026-09-09T11:25:55.514483+00:00
  Reused completed task: /fslarge/scratch/users/h61084/codes/improved/outputs/channels_comparison/tasks/covariate/chronos2/univariate/Coastal_T_S/15T/medium/run_0

--- Term: long ---
  Config: prediction_length=288, test_length=1440, val_length=1440
TIME run allocation action=skip run=/fslarge/scratch/users/h61084/codes/improved/outputs/channels_comparison/tasks/covariate/chronos2/univariate/Coastal_T_S/15T/long/run_0 source_launch=selena_channels_20260909T084557Z_38285 launch_id=selena_channels_20260909T084557Z_38285 slurm_job_id=3241618 launched_at=2026-09-09T11:25:55.534258+00:00
  Reused completed task: /fslarge/scratch/users/h61084/codes/improved/outputs/channels_comparison/tasks/covariate/chronos2/univariate/Coastal_T_S/15T/long/run_0

============================================================
All experiments completed!
Results saved to: /scratch/users/h61084/codes/improved/outputs/channels_comparison/tasks/covariate
============================================================

############################################################
# Dataset 9/38: Coastal_T_S/20T
############################################################
Loading configuration...

============================================================
Dataset: Coastal_T_S/20T
Model: amazon/chronos-2
Checkpoint: /fslarge/scratch/users/h61084/weights/chronos2
Terms: ['short', 'medium', 'long']
Covariate mode: past_targets
============================================================

--- Term: short ---
  Config: prediction_length=9, test_length=1080, val_length=1080
TIME run allocation action=skip run=/fslarge/scratch/users/h61084/codes/improved/outputs/channels_comparison/tasks/covariate/chronos2/univariate/Coastal_T_S/20T/short/run_0 source_launch=selena_channels_20260909T084557Z_38285 launch_id=selena_channels_20260909T084557Z_38285 slurm_job_id=3241618 launched_at=2026-09-09T11:25:55.561195+00:00
  Reused completed task: /fslarge/scratch/users/h61084/codes/improved/outputs/channels_comparison/tasks/covariate/chronos2/univariate/Coastal_T_S/20T/short/run_0

--- Term: medium ---
  Config: prediction_length=72, test_length=1080, val_length=1080
TIME run allocation action=skip run=/fslarge/scratch/users/h61084/codes/improved/outputs/channels_comparison/tasks/covariate/chronos2/univariate/Coastal_T_S/20T/medium/run_0 source_launch=selena_channels_20260909T084557Z_38285 launch_id=selena_channels_20260909T084557Z_38285 slurm_job_id=3241618 launched_at=2026-09-09T11:25:55.573908+00:00
  Reused completed task: /fslarge/scratch/users/h61084/codes/improved/outputs/channels_comparison/tasks/covariate/chronos2/univariate/Coastal_T_S/20T/medium/run_0

--- Term: long ---
  Config: prediction_length=216, test_length=1080, val_length=1080
TIME run allocation action=skip run=/fslarge/scratch/users/h61084/codes/improved/outputs/channels_comparison/tasks/covariate/chronos2/univariate/Coastal_T_S/20T/long/run_0 source_launch=selena_channels_20260909T084557Z_38285 launch_id=selena_channels_20260909T084557Z_38285 slurm_job_id=3241618 launched_at=2026-09-09T11:25:55.586815+00:00
  Reused completed task: /fslarge/scratch/users/h61084/codes/improved/outputs/channels_comparison/tasks/covariate/chronos2/univariate/Coastal_T_S/20T/long/run_0

============================================================
All experiments completed!
Results saved to: /scratch/users/h61084/codes/improved/outputs/channels_comparison/tasks/covariate
============================================================

############################################################
# Dataset 10/38: Coastal_T_S/H
############################################################
Loading configuration...

============================================================
Dataset: Coastal_T_S/H
Model: amazon/chronos-2
Checkpoint: /fslarge/scratch/users/h61084/weights/chronos2
Terms: ['short', 'medium', 'long']
Covariate mode: past_targets
============================================================

--- Term: short ---
  Config: prediction_length=24, test_length=672, val_length=672
TIME run allocation action=skip run=/fslarge/scratch/users/h61084/codes/improved/outputs/channels_comparison/tasks/covariate/chronos2/univariate/Coastal_T_S/H/short/run_0 source_launch=selena_channels_20260909T084557Z_38285 launch_id=selena_channels_20260909T084557Z_38285 slurm_job_id=3241618 launched_at=2026-09-09T11:25:55.620728+00:00
  Reused completed task: /fslarge/scratch/users/h61084/codes/improved/outputs/channels_comparison/tasks/covariate/chronos2/univariate/Coastal_T_S/H/short/run_0

--- Term: medium ---
  Config: prediction_length=168, test_length=672, val_length=672
TIME run allocation action=skip run=/fslarge/scratch/users/h61084/codes/improved/outputs/channels_comparison/tasks/covariate/chronos2/univariate/Coastal_T_S/H/medium/run_0 source_launch=selena_channels_20260909T084557Z_38285 launch_id=selena_channels_20260909T084557Z_38285 slurm_job_id=3241618 launched_at=2026-09-09T11:25:55.634378+00:00
  Reused completed task: /fslarge/scratch/users/h61084/codes/improved/outputs/channels_comparison/tasks/covariate/chronos2/univariate/Coastal_T_S/H/medium/run_0

--- Term: long ---
  Config: prediction_length=336, test_length=672, val_length=672
TIME run allocation action=skip run=/fslarge/scratch/users/h61084/codes/improved/outputs/channels_comparison/tasks/covariate/chronos2/univariate/Coastal_T_S/H/long/run_0 source_launch=selena_channels_20260909T084557Z_38285 launch_id=selena_channels_20260909T084557Z_38285 slurm_job_id=3241618 launched_at=2026-09-09T11:25:55.648005+00:00
  Reused completed task: /fslarge/scratch/users/h61084/codes/improved/outputs/channels_comparison/tasks/covariate/chronos2/univariate/Coastal_T_S/H/long/run_0

============================================================
All experiments completed!
Results saved to: /scratch/users/h61084/codes/improved/outputs/channels_comparison/tasks/covariate
============================================================

############################################################
# Dataset 11/38: SG_Weather/D
############################################################
Loading configuration...

============================================================
Dataset: SG_Weather/D
Model: amazon/chronos-2
Checkpoint: /fslarge/scratch/users/h61084/weights/chronos2
Terms: ['short', 'medium', 'long']
Covariate mode: past_targets
============================================================

--- Term: short ---
  Config: prediction_length=3, test_length=366, val_length=366
TIME run allocation action=skip run=/fslarge/scratch/users/h61084/codes/improved/outputs/channels_comparison/tasks/covariate/chronos2/univariate/SG_Weather/D/short/run_0 source_launch=selena_channels_20260909T084557Z_38285 launch_id=selena_channels_20260909T084557Z_38285 slurm_job_id=3241618 launched_at=2026-09-09T11:25:55.674707+00:00
  Reused completed task: /fslarge/scratch/users/h61084/codes/improved/outputs/channels_comparison/tasks/covariate/chronos2/univariate/SG_Weather/D/short/run_0

--- Term: medium ---
  Config: prediction_length=7, test_length=366, val_length=366
TIME run allocation action=skip run=/fslarge/scratch/users/h61084/codes/improved/outputs/channels_comparison/tasks/covariate/chronos2/univariate/SG_Weather/D/medium/run_0 source_launch=selena_channels_20260909T084557Z_38285 launch_id=selena_channels_20260909T084557Z_38285 slurm_job_id=3241618 launched_at=2026-09-09T11:25:55.685503+00:00
  Reused completed task: /fslarge/scratch/users/h61084/codes/improved/outputs/channels_comparison/tasks/covariate/chronos2/univariate/SG_Weather/D/medium/run_0

--- Term: long ---
  Config: prediction_length=14, test_length=366, val_length=366
TIME run allocation action=skip run=/fslarge/scratch/users/h61084/codes/improved/outputs/channels_comparison/tasks/covariate/chronos2/univariate/SG_Weather/D/long/run_0 source_launch=selena_channels_20260909T084557Z_38285 launch_id=selena_channels_20260909T084557Z_38285 slurm_job_id=3241618 launched_at=2026-09-09T11:25:55.696489+00:00
  Reused completed task: /fslarge/scratch/users/h61084/codes/improved/outputs/channels_comparison/tasks/covariate/chronos2/univariate/SG_Weather/D/long/run_0

============================================================
All experiments completed!
Results saved to: /scratch/users/h61084/codes/improved/outputs/channels_comparison/tasks/covariate
============================================================

############################################################
# Dataset 12/38: SG_PM25/H
############################################################
Loading configuration...

============================================================
Dataset: SG_PM25/H
Model: amazon/chronos-2
Checkpoint: /fslarge/scratch/users/h61084/weights/chronos2
Terms: ['short', 'medium', 'long']
Covariate mode: past_targets
============================================================

--- Term: short ---
  Config: prediction_length=24, test_length=2208, val_length=2160
TIME run allocation action=skip run=/fslarge/scratch/users/h61084/codes/improved/outputs/channels_comparison/tasks/covariate/chronos2/univariate/SG_PM25/H/short/run_0 source_launch=selena_channels_20260909T084557Z_38285 launch_id=selena_channels_20260909T084557Z_38285 slurm_job_id=3241618 launched_at=2026-09-09T11:25:55.754445+00:00
  Reused completed task: /fslarge/scratch/users/h61084/codes/improved/outputs/channels_comparison/tasks/covariate/chronos2/univariate/SG_PM25/H/short/run_0

--- Term: medium ---
  Config: prediction_length=72, test_length=2208, val_length=2160
TIME run allocation action=skip run=/fslarge/scratch/users/h61084/codes/improved/outputs/channels_comparison/tasks/covariate/chronos2/univariate/SG_PM25/H/medium/run_0 source_launch=selena_channels_20260909T084557Z_38285 launch_id=selena_channels_20260909T084557Z_38285 slurm_job_id=3241618 launched_at=2026-09-09T11:25:55.796548+00:00
  Reused completed task: /fslarge/scratch/users/h61084/codes/improved/outputs/channels_comparison/tasks/covariate/chronos2/univariate/SG_PM25/H/medium/run_0

--- Term: long ---
  Config: prediction_length=168, test_length=2208, val_length=2160
TIME run allocation action=skip run=/fslarge/scratch/users/h61084/codes/improved/outputs/channels_comparison/tasks/covariate/chronos2/univariate/SG_PM25/H/long/run_0 source_launch=selena_channels_20260909T084557Z_38285 launch_id=selena_channels_20260909T084557Z_38285 slurm_job_id=3241618 launched_at=2026-09-09T11:25:55.838598+00:00
  Reused completed task: /fslarge/scratch/users/h61084/codes/improved/outputs/channels_comparison/tasks/covariate/chronos2/univariate/SG_PM25/H/long/run_0

============================================================
All experiments completed!
Results saved to: /scratch/users/h61084/codes/improved/outputs/channels_comparison/tasks/covariate
============================================================

############################################################
# Dataset 13/38: NE_China_Wind/H
############################################################
Loading configuration...

============================================================
Dataset: NE_China_Wind/H
Model: amazon/chronos-2
Checkpoint: /fslarge/scratch/users/h61084/weights/chronos2
Terms: ['short', 'medium', 'long']
Covariate mode: past_targets
============================================================

--- Term: short ---
  Config: prediction_length=24, test_length=720, val_length=720
TIME run allocation action=skip run=/fslarge/scratch/users/h61084/codes/improved/outputs/channels_comparison/tasks/covariate/chronos2/univariate/NE_China_Wind/H/short/run_0 source_launch=selena_channels_20260909T084557Z_38285 launch_id=selena_channels_20260909T084557Z_38285 slurm_job_id=3241618 launched_at=2026-09-09T11:25:55.868125+00:00
  Reused completed task: /fslarge/scratch/users/h61084/codes/improved/outputs/channels_comparison/tasks/covariate/chronos2/univariate/NE_China_Wind/H/short/run_0

--- Term: medium ---
  Config: prediction_length=72, test_length=720, val_length=720
TIME run allocation action=skip run=/fslarge/scratch/users/h61084/codes/improved/outputs/channels_comparison/tasks/covariate/chronos2/univariate/NE_China_Wind/H/medium/run_0 source_launch=selena_channels_20260909T084557Z_38285 launch_id=selena_channels_20260909T084557Z_38285 slurm_job_id=3241618 launched_at=2026-09-09T11:25:55.882826+00:00
  Reused completed task: /fslarge/scratch/users/h61084/codes/improved/outputs/channels_comparison/tasks/covariate/chronos2/univariate/NE_China_Wind/H/medium/run_0

--- Term: long ---
  Config: prediction_length=168, test_length=720, val_length=720
TIME run allocation action=skip run=/fslarge/scratch/users/h61084/codes/improved/outputs/channels_comparison/tasks/covariate/chronos2/univariate/NE_China_Wind/H/long/run_0 source_launch=selena_channels_20260909T084557Z_38285 launch_id=selena_channels_20260909T084557Z_38285 slurm_job_id=3241618 launched_at=2026-09-09T11:25:55.897668+00:00
  Reused completed task: /fslarge/scratch/users/h61084/codes/improved/outputs/channels_comparison/tasks/covariate/chronos2/univariate/NE_China_Wind/H/long/run_0

============================================================
All experiments completed!
Results saved to: /scratch/users/h61084/codes/improved/outputs/channels_comparison/tasks/covariate
============================================================

############################################################
# Dataset 14/38: Australia_Solar/H
############################################################
Loading configuration...

============================================================
Dataset: Australia_Solar/H
Model: amazon/chronos-2
Checkpoint: /fslarge/scratch/users/h61084/weights/chronos2
Terms: ['short', 'medium', 'long']
Covariate mode: past_targets
============================================================

--- Term: short ---
  Config: prediction_length=24, test_length=2520, val_length=2520
TIME run allocation action=skip run=/fslarge/scratch/users/h61084/codes/improved/outputs/channels_comparison/tasks/covariate/chronos2/univariate/Australia_Solar/H/short/run_0 source_launch=selena_channels_20260909T084557Z_38285 launch_id=selena_channels_20260909T084557Z_38285 slurm_job_id=3241618 launched_at=2026-09-09T11:25:55.937188+00:00
  Reused completed task: /fslarge/scratch/users/h61084/codes/improved/outputs/channels_comparison/tasks/covariate/chronos2/univariate/Australia_Solar/H/short/run_0

--- Term: medium ---
  Config: prediction_length=72, test_length=2520, val_length=2520
TIME run allocation action=skip run=/fslarge/scratch/users/h61084/codes/improved/outputs/channels_comparison/tasks/covariate/chronos2/univariate/Australia_Solar/H/medium/run_0 source_launch=selena_channels_20260909T084557Z_38285 launch_id=selena_channels_20260909T084557Z_38285 slurm_job_id=3241618 launched_at=2026-09-09T11:25:55.963020+00:00
  Reused completed task: /fslarge/scratch/users/h61084/codes/improved/outputs/channels_comparison/tasks/covariate/chronos2/univariate/Australia_Solar/H/medium/run_0

--- Term: long ---
  Config: prediction_length=168, test_length=2520, val_length=2520
TIME run allocation action=skip run=/fslarge/scratch/users/h61084/codes/improved/outputs/channels_comparison/tasks/covariate/chronos2/univariate/Australia_Solar/H/long/run_0 source_launch=selena_channels_20260909T084557Z_38285 launch_id=selena_channels_20260909T084557Z_38285 slurm_job_id=3241618 launched_at=2026-09-09T11:25:55.988832+00:00
  Reused completed task: /fslarge/scratch/users/h61084/codes/improved/outputs/channels_comparison/tasks/covariate/chronos2/univariate/Australia_Solar/H/long/run_0

============================================================
All experiments completed!
Results saved to: /scratch/users/h61084/codes/improved/outputs/channels_comparison/tasks/covariate
============================================================

############################################################
# Dataset 15/38: OpenElectricity_NEM/5T
############################################################
Loading configuration...

============================================================
Dataset: OpenElectricity_NEM/5T
Model: amazon/chronos-2
Checkpoint: /fslarge/scratch/users/h61084/weights/chronos2
Terms: ['short', 'medium', 'long']
Covariate mode: past_targets
============================================================

--- Term: short ---
  Config: prediction_length=24, test_length=4032, val_length=4032
TIME run allocation action=skip run=/fslarge/scratch/users/h61084/codes/improved/outputs/channels_comparison/tasks/covariate/chronos2/univariate/OpenElectricity_NEM/5T/short/run_0 source_launch=selena_channels_20260909T084557Z_38285 launch_id=selena_channels_20260909T084557Z_38285 slurm_job_id=3241618 launched_at=2026-09-09T11:25:56.100588+00:00
  Reused completed task: /fslarge/scratch/users/h61084/codes/improved/outputs/channels_comparison/tasks/covariate/chronos2/univariate/OpenElectricity_NEM/5T/short/run_0

--- Term: medium ---
  Config: prediction_length=96, test_length=4032, val_length=4032
TIME run allocation action=skip run=/fslarge/scratch/users/h61084/codes/improved/outputs/channels_comparison/tasks/covariate/chronos2/univariate/OpenElectricity_NEM/5T/medium/run_0 source_launch=selena_channels_20260909T084557Z_38285 launch_id=selena_channels_20260909T084557Z_38285 slurm_job_id=3241618 launched_at=2026-09-09T11:25:56.196566+00:00
  Reused completed task: /fslarge/scratch/users/h61084/codes/improved/outputs/channels_comparison/tasks/covariate/chronos2/univariate/OpenElectricity_NEM/5T/medium/run_0

--- Term: long ---
  Config: prediction_length=288, test_length=4032, val_length=4032
TIME run allocation action=skip run=/fslarge/scratch/users/h61084/codes/improved/outputs/channels_comparison/tasks/covariate/chronos2/univariate/OpenElectricity_NEM/5T/long/run_0 source_launch=selena_channels_20260909T084557Z_38285 launch_id=selena_channels_20260909T084557Z_38285 slurm_job_id=3241618 launched_at=2026-09-09T11:25:56.290479+00:00
  Reused completed task: /fslarge/scratch/users/h61084/codes/improved/outputs/channels_comparison/tasks/covariate/chronos2/univariate/OpenElectricity_NEM/5T/long/run_0

============================================================
All experiments completed!
Results saved to: /scratch/users/h61084/codes/improved/outputs/channels_comparison/tasks/covariate
============================================================

############################################################
# Dataset 16/38: EWELD_Load/15T
############################################################
Loading configuration...

============================================================
Dataset: EWELD_Load/15T
Model: amazon/chronos-2
Checkpoint: /fslarge/scratch/users/h61084/weights/chronos2
Terms: ['short', 'medium', 'long']
Covariate mode: past_targets
============================================================

--- Term: short ---
  Config: prediction_length=24, test_length=1344, val_length=1344
TIME run allocation action=skip run=/fslarge/scratch/users/h61084/codes/improved/outputs/channels_comparison/tasks/covariate/chronos2/univariate/EWELD_Load/15T/short/run_0 source_launch=selena_channels_20260909T084557Z_38285 launch_id=selena_channels_20260909T084557Z_38285 slurm_job_id=3241618 launched_at=2026-09-09T11:25:56.352422+00:00
  Reused completed task: /fslarge/scratch/users/h61084/codes/improved/outputs/channels_comparison/tasks/covariate/chronos2/univariate/EWELD_Load/15T/short/run_0

--- Term: medium ---
  Config: prediction_length=96, test_length=1344, val_length=1344
TIME run allocation action=skip run=/fslarge/scratch/users/h61084/codes/improved/outputs/channels_comparison/tasks/covariate/chronos2/univariate/EWELD_Load/15T/medium/run_0 source_launch=selena_channels_20260909T084557Z_38285 launch_id=selena_channels_20260909T084557Z_38285 slurm_job_id=3241618 launched_at=2026-09-09T11:25:56.398918+00:00
  Reused completed task: /fslarge/scratch/users/h61084/codes/improved/outputs/channels_comparison/tasks/covariate/chronos2/univariate/EWELD_Load/15T/medium/run_0

--- Term: long ---
  Config: prediction_length=672, test_length=1344, val_length=1344
TIME run allocation action=skip run=/fslarge/scratch/users/h61084/codes/improved/outputs/channels_comparison/tasks/covariate/chronos2/univariate/EWELD_Load/15T/long/run_0 source_launch=selena_channels_20260909T084557Z_38285 launch_id=selena_channels_20260909T084557Z_38285 slurm_job_id=3241618 launched_at=2026-09-09T11:25:56.444263+00:00
  Reused completed task: /fslarge/scratch/users/h61084/codes/improved/outputs/channels_comparison/tasks/covariate/chronos2/univariate/EWELD_Load/15T/long/run_0

============================================================
All experiments completed!
Results saved to: /scratch/users/h61084/codes/improved/outputs/channels_comparison/tasks/covariate
============================================================

############################################################
# Dataset 17/38: Port_Activity/D
############################################################
Loading configuration...

============================================================
Dataset: Port_Activity/D
Model: amazon/chronos-2
Checkpoint: /fslarge/scratch/users/h61084/weights/chronos2
Terms: ['short']
Covariate mode: past_targets
============================================================

--- Term: short ---
  Config: prediction_length=30, test_length=365, val_length=90
TIME run allocation action=skip run=/fslarge/scratch/users/h61084/codes/improved/outputs/channels_comparison/tasks/covariate/chronos2/univariate/Port_Activity/D/short/run_0 source_launch=selena_channels_20260909T084557Z_38285 launch_id=selena_channels_20260909T084557Z_38285 slurm_job_id=3241618 launched_at=2026-09-09T11:25:56.478046+00:00
  Reused completed task: /fslarge/scratch/users/h61084/codes/improved/outputs/channels_comparison/tasks/covariate/chronos2/univariate/Port_Activity/D/short/run_0

============================================================
All experiments completed!
Results saved to: /scratch/users/h61084/codes/improved/outputs/channels_comparison/tasks/covariate
============================================================

############################################################
# Dataset 18/38: Port_Activity/W
############################################################
Loading configuration...

============================================================
Dataset: Port_Activity/W
Model: amazon/chronos-2
Checkpoint: /fslarge/scratch/users/h61084/weights/chronos2
Terms: ['short']
Covariate mode: past_targets
============================================================

--- Term: short ---
  Config: prediction_length=13, test_length=52, val_length=13
TIME run allocation action=skip run=/fslarge/scratch/users/h61084/codes/improved/outputs/channels_comparison/tasks/covariate/chronos2/univariate/Port_Activity/W/short/run_0 source_launch=selena_channels_20260909T084557Z_38285 launch_id=selena_channels_20260909T084557Z_38285 slurm_job_id=3241618 launched_at=2026-09-09T11:25:56.504559+00:00
  Reused completed task: /fslarge/scratch/users/h61084/codes/improved/outputs/channels_comparison/tasks/covariate/chronos2/univariate/Port_Activity/W/short/run_0

============================================================
All experiments completed!
Results saved to: /scratch/users/h61084/codes/improved/outputs/channels_comparison/tasks/covariate
============================================================

############################################################
# Dataset 19/38: Global_Influenza/W
############################################################
Loading configuration...

============================================================
Dataset: Global_Influenza/W
Model: amazon/chronos-2
Checkpoint: /fslarge/scratch/users/h61084/weights/chronos2
Terms: ['short']
Covariate mode: past_targets
============================================================

--- Term: short ---
  Config: prediction_length=13, test_length=52, val_length=13
TIME run allocation action=skip run=/fslarge/scratch/users/h61084/codes/improved/outputs/channels_comparison/tasks/covariate/chronos2/univariate/Global_Influenza/W/short/run_0 source_launch=selena_channels_20260909T084557Z_38285 launch_id=selena_channels_20260909T084557Z_38285 slurm_job_id=3241618 launched_at=2026-09-09T11:25:56.528823+00:00
  Reused completed task: /fslarge/scratch/users/h61084/codes/improved/outputs/channels_comparison/tasks/covariate/chronos2/univariate/Global_Influenza/W/short/run_0

============================================================
All experiments completed!
Results saved to: /scratch/users/h61084/codes/improved/outputs/channels_comparison/tasks/covariate
============================================================

############################################################
# Dataset 20/38: Crypto/D
############################################################
Loading configuration...

============================================================
Dataset: Crypto/D
Model: amazon/chronos-2
Checkpoint: /fslarge/scratch/users/h61084/weights/chronos2
Terms: ['short']
Covariate mode: past_targets
============================================================

--- Term: short ---
  Config: prediction_length=30, test_length=273, val_length=92
TIME run allocation action=skip run=/fslarge/scratch/users/h61084/codes/improved/outputs/channels_comparison/tasks/covariate/chronos2/univariate/Crypto/D/short/run_0 source_launch=selena_channels_20260909T084557Z_38285 launch_id=selena_channels_20260909T084557Z_38285 slurm_job_id=3241618 launched_at=2026-09-09T11:25:56.553330+00:00
  Reused completed task: /fslarge/scratch/users/h61084/codes/improved/outputs/channels_comparison/tasks/covariate/chronos2/univariate/Crypto/D/short/run_0

============================================================
All experiments completed!
Results saved to: /scratch/users/h61084/codes/improved/outputs/channels_comparison/tasks/covariate
============================================================

############################################################
# Dataset 21/38: US_Term_Structure/B
############################################################
Loading configuration...

============================================================
Dataset: US_Term_Structure/B
Model: amazon/chronos-2
Checkpoint: /fslarge/scratch/users/h61084/weights/chronos2
Terms: ['short']
Covariate mode: past_targets
============================================================

--- Term: short ---
  Config: prediction_length=20, test_length=717, val_length=100
TIME run allocation action=resume run=/fslarge/scratch/users/h61084/codes/improved/outputs/channels_comparison/tasks/covariate/chronos2/univariate/US_Term_Structure/B/short/run_0 launch_id=selena_channels_20260909T084557Z_38285 slurm_job_id=3241618 launched_at=2026-09-09T11:25:56.650504+00:00 resumed_from_launch=selena_channels_20260909T084557Z_38285 resumed_from_job=3241618
  Initializing Chronos pipeline (/fslarge/scratch/users/h61084/weights/chronos2)...
  Dataset info:
    - Frequency: B
    - Num series: 1
    - Target dim: 40
    - Target mode: univariate
    - Covariate channels: 39
    - Series length: min=9326, max=9326, avg=9326.0
    - Test split: 717 steps
    - Prediction length: 20
    - Windows: 35
    Processed 160/1400...
    Processed 320/1400...
    Processed 480/1400...
    Processed 640/1400...
    Processed 800/1400...
    Processed 960/1400...
    Processed 1120/1400...
    Processed 1280/1400...
    Total instances: 1400, Series during experiment: 40, Windows: 35
    Collecting ground truth and context...
    Detected to_univariate case: 40 flat series -> 1 series x 40 variates
    Organizing data into arrays...
    Saved predictions (quantiles) to /fslarge/scratch/users/h61084/codes/improved/outputs/channels_comparison/tasks/covariate/chronos2/univariate/US_Term_Structure/B/short/run_0/predictions.npz
    Computing per-window metrics...
    Saved metrics to /fslarge/scratch/users/h61084/codes/improved/outputs/channels_comparison/tasks/covariate/chronos2/univariate/US_Term_Structure/B/short/run_0/metrics.npz
    Saved config to /fslarge/scratch/users/h61084/codes/improved/outputs/channels_comparison/tasks/covariate/chronos2/univariate/US_Term_Structure/B/short/run_0/config.json
    Saved aggregate metrics to /fslarge/scratch/users/h61084/codes/improved/outputs/channels_comparison/tasks/covariate/chronos2/univariate/US_Term_Structure/B/short/run_0/metrics_summary.json
    Metrics summary (averaged over all series/windows/variates):
      MSE: 0.0229
      MAE: 0.1017
      RMSE: 0.1225
      MAPE: 0.9365
      sMAPE: 0.2676
      MASE: 1.4954
      ND: 0.2611
      CRPS: 0.2092
  Completed: 1 series × 35 windows
  Output: /fslarge/scratch/users/h61084/codes/improved/outputs/channels_comparison/tasks/covariate/chronos2/univariate/US_Term_Structure/B/short/run_0

============================================================
All experiments completed!
Results saved to: /scratch/users/h61084/codes/improved/outputs/channels_comparison/tasks/covariate
============================================================

############################################################
# Dataset 22/38: Oil_Price/B
############################################################
Loading configuration...

============================================================
Dataset: Oil_Price/B
Model: amazon/chronos-2
Checkpoint: /fslarge/scratch/users/h61084/weights/chronos2
Terms: ['short']
Covariate mode: past_targets
============================================================

--- Term: short ---
  Config: prediction_length=20, test_length=717, val_length=100
TIME run allocation action=new run=/fslarge/scratch/users/h61084/codes/improved/outputs/channels_comparison/tasks/covariate/chronos2/univariate/Oil_Price/B/short/run_0 launch_id=selena_channels_20260909T084557Z_38285 slurm_job_id=3241618 launched_at=2026-09-09T11:30:39.910174+00:00
  Initializing Chronos pipeline (/fslarge/scratch/users/h61084/weights/chronos2)...
  Dataset info:
    - Frequency: B
    - Num series: 1
    - Target dim: 12
    - Target mode: univariate
    - Covariate channels: 11
    - Series length: min=5035, max=5035, avg=5035.0
    - Test split: 717 steps
    - Prediction length: 20
    - Windows: 35
    Processed 160/420...
    Processed 320/420...
    Total instances: 420, Series during experiment: 12, Windows: 35
    Collecting ground truth and context...
    Detected to_univariate case: 12 flat series -> 1 series x 12 variates
    Organizing data into arrays...
    Saved predictions (quantiles) to /fslarge/scratch/users/h61084/codes/improved/outputs/channels_comparison/tasks/covariate/chronos2/univariate/Oil_Price/B/short/run_0/predictions.npz
    Computing per-window metrics...
    Saved metrics to /fslarge/scratch/users/h61084/codes/improved/outputs/channels_comparison/tasks/covariate/chronos2/univariate/Oil_Price/B/short/run_0/metrics.npz
    Saved config to /fslarge/scratch/users/h61084/codes/improved/outputs/channels_comparison/tasks/covariate/chronos2/univariate/Oil_Price/B/short/run_0/config.json
    Saved aggregate metrics to /fslarge/scratch/users/h61084/codes/improved/outputs/channels_comparison/tasks/covariate/chronos2/univariate/Oil_Price/B/short/run_0/metrics_summary.json
    Metrics summary (averaged over all series/windows/variates):
      MSE: 2.9883
      MAE: 0.6670
      RMSE: 0.7757
      MAPE: 0.0563
      sMAPE: 0.0556
      MASE: 1.3434
      ND: 0.0559
      CRPS: 0.0446
  Completed: 1 series × 35 windows
  Output: /fslarge/scratch/users/h61084/codes/improved/outputs/channels_comparison/tasks/covariate/chronos2/univariate/Oil_Price/B/short/run_0

============================================================
All experiments completed!
Results saved to: /scratch/users/h61084/codes/improved/outputs/channels_comparison/tasks/covariate
============================================================

############################################################
# Dataset 23/38: Job_Claims/W
############################################################
Loading configuration...

============================================================
Dataset: Job_Claims/W
Model: amazon/chronos-2
Checkpoint: /fslarge/scratch/users/h61084/weights/chronos2
Terms: ['short']
Covariate mode: past_targets
============================================================

--- Term: short ---
  Config: prediction_length=13, test_length=52, val_length=13
TIME run allocation action=new run=/fslarge/scratch/users/h61084/codes/improved/outputs/channels_comparison/tasks/covariate/chronos2/univariate/Job_Claims/W/short/run_0 launch_id=selena_channels_20260909T084557Z_38285 slurm_job_id=3241618 launched_at=2026-09-09T11:30:54.287767+00:00
  Initializing Chronos pipeline (/fslarge/scratch/users/h61084/weights/chronos2)...
  Dataset info:
    - Frequency: W
    - Num series: 1
    - Target dim: 2
    - Target mode: univariate
    - Covariate channels: 1
    - Series length: min=196, max=196, avg=196.0
    - Test split: 52 steps
    - Prediction length: 13
    - Windows: 4
    Total instances: 8, Series during experiment: 2, Windows: 4
    Collecting ground truth and context...
    Detected to_univariate case: 2 flat series -> 1 series x 2 variates
    Organizing data into arrays...
    ⚠️  Predictions max value (2030934.38) exceeds float16 safe range.
    ⚠️  Applying scale factor: 100 (values will be divided)
    Saved predictions (quantiles) to /fslarge/scratch/users/h61084/codes/improved/outputs/channels_comparison/tasks/covariate/chronos2/univariate/Job_Claims/W/short/run_0/predictions.npz
    Computing per-window metrics...
    Saved metrics to /fslarge/scratch/users/h61084/codes/improved/outputs/channels_comparison/tasks/covariate/chronos2/univariate/Job_Claims/W/short/run_0/metrics.npz
    Saved config to /fslarge/scratch/users/h61084/codes/improved/outputs/channels_comparison/tasks/covariate/chronos2/univariate/Job_Claims/W/short/run_0/config.json
    Saved aggregate metrics to /fslarge/scratch/users/h61084/codes/improved/outputs/channels_comparison/tasks/covariate/chronos2/univariate/Job_Claims/W/short/run_0/metrics_summary.json
    Metrics summary (averaged over all series/windows/variates):
      MSE: 801192775.6341
      MAE: 18632.7243
      RMSE: 22058.7652
      MAPE: 0.0235
      sMAPE: 0.0238
      MASE: 3.1438
      ND: 0.0238
      CRPS: 0.0184
  Completed: 1 series × 4 windows
  Output: /fslarge/scratch/users/h61084/codes/improved/outputs/channels_comparison/tasks/covariate/chronos2/univariate/Job_Claims/W/short/run_0

============================================================
All experiments completed!
Results saved to: /scratch/users/h61084/codes/improved/outputs/channels_comparison/tasks/covariate
============================================================

############################################################
# Dataset 24/38: Uncertainty_1M/M
############################################################
Loading configuration...

============================================================
Dataset: Uncertainty_1M/M
Model: amazon/chronos-2
Checkpoint: /fslarge/scratch/users/h61084/weights/chronos2
Terms: ['short']
Covariate mode: past_targets
============================================================

--- Term: short ---
  Config: prediction_length=6, test_length=42, val_length=18
TIME run allocation action=new run=/fslarge/scratch/users/h61084/codes/improved/outputs/channels_comparison/tasks/covariate/chronos2/univariate/Uncertainty_1M/M/short/run_0 launch_id=selena_channels_20260909T084557Z_38285 slurm_job_id=3241618 launched_at=2026-09-09T11:30:54.575142+00:00
  Initializing Chronos pipeline (/fslarge/scratch/users/h61084/weights/chronos2)...
  Dataset info:
    - Frequency: M
    - Num series: 1
    - Target dim: 3
    - Target mode: univariate
    - Covariate channels: 2
    - Series length: min=780, max=780, avg=780.0
    - Test split: 42 steps
    - Prediction length: 6
    - Windows: 7
    Total instances: 21, Series during experiment: 3, Windows: 7
    Collecting ground truth and context...
    Detected to_univariate case: 3 flat series -> 1 series x 3 variates
    Organizing data into arrays...
    Saved predictions (quantiles) to /fslarge/scratch/users/h61084/codes/improved/outputs/channels_comparison/tasks/covariate/chronos2/univariate/Uncertainty_1M/M/short/run_0/predictions.npz
    Computing per-window metrics...
    Saved metrics to /fslarge/scratch/users/h61084/codes/improved/outputs/channels_comparison/tasks/covariate/chronos2/univariate/Uncertainty_1M/M/short/run_0/metrics.npz
    Saved config to /fslarge/scratch/users/h61084/codes/improved/outputs/channels_comparison/tasks/covariate/chronos2/univariate/Uncertainty_1M/M/short/run_0/config.json
    Saved aggregate metrics to /fslarge/scratch/users/h61084/codes/improved/outputs/channels_comparison/tasks/covariate/chronos2/univariate/Uncertainty_1M/M/short/run_0/metrics_summary.json
    Metrics summary (averaged over all series/windows/variates):
      MSE: 0.0013
      MAE: 0.0277
      RMSE: 0.0309
      MAPE: 0.0345
      sMAPE: 0.0338
      MASE: 0.3483
      ND: 0.0342
      CRPS: 0.0270
  Completed: 1 series × 7 windows
  Output: /fslarge/scratch/users/h61084/codes/improved/outputs/channels_comparison/tasks/covariate/chronos2/univariate/Uncertainty_1M/M/short/run_0

============================================================
All experiments completed!
Results saved to: /scratch/users/h61084/codes/improved/outputs/channels_comparison/tasks/covariate
============================================================

############################################################
# Dataset 25/38: Housing_Inventory/M
############################################################
Loading configuration...

============================================================
Dataset: Housing_Inventory/M
Model: amazon/chronos-2
Checkpoint: /fslarge/scratch/users/h61084/weights/chronos2
Terms: ['short']
Covariate mode: past_targets
============================================================

--- Term: short ---
  Config: prediction_length=12, test_length=36, val_length=12
TIME run allocation action=new run=/fslarge/scratch/users/h61084/codes/improved/outputs/channels_comparison/tasks/covariate/chronos2/univariate/Housing_Inventory/M/short/run_0 launch_id=selena_channels_20260909T084557Z_38285 slurm_job_id=3241618 launched_at=2026-09-09T11:30:54.873437+00:00
  Initializing Chronos pipeline (/fslarge/scratch/users/h61084/weights/chronos2)...
  Dataset info:
    - Frequency: M
    - Num series: 1
    - Target dim: 4
    - Target mode: univariate
    - Covariate channels: 3
    - Series length: min=114, max=114, avg=114.0
    - Test split: 36 steps
    - Prediction length: 12
    - Windows: 3
    Total instances: 12, Series during experiment: 4, Windows: 3
    Collecting ground truth and context...
    Detected to_univariate case: 4 flat series -> 1 series x 4 variates
    Organizing data into arrays...
    ⚠️  Predictions max value (1090475.88) exceeds float16 safe range.
    ⚠️  Applying scale factor: 100 (values will be divided)
    Saved predictions (quantiles) to /fslarge/scratch/users/h61084/codes/improved/outputs/channels_comparison/tasks/covariate/chronos2/univariate/Housing_Inventory/M/short/run_0/predictions.npz
    Computing per-window metrics...
    Saved metrics to /fslarge/scratch/users/h61084/codes/improved/outputs/channels_comparison/tasks/covariate/chronos2/univariate/Housing_Inventory/M/short/run_0/metrics.npz
    Saved config to /fslarge/scratch/users/h61084/codes/improved/outputs/channels_comparison/tasks/covariate/chronos2/univariate/Housing_Inventory/M/short/run_0/config.json
    Saved aggregate metrics to /fslarge/scratch/users/h61084/codes/improved/outputs/channels_comparison/tasks/covariate/chronos2/univariate/Housing_Inventory/M/short/run_0/metrics_summary.json
    Metrics summary (averaged over all series/windows/variates):
      MSE: 5223250579.3420
      MAE: 33986.0273
      RMSE: 37384.3495
      MAPE: 0.0689
      sMAPE: 0.0693
      MASE: 0.5298
      ND: 0.0695
      CRPS: 0.0527
  Completed: 1 series × 3 windows
  Output: /fslarge/scratch/users/h61084/codes/improved/outputs/channels_comparison/tasks/covariate/chronos2/univariate/Housing_Inventory/M/short/run_0

============================================================
All experiments completed!
Results saved to: /scratch/users/h61084/codes/improved/outputs/channels_comparison/tasks/covariate
============================================================

############################################################
# Dataset 26/38: JOLTS/M
############################################################
Loading configuration...

============================================================
Dataset: JOLTS/M
Model: amazon/chronos-2
Checkpoint: /fslarge/scratch/users/h61084/weights/chronos2
Terms: ['short']
Covariate mode: past_targets
============================================================

--- Term: short ---
  Config: prediction_length=12, test_length=60, val_length=12
TIME run allocation action=new run=/fslarge/scratch/users/h61084/codes/improved/outputs/channels_comparison/tasks/covariate/chronos2/univariate/JOLTS/M/short/run_0 launch_id=selena_channels_20260909T084557Z_38285 slurm_job_id=3241618 launched_at=2026-09-09T11:30:55.145021+00:00
  Initializing Chronos pipeline (/fslarge/scratch/users/h61084/weights/chronos2)...
  Dataset info:
    - Frequency: M
    - Num series: 1
    - Target dim: 6
    - Target mode: univariate
    - Covariate channels: 5
    - Series length: min=297, max=297, avg=297.0
    - Test split: 60 steps
    - Prediction length: 12
    - Windows: 5
    Total instances: 30, Series during experiment: 6, Windows: 5
    Collecting ground truth and context...
    Detected to_univariate case: 6 flat series -> 1 series x 6 variates
    Organizing data into arrays...
    Saved predictions (quantiles) to /fslarge/scratch/users/h61084/codes/improved/outputs/channels_comparison/tasks/covariate/chronos2/univariate/JOLTS/M/short/run_0/predictions.npz
    Computing per-window metrics...
    Saved metrics to /fslarge/scratch/users/h61084/codes/improved/outputs/channels_comparison/tasks/covariate/chronos2/univariate/JOLTS/M/short/run_0/metrics.npz
    Saved config to /fslarge/scratch/users/h61084/codes/improved/outputs/channels_comparison/tasks/covariate/chronos2/univariate/JOLTS/M/short/run_0/config.json
    Saved aggregate metrics to /fslarge/scratch/users/h61084/codes/improved/outputs/channels_comparison/tasks/covariate/chronos2/univariate/JOLTS/M/short/run_0/metrics_summary.json
    Metrics summary (averaged over all series/windows/variates):
      MSE: 433577.1672
      MAE: 294.3197
      RMSE: 354.0507
      MAPE: 0.0707
      sMAPE: 0.0717
      MASE: 0.9042
      ND: 0.0708
      CRPS: 0.0576
  Completed: 1 series × 5 windows
  Output: /fslarge/scratch/users/h61084/codes/improved/outputs/channels_comparison/tasks/covariate/chronos2/univariate/JOLTS/M/short/run_0

============================================================
All experiments completed!
Results saved to: /scratch/users/h61084/codes/improved/outputs/channels_comparison/tasks/covariate
============================================================

############################################################
# Dataset 27/38: US_Labor/M
############################################################
Loading configuration...

============================================================
Dataset: US_Labor/M
Model: amazon/chronos-2
Checkpoint: /fslarge/scratch/users/h61084/weights/chronos2
Terms: ['short']
Covariate mode: past_targets
============================================================

--- Term: short ---
  Config: prediction_length=12, test_length=60, val_length=12
TIME run allocation action=new run=/fslarge/scratch/users/h61084/codes/improved/outputs/channels_comparison/tasks/covariate/chronos2/univariate/US_Labor/M/short/run_0 launch_id=selena_channels_20260909T084557Z_38285 slurm_job_id=3241618 launched_at=2026-09-09T11:30:55.449618+00:00
  Initializing Chronos pipeline (/fslarge/scratch/users/h61084/weights/chronos2)...
  Dataset info:
    - Frequency: M
    - Num series: 1
    - Target dim: 14
    - Target mode: univariate
    - Covariate channels: 13
    - Series length: min=380, max=380, avg=380.0
    - Test split: 60 steps
    - Prediction length: 12
    - Windows: 5
    Total instances: 70, Series during experiment: 14, Windows: 5
    Collecting ground truth and context...
    Detected to_univariate case: 14 flat series -> 1 series x 14 variates
    Organizing data into arrays...
    ⚠️  Predictions max value (171793.94) exceeds float16 safe range.
    ⚠️  Applying scale factor: 10 (values will be divided)
    Saved predictions (quantiles) to /fslarge/scratch/users/h61084/codes/improved/outputs/channels_comparison/tasks/covariate/chronos2/univariate/US_Labor/M/short/run_0/predictions.npz
    Computing per-window metrics...
    Saved metrics to /fslarge/scratch/users/h61084/codes/improved/outputs/channels_comparison/tasks/covariate/chronos2/univariate/US_Labor/M/short/run_0/metrics.npz
    Saved config to /fslarge/scratch/users/h61084/codes/improved/outputs/channels_comparison/tasks/covariate/chronos2/univariate/US_Labor/M/short/run_0/config.json
    Saved aggregate metrics to /fslarge/scratch/users/h61084/codes/improved/outputs/channels_comparison/tasks/covariate/chronos2/univariate/US_Labor/M/short/run_0/metrics_summary.json
    Metrics summary (averaged over all series/windows/variates):
      MSE: 829228.9004
      MAE: 417.3602
      RMSE: 460.8332
      MAPE: 0.0802
      sMAPE: 0.0699
      MASE: 1.0015
      ND: 0.0784
      CRPS: 0.0575
  Completed: 1 series × 5 windows
  Output: /fslarge/scratch/users/h61084/codes/improved/outputs/channels_comparison/tasks/covariate/chronos2/univariate/US_Labor/M/short/run_0

============================================================
All experiments completed!
Results saved to: /scratch/users/h61084/codes/improved/outputs/channels_comparison/tasks/covariate
============================================================

############################################################
# Dataset 28/38: Vehicle_Supply/M
############################################################
Loading configuration...

============================================================
Dataset: Vehicle_Supply/M
Model: amazon/chronos-2
Checkpoint: /fslarge/scratch/users/h61084/weights/chronos2
Terms: ['short']
Covariate mode: past_targets
============================================================

--- Term: short ---
  Config: prediction_length=12, test_length=60, val_length=12
TIME run allocation action=new run=/fslarge/scratch/users/h61084/codes/improved/outputs/channels_comparison/tasks/covariate/chronos2/univariate/Vehicle_Supply/M/short/run_0 launch_id=selena_channels_20260909T084557Z_38285 slurm_job_id=3241618 launched_at=2026-09-09T11:30:55.931722+00:00
  Initializing Chronos pipeline (/fslarge/scratch/users/h61084/weights/chronos2)...
  Dataset info:
    - Frequency: M
    - Num series: 1
    - Target dim: 6
    - Target mode: univariate
    - Covariate channels: 5
    - Series length: min=391, max=391, avg=391.0
    - Test split: 60 steps
    - Prediction length: 12
    - Windows: 5
    Total instances: 30, Series during experiment: 6, Windows: 5
    Collecting ground truth and context...
    Detected to_univariate case: 6 flat series -> 1 series x 6 variates
    Organizing data into arrays...
    Saved predictions (quantiles) to /fslarge/scratch/users/h61084/codes/improved/outputs/channels_comparison/tasks/covariate/chronos2/univariate/Vehicle_Supply/M/short/run_0/predictions.npz
    Computing per-window metrics...
    Saved metrics to /fslarge/scratch/users/h61084/codes/improved/outputs/channels_comparison/tasks/covariate/chronos2/univariate/Vehicle_Supply/M/short/run_0/metrics.npz
    Saved config to /fslarge/scratch/users/h61084/codes/improved/outputs/channels_comparison/tasks/covariate/chronos2/univariate/Vehicle_Supply/M/short/run_0/config.json
    Saved aggregate metrics to /fslarge/scratch/users/h61084/codes/improved/outputs/channels_comparison/tasks/covariate/chronos2/univariate/Vehicle_Supply/M/short/run_0/metrics_summary.json
    Metrics summary (averaged over all series/windows/variates):
      MSE: 2017.1980
      MAE: 18.4154
      RMSE: 22.5756
      MAPE: 0.2269
      sMAPE: 0.1917
      MASE: 0.7094
      ND: 0.2077
      CRPS: 0.1673
  Completed: 1 series × 5 windows
  Output: /fslarge/scratch/users/h61084/codes/improved/outputs/channels_comparison/tasks/covariate/chronos2/univariate/Vehicle_Supply/M/short/run_0

============================================================
All experiments completed!
Results saved to: /scratch/users/h61084/codes/improved/outputs/channels_comparison/tasks/covariate
============================================================

############################################################
# Dataset 29/38: WUI_Global/Q
############################################################
Loading configuration...

============================================================
Dataset: WUI_Global/Q
Model: amazon/chronos-2
Checkpoint: /fslarge/scratch/users/h61084/weights/chronos2
Terms: ['short']
Covariate mode: past_targets
============================================================

--- Term: short ---
  Config: prediction_length=4, test_length=20, val_length=20
TIME run allocation action=new run=/fslarge/scratch/users/h61084/codes/improved/outputs/channels_comparison/tasks/covariate/chronos2/univariate/WUI_Global/Q/short/run_0 launch_id=selena_channels_20260909T084557Z_38285 slurm_job_id=3241618 launched_at=2026-09-09T11:30:56.240334+00:00
  Initializing Chronos pipeline (/fslarge/scratch/users/h61084/weights/chronos2)...
  Dataset info:
    - Frequency: Q
    - Num series: 1
    - Target dim: 15
    - Target mode: univariate
    - Covariate channels: 14
    - Series length: min=294, max=294, avg=294.0
    - Test split: 20 steps
    - Prediction length: 4
    - Windows: 5
    Total instances: 75, Series during experiment: 15, Windows: 5
    Collecting ground truth and context...
    Detected to_univariate case: 15 flat series -> 1 series x 15 variates
    Organizing data into arrays...
    Saved predictions (quantiles) to /fslarge/scratch/users/h61084/codes/improved/outputs/channels_comparison/tasks/covariate/chronos2/univariate/WUI_Global/Q/short/run_0/predictions.npz
    Computing per-window metrics...
    Saved metrics to /fslarge/scratch/users/h61084/codes/improved/outputs/channels_comparison/tasks/covariate/chronos2/univariate/WUI_Global/Q/short/run_0/metrics.npz
    Saved config to /fslarge/scratch/users/h61084/codes/improved/outputs/channels_comparison/tasks/covariate/chronos2/univariate/WUI_Global/Q/short/run_0/config.json
    Saved aggregate metrics to /fslarge/scratch/users/h61084/codes/improved/outputs/channels_comparison/tasks/covariate/chronos2/univariate/WUI_Global/Q/short/run_0/metrics_summary.json
    Metrics summary (averaged over all series/windows/variates):
      MSE: 0.0447
      MAE: 0.1426
      RMSE: 0.1685
      MAPE: 0.5849
      sMAPE: 0.6087
      MASE: 0.9487
      ND: 0.6836
      CRPS: 0.5338
  Completed: 1 series × 5 windows
  Output: /fslarge/scratch/users/h61084/codes/improved/outputs/channels_comparison/tasks/covariate/chronos2/univariate/WUI_Global/Q/short/run_0

============================================================
All experiments completed!
Results saved to: /scratch/users/h61084/codes/improved/outputs/channels_comparison/tasks/covariate
============================================================

############################################################
# Dataset 30/38: Global_Price/Q
############################################################
Loading configuration...

============================================================
Dataset: Global_Price/Q
Model: amazon/chronos-2
Checkpoint: /fslarge/scratch/users/h61084/weights/chronos2
Terms: ['short']
Covariate mode: past_targets
============================================================

--- Term: short ---
  Config: prediction_length=4, test_length=20, val_length=8
TIME run allocation action=new run=/fslarge/scratch/users/h61084/codes/improved/outputs/channels_comparison/tasks/covariate/chronos2/univariate/Global_Price/Q/short/run_0 launch_id=selena_channels_20260909T084557Z_38285 slurm_job_id=3241618 launched_at=2026-09-09T11:30:56.728345+00:00
  Initializing Chronos pipeline (/fslarge/scratch/users/h61084/weights/chronos2)...
  Dataset info:
    - Frequency: Q
    - Num series: 1
    - Target dim: 60
    - Target mode: univariate
    - Covariate channels: 59
    - Series length: min=142, max=142, avg=142.0
    - Test split: 20 steps
    - Prediction length: 4
    - Windows: 5
    Processed 160/300...
    Total instances: 300, Series during experiment: 60, Windows: 5
    Collecting ground truth and context...
    Detected to_univariate case: 60 flat series -> 1 series x 60 variates
    Organizing data into arrays...
    Saved predictions (quantiles) to /fslarge/scratch/users/h61084/codes/improved/outputs/channels_comparison/tasks/covariate/chronos2/univariate/Global_Price/Q/short/run_0/predictions.npz
    Computing per-window metrics...
    Saved metrics to /fslarge/scratch/users/h61084/codes/improved/outputs/channels_comparison/tasks/covariate/chronos2/univariate/Global_Price/Q/short/run_0/metrics.npz
    Saved config to /fslarge/scratch/users/h61084/codes/improved/outputs/channels_comparison/tasks/covariate/chronos2/univariate/Global_Price/Q/short/run_0/config.json
    Saved aggregate metrics to /fslarge/scratch/users/h61084/codes/improved/outputs/channels_comparison/tasks/covariate/chronos2/univariate/Global_Price/Q/short/run_0/metrics_summary.json
    Metrics summary (averaged over all series/windows/variates):
      MSE: 1336712.9632
      MAE: 267.9339
      RMSE: 312.3746
      MAPE: 0.1636
      sMAPE: 0.1726
      MASE: 1.4272
      ND: 0.1651
      CRPS: 0.1332
  Completed: 1 series × 5 windows
  Output: /fslarge/scratch/users/h61084/codes/improved/outputs/channels_comparison/tasks/covariate/chronos2/univariate/Global_Price/Q/short/run_0

============================================================
All experiments completed!
Results saved to: /scratch/users/h61084/codes/improved/outputs/channels_comparison/tasks/covariate
============================================================

############################################################
# Dataset 31/38: Vehicle_Sales/M
############################################################
Loading configuration...

============================================================
Dataset: Vehicle_Sales/M
Model: amazon/chronos-2
Checkpoint: /fslarge/scratch/users/h61084/weights/chronos2
Terms: ['short']
Covariate mode: past_targets
============================================================

--- Term: short ---
  Config: prediction_length=12, test_length=60, val_length=12
TIME run allocation action=new run=/fslarge/scratch/users/h61084/codes/improved/outputs/channels_comparison/tasks/covariate/chronos2/univariate/Vehicle_Sales/M/short/run_0 launch_id=selena_channels_20260909T084557Z_38285 slurm_job_id=3241618 launched_at=2026-09-09T11:30:59.346113+00:00
  Initializing Chronos pipeline (/fslarge/scratch/users/h61084/weights/chronos2)...
  Dataset info:
    - Frequency: M
    - Num series: 1
    - Target dim: 10
    - Target mode: univariate
    - Covariate channels: 9
    - Series length: min=596, max=596, avg=596.0
    - Test split: 60 steps
    - Prediction length: 12
    - Windows: 5
    Total instances: 50, Series during experiment: 10, Windows: 5
    Collecting ground truth and context...
    Detected to_univariate case: 10 flat series -> 1 series x 10 variates
    Organizing data into arrays...
    Saved predictions (quantiles) to /fslarge/scratch/users/h61084/codes/improved/outputs/channels_comparison/tasks/covariate/chronos2/univariate/Vehicle_Sales/M/short/run_0/predictions.npz
    Computing per-window metrics...
    Saved metrics to /fslarge/scratch/users/h61084/codes/improved/outputs/channels_comparison/tasks/covariate/chronos2/univariate/Vehicle_Sales/M/short/run_0/metrics.npz
    Saved config to /fslarge/scratch/users/h61084/codes/improved/outputs/channels_comparison/tasks/covariate/chronos2/univariate/Vehicle_Sales/M/short/run_0/config.json
    Saved aggregate metrics to /fslarge/scratch/users/h61084/codes/improved/outputs/channels_comparison/tasks/covariate/chronos2/univariate/Vehicle_Sales/M/short/run_0/metrics_summary.json
    Metrics summary (averaged over all series/windows/variates):
      MSE: 1627.4230
      MAE: 10.8849
      RMSE: 12.4165
      MAPE: 0.0863
      sMAPE: 0.0860
      MASE: 0.8348
      ND: 0.0865
      CRPS: 0.0654
  Completed: 1 series × 5 windows
  Output: /fslarge/scratch/users/h61084/codes/improved/outputs/channels_comparison/tasks/covariate/chronos2/univariate/Vehicle_Sales/M/short/run_0

============================================================
All experiments completed!
Results saved to: /scratch/users/h61084/codes/improved/outputs/channels_comparison/tasks/covariate
============================================================

############################################################
# Dataset 32/38: Supply_Chain_Customer/D
############################################################
Loading configuration...

============================================================
Dataset: Supply_Chain_Customer/D
Model: amazon/chronos-2
Checkpoint: /fslarge/scratch/users/h61084/weights/chronos2
Terms: ['short']
Covariate mode: past_targets
============================================================

--- Term: short ---
  Config: prediction_length=30, test_length=365, val_length=90
TIME run allocation action=new run=/fslarge/scratch/users/h61084/codes/improved/outputs/channels_comparison/tasks/covariate/chronos2/univariate/Supply_Chain_Customer/D/short/run_0 launch_id=selena_channels_20260909T084557Z_38285 slurm_job_id=3241618 launched_at=2026-09-09T11:30:59.811432+00:00
  Initializing Chronos pipeline (/fslarge/scratch/users/h61084/weights/chronos2)...
  Dataset info:
    - Frequency: D
    - Num series: 1
    - Target dim: 36
    - Target mode: univariate
    - Covariate channels: 35
    - Series length: min=2007, max=2007, avg=2007.0
    - Test split: 365 steps
    - Prediction length: 30
    - Windows: 12
    Processed 160/432...
    Processed 320/432...
    Total instances: 432, Series during experiment: 36, Windows: 12
    Collecting ground truth and context...
    Detected to_univariate case: 36 flat series -> 1 series x 36 variates
    Organizing data into arrays...
    ⚠️  Predictions max value (254527.22) exceeds float16 safe range.
    ⚠️  Applying scale factor: 10 (values will be divided)
    Saved predictions (quantiles) to /fslarge/scratch/users/h61084/codes/improved/outputs/channels_comparison/tasks/covariate/chronos2/univariate/Supply_Chain_Customer/D/short/run_0/predictions.npz
    Computing per-window metrics...
    Saved metrics to /fslarge/scratch/users/h61084/codes/improved/outputs/channels_comparison/tasks/covariate/chronos2/univariate/Supply_Chain_Customer/D/short/run_0/metrics.npz
    Saved config to /fslarge/scratch/users/h61084/codes/improved/outputs/channels_comparison/tasks/covariate/chronos2/univariate/Supply_Chain_Customer/D/short/run_0/config.json
    Saved aggregate metrics to /fslarge/scratch/users/h61084/codes/improved/outputs/channels_comparison/tasks/covariate/chronos2/univariate/Supply_Chain_Customer/D/short/run_0/metrics_summary.json
    Metrics summary (averaged over all series/windows/variates):
      MSE: 28443627.6023
      MAE: 1536.4471
      RMSE: 2180.0842
      MAPE: 0.4113
      sMAPE: 0.3790
      MASE: 0.5533
      ND: 0.3332
      CRPS: 0.2587
  Completed: 1 series × 12 windows
  Output: /fslarge/scratch/users/h61084/codes/improved/outputs/channels_comparison/tasks/covariate/chronos2/univariate/Supply_Chain_Customer/D/short/run_0

============================================================
All experiments completed!
Results saved to: /scratch/users/h61084/codes/improved/outputs/channels_comparison/tasks/covariate
============================================================

############################################################
# Dataset 33/38: Supply_Chain_Location/D
############################################################
Loading configuration...

============================================================
Dataset: Supply_Chain_Location/D
Model: amazon/chronos-2
Checkpoint: /fslarge/scratch/users/h61084/weights/chronos2
Terms: ['short']
Covariate mode: past_targets
============================================================

--- Term: short ---
  Config: prediction_length=30, test_length=365, val_length=90
TIME run allocation action=new run=/fslarge/scratch/users/h61084/codes/improved/outputs/channels_comparison/tasks/covariate/chronos2/univariate/Supply_Chain_Location/D/short/run_0 launch_id=selena_channels_20260909T084557Z_38285 slurm_job_id=3241618 launched_at=2026-09-09T11:31:18.171774+00:00
  Initializing Chronos pipeline (/fslarge/scratch/users/h61084/weights/chronos2)...
  Dataset info:
    - Frequency: D
    - Num series: 1
    - Target dim: 51
    - Target mode: univariate
    - Covariate channels: 50
    - Series length: min=2007, max=2007, avg=2007.0
    - Test split: 365 steps
    - Prediction length: 30
    - Windows: 12
    Processed 160/612...
    Processed 320/612...
    Processed 480/612...
    Total instances: 612, Series during experiment: 51, Windows: 12
    Collecting ground truth and context...
    Detected to_univariate case: 51 flat series -> 1 series x 51 variates
    Organizing data into arrays...
    ⚠️  Predictions max value (115510.70) exceeds float16 safe range.
    ⚠️  Applying scale factor: 10 (values will be divided)
    Saved predictions (quantiles) to /fslarge/scratch/users/h61084/codes/improved/outputs/channels_comparison/tasks/covariate/chronos2/univariate/Supply_Chain_Location/D/short/run_0/predictions.npz
    Computing per-window metrics...
    Saved metrics to /fslarge/scratch/users/h61084/codes/improved/outputs/channels_comparison/tasks/covariate/chronos2/univariate/Supply_Chain_Location/D/short/run_0/metrics.npz
    Saved config to /fslarge/scratch/users/h61084/codes/improved/outputs/channels_comparison/tasks/covariate/chronos2/univariate/Supply_Chain_Location/D/short/run_0/config.json
    Saved aggregate metrics to /fslarge/scratch/users/h61084/codes/improved/outputs/channels_comparison/tasks/covariate/chronos2/univariate/Supply_Chain_Location/D/short/run_0/metrics_summary.json
    Metrics summary (averaged over all series/windows/variates):
      MSE: 18425020.5327
      MAE: 1703.5771
      RMSE: 2240.5644
      MAPE: 0.4979
      sMAPE: 0.3898
      MASE: 0.6049
      ND: 0.3571
      CRPS: 0.2713
  Completed: 1 series × 12 windows
  Output: /fslarge/scratch/users/h61084/codes/improved/outputs/channels_comparison/tasks/covariate/chronos2/univariate/Supply_Chain_Location/D/short/run_0

============================================================
All experiments completed!
Results saved to: /scratch/users/h61084/codes/improved/outputs/channels_comparison/tasks/covariate
============================================================

############################################################
# Dataset 34/38: azure2019_D/5T
############################################################
Loading configuration...

============================================================
Dataset: azure2019_D/5T
Model: amazon/chronos-2
Checkpoint: /fslarge/scratch/users/h61084/weights/chronos2
Terms: ['short']
Covariate mode: past_targets
============================================================

--- Term: short ---
  Config: prediction_length=288, test_length=864, val_length=864
TIME run allocation action=new run=/fslarge/scratch/users/h61084/codes/improved/outputs/channels_comparison/tasks/covariate/chronos2/univariate/azure2019_D/5T/short/run_0 launch_id=selena_channels_20260909T084557Z_38285 slurm_job_id=3241618 launched_at=2026-09-09T11:31:54.323515+00:00
  Initializing Chronos pipeline (/fslarge/scratch/users/h61084/weights/chronos2)...
  Dataset info:
    - Frequency: 5T
    - Num series: 989
    - Target dim: 3
    - Target mode: univariate
    - Covariate channels: 2
    - Series length: min=8073, max=8639, avg=8627.0
    - Test split: 864 steps
    - Prediction length: 288
    - Windows: 3
    Processed 160/8901...
    Processed 320/8901...
    Processed 480/8901...
    Processed 640/8901...
    Processed 800/8901...
    Processed 960/8901...
    Processed 1120/8901...
    Processed 1280/8901...
    Processed 1440/8901...
    Processed 1600/8901...
    Processed 1760/8901...
    Processed 1920/8901...
    Processed 2080/8901...
    Processed 2240/8901...
    Processed 2400/8901...
    Processed 2560/8901...
    Processed 2720/8901...
    Processed 2880/8901...
    Processed 3040/8901...
    Processed 3200/8901...
    Processed 3360/8901...
    Processed 3520/8901...
    Processed 3680/8901...
    Processed 3840/8901...
    Processed 4000/8901...
    Processed 4160/8901...
    Processed 4320/8901...
    Processed 4480/8901...
    Processed 4640/8901...
    Processed 4800/8901...
    Processed 4960/8901...
    Processed 5120/8901...
    Processed 5280/8901...
    Processed 5440/8901...
    Processed 5600/8901...
    Processed 5760/8901...
    Processed 5920/8901...
    Processed 6080/8901...
    Processed 6240/8901...
    Processed 6400/8901...
    Processed 6560/8901...
    Processed 6720/8901...
    Processed 6880/8901...
    Processed 7040/8901...
    Processed 7200/8901...
    Processed 7360/8901...
    Processed 7520/8901...
    Processed 7680/8901...
    Processed 7840/8901...
    Processed 8000/8901...
    Processed 8160/8901...
    Processed 8320/8901...
    Processed 8480/8901...
    Processed 8640/8901...
    Processed 8800/8901...
    Total instances: 8901, Series during experiment: 2967, Windows: 3
    Collecting ground truth and context...
    Detected to_univariate case: 2967 flat series -> 989 series x 3 variates
    Organizing data into arrays...
    Saved predictions (quantiles) to /fslarge/scratch/users/h61084/codes/improved/outputs/channels_comparison/tasks/covariate/chronos2/univariate/azure2019_D/5T/short/run_0/predictions.npz
    Computing per-window metrics...
    Saved metrics to /fslarge/scratch/users/h61084/codes/improved/outputs/channels_comparison/tasks/covariate/chronos2/univariate/azure2019_D/5T/short/run_0/metrics.npz
    Saved config to /fslarge/scratch/users/h61084/codes/improved/outputs/channels_comparison/tasks/covariate/chronos2/univariate/azure2019_D/5T/short/run_0/config.json
    Saved aggregate metrics to /fslarge/scratch/users/h61084/codes/improved/outputs/channels_comparison/tasks/covariate/chronos2/univariate/azure2019_D/5T/short/run_0/metrics_summary.json
    Metrics summary (averaged over all series/windows/variates):
      MSE: 56.4290
      MAE: 2.5884
      RMSE: 3.6680
      MAPE: 0.1968
      sMAPE: 0.1680
      MASE: 0.7178
      ND: 0.1706
      CRPS: 0.1386
  Completed: 989 series × 3 windows
  Output: /fslarge/scratch/users/h61084/codes/improved/outputs/channels_comparison/tasks/covariate/chronos2/univariate/azure2019_D/5T/short/run_0

============================================================
All experiments completed!
Results saved to: /scratch/users/h61084/codes/improved/outputs/channels_comparison/tasks/covariate
============================================================

############################################################
# Dataset 35/38: azure2019_I/5T
############################################################
Loading configuration...

============================================================
Dataset: azure2019_I/5T
Model: amazon/chronos-2
Checkpoint: /fslarge/scratch/users/h61084/weights/chronos2
Terms: ['short']
Covariate mode: past_targets
============================================================

--- Term: short ---
  Config: prediction_length=288, test_length=864, val_length=864
TIME run allocation action=new run=/fslarge/scratch/users/h61084/codes/improved/outputs/channels_comparison/tasks/covariate/chronos2/univariate/azure2019_I/5T/short/run_0 launch_id=selena_channels_20260909T084557Z_38285 slurm_job_id=3241618 launched_at=2026-09-09T11:34:09.650354+00:00
  Initializing Chronos pipeline (/fslarge/scratch/users/h61084/weights/chronos2)...
  Dataset info:
    - Frequency: 5T
    - Num series: 492
    - Target dim: 3
    - Target mode: univariate
    - Covariate channels: 2
    - Series length: min=8250, max=8639, avg=8630.4
    - Test split: 864 steps
    - Prediction length: 288
    - Windows: 3
    Processed 160/4428...
    Processed 320/4428...
    Processed 480/4428...
    Processed 640/4428...
    Processed 800/4428...
    Processed 960/4428...
    Processed 1120/4428...
    Processed 1280/4428...
    Processed 1440/4428...
    Processed 1600/4428...
    Processed 1760/4428...
    Processed 1920/4428...
    Processed 2080/4428...
    Processed 2240/4428...
    Processed 2400/4428...
    Processed 2560/4428...
    Processed 2720/4428...
    Processed 2880/4428...
    Processed 3040/4428...
    Processed 3200/4428...
    Processed 3360/4428...
    Processed 3520/4428...
    Processed 3680/4428...
    Processed 3840/4428...
    Processed 4000/4428...
    Processed 4160/4428...
    Processed 4320/4428...
    Total instances: 4428, Series during experiment: 1476, Windows: 3
    Collecting ground truth and context...
    Detected to_univariate case: 1476 flat series -> 492 series x 3 variates
    Organizing data into arrays...
    Saved predictions (quantiles) to /fslarge/scratch/users/h61084/codes/improved/outputs/channels_comparison/tasks/covariate/chronos2/univariate/azure2019_I/5T/short/run_0/predictions.npz
    Computing per-window metrics...
    Saved metrics to /fslarge/scratch/users/h61084/codes/improved/outputs/channels_comparison/tasks/covariate/chronos2/univariate/azure2019_I/5T/short/run_0/metrics.npz
    Saved config to /fslarge/scratch/users/h61084/codes/improved/outputs/channels_comparison/tasks/covariate/chronos2/univariate/azure2019_I/5T/short/run_0/config.json
    Saved aggregate metrics to /fslarge/scratch/users/h61084/codes/improved/outputs/channels_comparison/tasks/covariate/chronos2/univariate/azure2019_I/5T/short/run_0/metrics_summary.json
    Metrics summary (averaged over all series/windows/variates):
      MSE: 45.0569
      MAE: 2.1410
      RMSE: 3.2015
      MAPE: 0.1796
      sMAPE: 0.1459
      MASE: 0.6743
      ND: 0.1522
      CRPS: 0.1225
  Completed: 492 series × 3 windows
  Output: /fslarge/scratch/users/h61084/codes/improved/outputs/channels_comparison/tasks/covariate/chronos2/univariate/azure2019_I/5T/short/run_0

============================================================
All experiments completed!
Results saved to: /scratch/users/h61084/codes/improved/outputs/channels_comparison/tasks/covariate
============================================================

############################################################
# Dataset 36/38: azure2019_U/5T
############################################################
Loading configuration...

============================================================
Dataset: azure2019_U/5T
Model: amazon/chronos-2
Checkpoint: /fslarge/scratch/users/h61084/weights/chronos2
Terms: ['short']
Covariate mode: past_targets
============================================================

--- Term: short ---
  Config: prediction_length=48, test_length=288, val_length=96
TIME run allocation action=new run=/fslarge/scratch/users/h61084/codes/improved/outputs/channels_comparison/tasks/covariate/chronos2/univariate/azure2019_U/5T/short/run_0 launch_id=selena_channels_20260909T084557Z_38285 slurm_job_id=3241618 launched_at=2026-09-09T11:35:17.023925+00:00
  Initializing Chronos pipeline (/fslarge/scratch/users/h61084/weights/chronos2)...
  Dataset info:
    - Frequency: 5T
    - Num series: 78
    - Target dim: 3
    - Target mode: univariate
    - Covariate channels: 2
    - Series length: min=882, max=2006, avg=1406.1
    - Test split: 288 steps
    - Prediction length: 48
    - Windows: 6
    Processed 160/1404...
    Processed 320/1404...
    Processed 480/1404...
    Processed 640/1404...
    Processed 800/1404...
    Processed 960/1404...
    Processed 1120/1404...
    Processed 1280/1404...
    Total instances: 1404, Series during experiment: 234, Windows: 6
    Collecting ground truth and context...
    Detected to_univariate case: 234 flat series -> 78 series x 3 variates
    Organizing data into arrays...
    Saved predictions (quantiles) to /fslarge/scratch/users/h61084/codes/improved/outputs/channels_comparison/tasks/covariate/chronos2/univariate/azure2019_U/5T/short/run_0/predictions.npz
    Computing per-window metrics...
    Saved metrics to /fslarge/scratch/users/h61084/codes/improved/outputs/channels_comparison/tasks/covariate/chronos2/univariate/azure2019_U/5T/short/run_0/metrics.npz
    Saved config to /fslarge/scratch/users/h61084/codes/improved/outputs/channels_comparison/tasks/covariate/chronos2/univariate/azure2019_U/5T/short/run_0/config.json
    Saved aggregate metrics to /fslarge/scratch/users/h61084/codes/improved/outputs/channels_comparison/tasks/covariate/chronos2/univariate/azure2019_U/5T/short/run_0/metrics_summary.json
    Metrics summary (averaged over all series/windows/variates):
      MSE: 67.8880
      MAE: 2.3908
      RMSE: 3.3155
      MAPE: 0.3747
      sMAPE: 0.1649
      MASE: 0.6608
      ND: 0.1779
      CRPS: 0.1467
  Completed: 78 series × 6 windows
  Output: /fslarge/scratch/users/h61084/codes/improved/outputs/channels_comparison/tasks/covariate/chronos2/univariate/azure2019_U/5T/short/run_0

============================================================
All experiments completed!
Results saved to: /scratch/users/h61084/codes/improved/outputs/channels_comparison/tasks/covariate
============================================================

############################################################
# Dataset 37/38: Smart_Manufacturing/H
############################################################
Loading configuration...

============================================================
Dataset: Smart_Manufacturing/H
Model: amazon/chronos-2
Checkpoint: /fslarge/scratch/users/h61084/weights/chronos2
Terms: ['short', 'medium', 'long']
Covariate mode: past_targets
============================================================

--- Term: short ---
  Config: prediction_length=24, test_length=336, val_length=336
TIME run allocation action=new run=/fslarge/scratch/users/h61084/codes/improved/outputs/channels_comparison/tasks/covariate/chronos2/univariate/Smart_Manufacturing/H/short/run_0 launch_id=selena_channels_20260909T084557Z_38285 slurm_job_id=3241618 launched_at=2026-09-09T11:35:21.230343+00:00
  Initializing Chronos pipeline (/fslarge/scratch/users/h61084/weights/chronos2)...
  Dataset info:
    - Frequency: H
    - Num series: 34
    - Target dim: 5
    - Target mode: univariate
    - Covariate channels: 4
    - Series length: min=1661, max=1667, avg=1665.9
    - Test split: 336 steps
    - Prediction length: 24
    - Windows: 14
    Processed 160/2380...
    Processed 320/2380...
    Processed 480/2380...
    Processed 640/2380...
    Processed 800/2380...
    Processed 960/2380...
    Processed 1120/2380...
    Processed 1280/2380...
    Processed 1440/2380...
    Processed 1600/2380...
    Processed 1760/2380...
    Processed 1920/2380...
    Processed 2080/2380...
    Processed 2240/2380...
    Total instances: 2380, Series during experiment: 170, Windows: 14
    Collecting ground truth and context...
    Detected to_univariate case: 170 flat series -> 34 series x 5 variates
    Organizing data into arrays...
    Saved predictions (quantiles) to /fslarge/scratch/users/h61084/codes/improved/outputs/channels_comparison/tasks/covariate/chronos2/univariate/Smart_Manufacturing/H/short/run_0/predictions.npz
    Computing per-window metrics...
    Saved metrics to /fslarge/scratch/users/h61084/codes/improved/outputs/channels_comparison/tasks/covariate/chronos2/univariate/Smart_Manufacturing/H/short/run_0/metrics.npz
    Saved config to /fslarge/scratch/users/h61084/codes/improved/outputs/channels_comparison/tasks/covariate/chronos2/univariate/Smart_Manufacturing/H/short/run_0/config.json
    Saved aggregate metrics to /fslarge/scratch/users/h61084/codes/improved/outputs/channels_comparison/tasks/covariate/chronos2/univariate/Smart_Manufacturing/H/short/run_0/metrics_summary.json
    Metrics summary (averaged over all series/windows/variates):
      MSE: 78.2795
      MAE: 5.7144
      RMSE: 7.0607
      MAPE: 0.3315
      sMAPE: 0.2252
      MASE: 0.7115
      ND: 0.2164
      CRPS: 0.1665
  Completed: 34 series × 14 windows
  Output: /fslarge/scratch/users/h61084/codes/improved/outputs/channels_comparison/tasks/covariate/chronos2/univariate/Smart_Manufacturing/H/short/run_0

--- Term: medium ---
  Config: prediction_length=168, test_length=336, val_length=336
TIME run allocation action=new run=/fslarge/scratch/users/h61084/codes/improved/outputs/channels_comparison/tasks/covariate/chronos2/univariate/Smart_Manufacturing/H/medium/run_0 launch_id=selena_channels_20260909T084557Z_38285 slurm_job_id=3241618 launched_at=2026-09-09T11:35:33.451958+00:00
  Initializing Chronos pipeline (/fslarge/scratch/users/h61084/weights/chronos2)...
  Dataset info:
    - Frequency: H
    - Num series: 34
    - Target dim: 5
    - Target mode: univariate
    - Covariate channels: 4
    - Series length: min=1661, max=1667, avg=1665.9
    - Test split: 336 steps
    - Prediction length: 168
    - Windows: 2
    Processed 160/340...
    Processed 320/340...
    Total instances: 340, Series during experiment: 170, Windows: 2
    Collecting ground truth and context...
    Detected to_univariate case: 170 flat series -> 34 series x 5 variates
    Organizing data into arrays...
    Saved predictions (quantiles) to /fslarge/scratch/users/h61084/codes/improved/outputs/channels_comparison/tasks/covariate/chronos2/univariate/Smart_Manufacturing/H/medium/run_0/predictions.npz
    Computing per-window metrics...
    Saved metrics to /fslarge/scratch/users/h61084/codes/improved/outputs/channels_comparison/tasks/covariate/chronos2/univariate/Smart_Manufacturing/H/medium/run_0/metrics.npz
    Saved config to /fslarge/scratch/users/h61084/codes/improved/outputs/channels_comparison/tasks/covariate/chronos2/univariate/Smart_Manufacturing/H/medium/run_0/config.json
    Saved aggregate metrics to /fslarge/scratch/users/h61084/codes/improved/outputs/channels_comparison/tasks/covariate/chronos2/univariate/Smart_Manufacturing/H/medium/run_0/metrics_summary.json
    Metrics summary (averaged over all series/windows/variates):
      MSE: 78.3652
      MAE: 5.7186
      RMSE: 7.1471
      MAPE: 0.3369
      sMAPE: 0.2253
      MASE: 0.7113
      ND: 0.2152
      CRPS: 0.1656
  Completed: 34 series × 2 windows
  Output: /fslarge/scratch/users/h61084/codes/improved/outputs/channels_comparison/tasks/covariate/chronos2/univariate/Smart_Manufacturing/H/medium/run_0

--- Term: long ---
  Config: prediction_length=336, test_length=336, val_length=336
TIME run allocation action=new run=/fslarge/scratch/users/h61084/codes/improved/outputs/channels_comparison/tasks/covariate/chronos2/univariate/Smart_Manufacturing/H/long/run_0 launch_id=selena_channels_20260909T084557Z_38285 slurm_job_id=3241618 launched_at=2026-09-09T11:35:35.455202+00:00
  Initializing Chronos pipeline (/fslarge/scratch/users/h61084/weights/chronos2)...
  Dataset info:
    - Frequency: H
    - Num series: 34
    - Target dim: 5
    - Target mode: univariate
    - Covariate channels: 4
    - Series length: min=1661, max=1667, avg=1665.9
    - Test split: 336 steps
    - Prediction length: 336
    - Windows: 1
    Processed 160/170...
    Total instances: 170, Series during experiment: 170, Windows: 1
    Collecting ground truth and context...
    Detected to_univariate case: 170 flat series -> 34 series x 5 variates
    Organizing data into arrays...
    Saved predictions (quantiles) to /fslarge/scratch/users/h61084/codes/improved/outputs/channels_comparison/tasks/covariate/chronos2/univariate/Smart_Manufacturing/H/long/run_0/predictions.npz
    Computing per-window metrics...
    Saved metrics to /fslarge/scratch/users/h61084/codes/improved/outputs/channels_comparison/tasks/covariate/chronos2/univariate/Smart_Manufacturing/H/long/run_0/metrics.npz
    Saved config to /fslarge/scratch/users/h61084/codes/improved/outputs/channels_comparison/tasks/covariate/chronos2/univariate/Smart_Manufacturing/H/long/run_0/config.json
    Saved aggregate metrics to /fslarge/scratch/users/h61084/codes/improved/outputs/channels_comparison/tasks/covariate/chronos2/univariate/Smart_Manufacturing/H/long/run_0/metrics_summary.json
    Metrics summary (averaged over all series/windows/variates):
      MSE: 78.4038
      MAE: 5.7197
      RMSE: 7.1579
      MAPE: 0.3397
      sMAPE: 0.2253
      MASE: 0.7110
      ND: 0.2152
      CRPS: 0.1656
  Completed: 34 series × 1 windows
  Output: /fslarge/scratch/users/h61084/codes/improved/outputs/channels_comparison/tasks/covariate/chronos2/univariate/Smart_Manufacturing/H/long/run_0

============================================================
All experiments completed!
Results saved to: /scratch/users/h61084/codes/improved/outputs/channels_comparison/tasks/covariate
============================================================

############################################################
# Dataset 38/38: MetroPT-3/5T
############################################################
Loading configuration...

============================================================
Dataset: MetroPT-3/5T
Model: amazon/chronos-2
Checkpoint: /fslarge/scratch/users/h61084/weights/chronos2
Terms: ['short', 'medium', 'long']
Covariate mode: past_targets
============================================================

--- Term: short ---
  Config: prediction_length=48, test_length=1728, val_length=1728
TIME run allocation action=new run=/fslarge/scratch/users/h61084/codes/improved/outputs/channels_comparison/tasks/covariate/chronos2/univariate/MetroPT-3/5T/short/run_0 launch_id=selena_channels_20260909T084557Z_38285 slurm_job_id=3241618 launched_at=2026-09-09T11:35:36.641756+00:00
  Initializing Chronos pipeline (/fslarge/scratch/users/h61084/weights/chronos2)...
  Dataset info:
    - Frequency: 5T
    - Num series: 1
    - Target dim: 6
    - Target mode: univariate
    - Covariate channels: 5
    - Series length: min=17809, max=17809, avg=17809.0
    - Test split: 1728 steps
    - Prediction length: 48
    - Windows: 36
    Processed 160/216...
    Total instances: 216, Series during experiment: 6, Windows: 36
    Collecting ground truth and context...
    Detected to_univariate case: 6 flat series -> 1 series x 6 variates
    Organizing data into arrays...
    Saved predictions (quantiles) to /fslarge/scratch/users/h61084/codes/improved/outputs/channels_comparison/tasks/covariate/chronos2/univariate/MetroPT-3/5T/short/run_0/predictions.npz
    Computing per-window metrics...
    Saved metrics to /fslarge/scratch/users/h61084/codes/improved/outputs/channels_comparison/tasks/covariate/chronos2/univariate/MetroPT-3/5T/short/run_0/metrics.npz
    Saved config to /fslarge/scratch/users/h61084/codes/improved/outputs/channels_comparison/tasks/covariate/chronos2/univariate/MetroPT-3/5T/short/run_0/config.json
    Saved aggregate metrics to /fslarge/scratch/users/h61084/codes/improved/outputs/channels_comparison/tasks/covariate/chronos2/univariate/MetroPT-3/5T/short/run_0/metrics_summary.json
    Metrics summary (averaged over all series/windows/variates):
      MSE: 3.2493
      MAE: 1.0998
      RMSE: 1.4579
      MAPE: 3.5560
      sMAPE: 0.4695
      MASE: 0.6120
      ND: 0.3133
      CRPS: 0.2368
  Completed: 1 series × 36 windows
  Output: /fslarge/scratch/users/h61084/codes/improved/outputs/channels_comparison/tasks/covariate/chronos2/univariate/MetroPT-3/5T/short/run_0

--- Term: medium ---
  Config: prediction_length=288, test_length=1728, val_length=1728
TIME run allocation action=new run=/fslarge/scratch/users/h61084/codes/improved/outputs/channels_comparison/tasks/covariate/chronos2/univariate/MetroPT-3/5T/medium/run_0 launch_id=selena_channels_20260909T084557Z_38285 slurm_job_id=3241618 launched_at=2026-09-09T11:35:42.984760+00:00
  Initializing Chronos pipeline (/fslarge/scratch/users/h61084/weights/chronos2)...
  Dataset info:
    - Frequency: 5T
    - Num series: 1
    - Target dim: 6
    - Target mode: univariate
    - Covariate channels: 5
    - Series length: min=17809, max=17809, avg=17809.0
    - Test split: 1728 steps
    - Prediction length: 288
    - Windows: 6
    Total instances: 36, Series during experiment: 6, Windows: 6
    Collecting ground truth and context...
    Detected to_univariate case: 6 flat series -> 1 series x 6 variates
    Organizing data into arrays...
    Saved predictions (quantiles) to /fslarge/scratch/users/h61084/codes/improved/outputs/channels_comparison/tasks/covariate/chronos2/univariate/MetroPT-3/5T/medium/run_0/predictions.npz
    Computing per-window metrics...
    Saved metrics to /fslarge/scratch/users/h61084/codes/improved/outputs/channels_comparison/tasks/covariate/chronos2/univariate/MetroPT-3/5T/medium/run_0/metrics.npz
    Saved config to /fslarge/scratch/users/h61084/codes/improved/outputs/channels_comparison/tasks/covariate/chronos2/univariate/MetroPT-3/5T/medium/run_0/config.json
    Saved aggregate metrics to /fslarge/scratch/users/h61084/codes/improved/outputs/channels_comparison/tasks/covariate/chronos2/univariate/MetroPT-3/5T/medium/run_0/metrics_summary.json
    Metrics summary (averaged over all series/windows/variates):
      MSE: 3.3712
      MAE: 1.1480
      RMSE: 1.5258
      MAPE: 3.1341
      sMAPE: 0.5100
      MASE: 0.6510
      ND: 0.3293
      CRPS: 0.2467
  Completed: 1 series × 6 windows
  Output: /fslarge/scratch/users/h61084/codes/improved/outputs/channels_comparison/tasks/covariate/chronos2/univariate/MetroPT-3/5T/medium/run_0

--- Term: long ---
  Config: prediction_length=576, test_length=1728, val_length=1728
TIME run allocation action=new run=/fslarge/scratch/users/h61084/codes/improved/outputs/channels_comparison/tasks/covariate/chronos2/univariate/MetroPT-3/5T/long/run_0 launch_id=selena_channels_20260909T084557Z_38285 slurm_job_id=3241618 launched_at=2026-09-09T11:35:44.302822+00:00
  Initializing Chronos pipeline (/fslarge/scratch/users/h61084/weights/chronos2)...
  Dataset info:
    - Frequency: 5T
    - Num series: 1
    - Target dim: 6
    - Target mode: univariate
    - Covariate channels: 5
    - Series length: min=17809, max=17809, avg=17809.0
    - Test split: 1728 steps
    - Prediction length: 576
    - Windows: 3
    Total instances: 18, Series during experiment: 6, Windows: 3
    Collecting ground truth and context...
    Detected to_univariate case: 6 flat series -> 1 series x 6 variates
    Organizing data into arrays...
    Saved predictions (quantiles) to /fslarge/scratch/users/h61084/codes/improved/outputs/channels_comparison/tasks/covariate/chronos2/univariate/MetroPT-3/5T/long/run_0/predictions.npz
    Computing per-window metrics...
    Saved metrics to /fslarge/scratch/users/h61084/codes/improved/outputs/channels_comparison/tasks/covariate/chronos2/univariate/MetroPT-3/5T/long/run_0/metrics.npz
    Saved config to /fslarge/scratch/users/h61084/codes/improved/outputs/channels_comparison/tasks/covariate/chronos2/univariate/MetroPT-3/5T/long/run_0/config.json
    Saved aggregate metrics to /fslarge/scratch/users/h61084/codes/improved/outputs/channels_comparison/tasks/covariate/chronos2/univariate/MetroPT-3/5T/long/run_0/metrics_summary.json
    Metrics summary (averaged over all series/windows/variates):
      MSE: 3.4375
      MAE: 1.1598
      RMSE: 1.5399
      MAPE: 3.1675
      sMAPE: 0.5179
      MASE: 0.6686
      ND: 0.3326
      CRPS: 0.2493
  Completed: 1 series × 3 windows
  Output: /fslarge/scratch/users/h61084/codes/improved/outputs/channels_comparison/tasks/covariate/chronos2/univariate/MetroPT-3/5T/long/run_0

============================================================
All experiments completed!
Results saved to: /scratch/users/h61084/codes/improved/outputs/channels_comparison/tasks/covariate
============================================================

############################################################
# All 38 dataset(s) completed!
############################################################
2026-09-09 13:35:46 | task chronos2 comparison=covariate covariate_mode=past_targets target_mode=univariate completed status=success
2026-09-09 13:35:46 | stage evaluate completed status=success
2026-09-09 13:35:46 | stage summarize started
Foundation-model summary written to /scratch/users/h61084/codes/improved/outputs/channels_comparison/summary/selena_channels_20260909T084557Z_38285/covariate/foundation_model_summary.csv and /scratch/users/h61084/codes/improved/outputs/channels_comparison/summary/selena_channels_20260909T084557Z_38285/covariate/foundation_model_summary.md

chronos2/univariate          state=completed  scaled_MASE=0.690045  inference=1892.279s  coverage=74/74 timed tasks
2026-09-09 13:35:50 | stage summarize completed status=success
2026-09-09 13:35:50 | workflow channels_comparison completed status=success exit_code=0
