2026-09-08 01:06:36 | workflow channels_comparison started launch_id=selena_channels_20260907T230635Z_3518 task=multivariate slurm_job_id=3221291 slurm_array_job_id=none slurm_array_task_id=none
2026-09-08 01:06:36 | stage evaluate started
2026-09-08 01:06:36 | task chronos2 comparison=multivariate covariate_mode=none target_mode=multivariate started
[2026-09-08 01:06:36] TIME runner: run_chronos2_comparison.sh
[2026-09-08 01:06:36] datasets: /scratch/users/h61084/datasets/hf_dataset
[2026-09-08 01:06:36] weights: /scratch/users/h61084/weights
[2026-09-08 01:06:36] outputs: /scratch/users/h61084/codes/improved/outputs
[2026-09-08 01:06:36] covariate mode: none
[2026-09-08 01:06:36] target mode: multivariate
Running all 38 datasets from config:
  - Water_Quality_Darwin/15T
  - current_velocity/5T
  - current_velocity/10T
  - current_velocity/15T
  - current_velocity/20T
  - current_velocity/H
  - Coastal_T_S/5T
  - Coastal_T_S/15T
  - Coastal_T_S/20T
  - Coastal_T_S/H
  - SG_Weather/D
  - SG_PM25/H
  - NE_China_Wind/H
  - Australia_Solar/H
  - OpenElectricity_NEM/5T
  - EWELD_Load/15T
  - Port_Activity/D
  - Port_Activity/W
  - Global_Influenza/W
  - Crypto/D
  - US_Term_Structure/B
  - Oil_Price/B
  - Job_Claims/W
  - Uncertainty_1M/M
  - Housing_Inventory/M
  - JOLTS/M
  - US_Labor/M
  - Vehicle_Supply/M
  - WUI_Global/Q
  - Global_Price/Q
  - Vehicle_Sales/M
  - Supply_Chain_Customer/D
  - Supply_Chain_Location/D
  - azure2019_D/5T
  - azure2019_I/5T
  - azure2019_U/5T
  - Smart_Manufacturing/H
  - MetroPT-3/5T

############################################################
# Dataset 1/38: Water_Quality_Darwin/15T
############################################################
Loading configuration...

============================================================
Dataset: Water_Quality_Darwin/15T
Model: amazon/chronos-2
Checkpoint: /fslarge/scratch/users/h61084/weights/chronos2
Terms: ['short', 'medium', 'long']
Covariate mode: none
============================================================

--- Term: short ---
  Config: prediction_length=16, test_length=1440, val_length=1440
TIME run allocation action=recompute reuse_source=/scratch/users/h61084/codes/improved/outputs/foundation_models/tasks/chronos2/multivariate reason=No completed reuse source has the expected identity and scientific configuration below /fslarge/scratch/users/h61084/codes/improved/outputs/foundation_models/tasks/chronos2/multivariate
TIME run allocation action=new run=/fslarge/scratch/users/h61084/codes/improved/outputs/channels_comparison/tasks/multivariate/chronos2/multivariate/Water_Quality_Darwin/15T/short/run_0 launch_id=selena_channels_20260907T230635Z_3518 slurm_job_id=3221291 launched_at=2026-09-07T23:07:48.706908+00:00
  Initializing Chronos pipeline (/fslarge/scratch/users/h61084/weights/chronos2)...
  Dataset info:
    - Frequency: 15T
    - Num series: 7
    - Target dim: 6
    - Target mode: multivariate
    - Covariate channels: 0
    - Series length: min=8662, max=18985, avg=15229.4
    - Test split: 1440 steps
    - Prediction length: 16
    - Windows: 90
    Processed 160/630...
    Processed 320/630...
    Processed 480/630...
    Processed 630/630...
    Total instances: 630, Series during experiment: 7, Windows: 90
    Collecting ground truth and context...
    Organizing data into arrays...
    Saved predictions (quantiles) to /fslarge/scratch/users/h61084/codes/improved/outputs/channels_comparison/tasks/multivariate/chronos2/multivariate/Water_Quality_Darwin/15T/short/run_0/predictions.npz
    Computing per-window metrics...
    Saved metrics to /fslarge/scratch/users/h61084/codes/improved/outputs/channels_comparison/tasks/multivariate/chronos2/multivariate/Water_Quality_Darwin/15T/short/run_0/metrics.npz
    Saved config to /fslarge/scratch/users/h61084/codes/improved/outputs/channels_comparison/tasks/multivariate/chronos2/multivariate/Water_Quality_Darwin/15T/short/run_0/config.json
    Saved aggregate metrics to /fslarge/scratch/users/h61084/codes/improved/outputs/channels_comparison/tasks/multivariate/chronos2/multivariate/Water_Quality_Darwin/15T/short/run_0/metrics_summary.json
    Metrics summary (averaged over all series/windows/variates):
      MSE: 2.0380
      MAE: 0.4176
      RMSE: 0.4995
      MAPE: 0.0522
      sMAPE: 0.0493
      MASE: 0.6095
      ND: 0.0503
      CRPS: 0.0398
  Completed: 7 series × 90 windows
  Output: /fslarge/scratch/users/h61084/codes/improved/outputs/channels_comparison/tasks/multivariate/chronos2/multivariate/Water_Quality_Darwin/15T/short/run_0

--- Term: medium ---
  Config: prediction_length=96, test_length=1440, val_length=1440
TIME run allocation action=recompute reuse_source=/scratch/users/h61084/codes/improved/outputs/foundation_models/tasks/chronos2/multivariate reason=No completed reuse source has the expected identity and scientific configuration below /fslarge/scratch/users/h61084/codes/improved/outputs/foundation_models/tasks/chronos2/multivariate
TIME run allocation action=new run=/fslarge/scratch/users/h61084/codes/improved/outputs/channels_comparison/tasks/multivariate/chronos2/multivariate/Water_Quality_Darwin/15T/medium/run_0 launch_id=selena_channels_20260907T230635Z_3518 slurm_job_id=3221291 launched_at=2026-09-07T23:08:09.835983+00:00
  Initializing Chronos pipeline (/fslarge/scratch/users/h61084/weights/chronos2)...
  Dataset info:
    - Frequency: 15T
    - Num series: 7
    - Target dim: 6
    - Target mode: multivariate
    - Covariate channels: 0
    - Series length: min=8662, max=18985, avg=15229.4
    - Test split: 1440 steps
    - Prediction length: 96
    - Windows: 15
    Total instances: 105, Series during experiment: 7, Windows: 15
    Collecting ground truth and context...
    Organizing data into arrays...
    Saved predictions (quantiles) to /fslarge/scratch/users/h61084/codes/improved/outputs/channels_comparison/tasks/multivariate/chronos2/multivariate/Water_Quality_Darwin/15T/medium/run_0/predictions.npz
    Computing per-window metrics...
    Saved metrics to /fslarge/scratch/users/h61084/codes/improved/outputs/channels_comparison/tasks/multivariate/chronos2/multivariate/Water_Quality_Darwin/15T/medium/run_0/metrics.npz
    Saved config to /fslarge/scratch/users/h61084/codes/improved/outputs/channels_comparison/tasks/multivariate/chronos2/multivariate/Water_Quality_Darwin/15T/medium/run_0/config.json
    Saved aggregate metrics to /fslarge/scratch/users/h61084/codes/improved/outputs/channels_comparison/tasks/multivariate/chronos2/multivariate/Water_Quality_Darwin/15T/medium/run_0/metrics_summary.json
    Metrics summary (averaged over all series/windows/variates):
      MSE: 3.2557
      MAE: 0.5578
      RMSE: 0.7192
      MAPE: 0.0681
      sMAPE: 0.0638
      MASE: 0.8598
      ND: 0.0632
      CRPS: 0.0506
  Completed: 7 series × 15 windows
  Output: /fslarge/scratch/users/h61084/codes/improved/outputs/channels_comparison/tasks/multivariate/chronos2/multivariate/Water_Quality_Darwin/15T/medium/run_0

--- Term: long ---
  Config: prediction_length=288, test_length=1440, val_length=1440
TIME run allocation action=recompute reuse_source=/scratch/users/h61084/codes/improved/outputs/foundation_models/tasks/chronos2/multivariate reason=No completed reuse source has the expected identity and scientific configuration below /fslarge/scratch/users/h61084/codes/improved/outputs/foundation_models/tasks/chronos2/multivariate
TIME run allocation action=new run=/fslarge/scratch/users/h61084/codes/improved/outputs/channels_comparison/tasks/multivariate/chronos2/multivariate/Water_Quality_Darwin/15T/long/run_0 launch_id=selena_channels_20260907T230635Z_3518 slurm_job_id=3221291 launched_at=2026-09-07T23:08:13.234568+00:00
  Initializing Chronos pipeline (/fslarge/scratch/users/h61084/weights/chronos2)...
  Dataset info:
    - Frequency: 15T
    - Num series: 7
    - Target dim: 6
    - Target mode: multivariate
    - Covariate channels: 0
    - Series length: min=8662, max=18985, avg=15229.4
    - Test split: 1440 steps
    - Prediction length: 288
    - Windows: 5
    Total instances: 35, Series during experiment: 7, Windows: 5
    Collecting ground truth and context...
    Organizing data into arrays...
    Saved predictions (quantiles) to /fslarge/scratch/users/h61084/codes/improved/outputs/channels_comparison/tasks/multivariate/chronos2/multivariate/Water_Quality_Darwin/15T/long/run_0/predictions.npz
    Computing per-window metrics...
    Saved metrics to /fslarge/scratch/users/h61084/codes/improved/outputs/channels_comparison/tasks/multivariate/chronos2/multivariate/Water_Quality_Darwin/15T/long/run_0/metrics.npz
    Saved config to /fslarge/scratch/users/h61084/codes/improved/outputs/channels_comparison/tasks/multivariate/chronos2/multivariate/Water_Quality_Darwin/15T/long/run_0/config.json
    Saved aggregate metrics to /fslarge/scratch/users/h61084/codes/improved/outputs/channels_comparison/tasks/multivariate/chronos2/multivariate/Water_Quality_Darwin/15T/long/run_0/metrics_summary.json
    Metrics summary (averaged over all series/windows/variates):
      MSE: 7.7741
      MAE: 0.8808
      RMSE: 1.1263
      MAPE: 0.0994
      sMAPE: 0.0930
      MASE: 1.3439
      ND: 0.0893
      CRPS: 0.0721
  Completed: 7 series × 5 windows
  Output: /fslarge/scratch/users/h61084/codes/improved/outputs/channels_comparison/tasks/multivariate/chronos2/multivariate/Water_Quality_Darwin/15T/long/run_0

============================================================
All experiments completed!
Results saved to: /scratch/users/h61084/codes/improved/outputs/channels_comparison/tasks/multivariate
============================================================

############################################################
# Dataset 2/38: current_velocity/5T
############################################################
Loading configuration...

============================================================
Dataset: current_velocity/5T
Model: amazon/chronos-2
Checkpoint: /fslarge/scratch/users/h61084/weights/chronos2
Terms: ['short', 'medium', 'long']
Covariate mode: none
============================================================

--- Term: short ---
  Config: prediction_length=36, test_length=4320, val_length=4320
TIME run allocation action=recompute reuse_source=/scratch/users/h61084/codes/improved/outputs/foundation_models/tasks/chronos2/multivariate reason=No completed reuse source has the expected identity and scientific configuration below /fslarge/scratch/users/h61084/codes/improved/outputs/foundation_models/tasks/chronos2/multivariate
TIME run allocation action=new run=/fslarge/scratch/users/h61084/codes/improved/outputs/channels_comparison/tasks/multivariate/chronos2/multivariate/current_velocity/5T/short/run_0 launch_id=selena_channels_20260907T230635Z_3518 slurm_job_id=3221291 launched_at=2026-09-07T23:08:14.646997+00:00
  Initializing Chronos pipeline (/fslarge/scratch/users/h61084/weights/chronos2)...
  Dataset info:
    - Frequency: 5T
    - Num series: 1
    - Target dim: 6
    - Target mode: multivariate
    - Covariate channels: 0
    - Series length: min=26486, max=26486, avg=26486.0
    - Test split: 4320 steps
    - Prediction length: 36
    - Windows: 120
    Total instances: 120, Series during experiment: 1, Windows: 120
    Collecting ground truth and context...
    Organizing data into arrays...
    Saved predictions (quantiles) to /fslarge/scratch/users/h61084/codes/improved/outputs/channels_comparison/tasks/multivariate/chronos2/multivariate/current_velocity/5T/short/run_0/predictions.npz
    Computing per-window metrics...
    Saved metrics to /fslarge/scratch/users/h61084/codes/improved/outputs/channels_comparison/tasks/multivariate/chronos2/multivariate/current_velocity/5T/short/run_0/metrics.npz
    Saved config to /fslarge/scratch/users/h61084/codes/improved/outputs/channels_comparison/tasks/multivariate/chronos2/multivariate/current_velocity/5T/short/run_0/config.json
    Saved aggregate metrics to /fslarge/scratch/users/h61084/codes/improved/outputs/channels_comparison/tasks/multivariate/chronos2/multivariate/current_velocity/5T/short/run_0/metrics_summary.json
    Metrics summary (averaged over all series/windows/variates):
      MSE: 3.0685
      MAE: 0.5618
      RMSE: 0.6694
      MAPE: 0.4378
      sMAPE: 0.3418
      MASE: 0.3707
      ND: 0.2948
      CRPS: 0.2316
  Completed: 1 series × 120 windows
  Output: /fslarge/scratch/users/h61084/codes/improved/outputs/channels_comparison/tasks/multivariate/chronos2/multivariate/current_velocity/5T/short/run_0

--- Term: medium ---
  Config: prediction_length=288, test_length=4320, val_length=4320
TIME run allocation action=recompute reuse_source=/scratch/users/h61084/codes/improved/outputs/foundation_models/tasks/chronos2/multivariate reason=No completed reuse source has the expected identity and scientific configuration below /fslarge/scratch/users/h61084/codes/improved/outputs/foundation_models/tasks/chronos2/multivariate
TIME run allocation action=new run=/fslarge/scratch/users/h61084/codes/improved/outputs/channels_comparison/tasks/multivariate/chronos2/multivariate/current_velocity/5T/medium/run_0 launch_id=selena_channels_20260907T230635Z_3518 slurm_job_id=3221291 launched_at=2026-09-07T23:08:18.454364+00:00
  Initializing Chronos pipeline (/fslarge/scratch/users/h61084/weights/chronos2)...
  Dataset info:
    - Frequency: 5T
    - Num series: 1
    - Target dim: 6
    - Target mode: multivariate
    - Covariate channels: 0
    - Series length: min=26486, max=26486, avg=26486.0
    - Test split: 4320 steps
    - Prediction length: 288
    - Windows: 15
    Total instances: 15, Series during experiment: 1, Windows: 15
    Collecting ground truth and context...
    Organizing data into arrays...
    Saved predictions (quantiles) to /fslarge/scratch/users/h61084/codes/improved/outputs/channels_comparison/tasks/multivariate/chronos2/multivariate/current_velocity/5T/medium/run_0/predictions.npz
    Computing per-window metrics...
    Saved metrics to /fslarge/scratch/users/h61084/codes/improved/outputs/channels_comparison/tasks/multivariate/chronos2/multivariate/current_velocity/5T/medium/run_0/metrics.npz
    Saved config to /fslarge/scratch/users/h61084/codes/improved/outputs/channels_comparison/tasks/multivariate/chronos2/multivariate/current_velocity/5T/medium/run_0/config.json
    Saved aggregate metrics to /fslarge/scratch/users/h61084/codes/improved/outputs/channels_comparison/tasks/multivariate/chronos2/multivariate/current_velocity/5T/medium/run_0/metrics_summary.json
    Metrics summary (averaged over all series/windows/variates):
      MSE: 5.7780
      MAE: 0.8236
      RMSE: 1.0186
      MAPE: 0.6862
      sMAPE: 0.4074
      MASE: 0.5888
      ND: 0.3592
      CRPS: 0.2829
  Completed: 1 series × 15 windows
  Output: /fslarge/scratch/users/h61084/codes/improved/outputs/channels_comparison/tasks/multivariate/chronos2/multivariate/current_velocity/5T/medium/run_0

--- Term: long ---
  Config: prediction_length=864, test_length=4320, val_length=4320
TIME run allocation action=recompute reuse_source=/scratch/users/h61084/codes/improved/outputs/foundation_models/tasks/chronos2/multivariate reason=No completed reuse source has the expected identity and scientific configuration below /fslarge/scratch/users/h61084/codes/improved/outputs/foundation_models/tasks/chronos2/multivariate
TIME run allocation action=new run=/fslarge/scratch/users/h61084/codes/improved/outputs/channels_comparison/tasks/multivariate/chronos2/multivariate/current_velocity/5T/long/run_0 launch_id=selena_channels_20260907T230635Z_3518 slurm_job_id=3221291 launched_at=2026-09-07T23:08:19.174178+00:00
  Initializing Chronos pipeline (/fslarge/scratch/users/h61084/weights/chronos2)...
  Dataset info:
    - Frequency: 5T
    - Num series: 1
    - Target dim: 6
    - Target mode: multivariate
    - Covariate channels: 0
    - Series length: min=26486, max=26486, avg=26486.0
    - Test split: 4320 steps
    - Prediction length: 864
    - Windows: 5
    Total instances: 5, Series during experiment: 1, Windows: 5
    Collecting ground truth and context...
    Organizing data into arrays...
    Saved predictions (quantiles) to /fslarge/scratch/users/h61084/codes/improved/outputs/channels_comparison/tasks/multivariate/chronos2/multivariate/current_velocity/5T/long/run_0/predictions.npz
    Computing per-window metrics...
    Saved metrics to /fslarge/scratch/users/h61084/codes/improved/outputs/channels_comparison/tasks/multivariate/chronos2/multivariate/current_velocity/5T/long/run_0/metrics.npz
    Saved config to /fslarge/scratch/users/h61084/codes/improved/outputs/channels_comparison/tasks/multivariate/chronos2/multivariate/current_velocity/5T/long/run_0/config.json
    Saved aggregate metrics to /fslarge/scratch/users/h61084/codes/improved/outputs/channels_comparison/tasks/multivariate/chronos2/multivariate/current_velocity/5T/long/run_0/metrics_summary.json
    Metrics summary (averaged over all series/windows/variates):
      MSE: 6.6002
      MAE: 0.9700
      RMSE: 1.1716
      MAPE: 0.8365
      sMAPE: 0.4826
      MASE: 0.8498
      ND: 0.4323
      CRPS: 0.3429
  Completed: 1 series × 5 windows
  Output: /fslarge/scratch/users/h61084/codes/improved/outputs/channels_comparison/tasks/multivariate/chronos2/multivariate/current_velocity/5T/long/run_0

============================================================
All experiments completed!
Results saved to: /scratch/users/h61084/codes/improved/outputs/channels_comparison/tasks/multivariate
============================================================

############################################################
# Dataset 3/38: current_velocity/10T
############################################################
Loading configuration...

============================================================
Dataset: current_velocity/10T
Model: amazon/chronos-2
Checkpoint: /fslarge/scratch/users/h61084/weights/chronos2
Terms: ['short', 'medium', 'long']
Covariate mode: none
============================================================

--- Term: short ---
  Config: prediction_length=18, test_length=2160, val_length=2160
TIME run allocation action=recompute reuse_source=/scratch/users/h61084/codes/improved/outputs/foundation_models/tasks/chronos2/multivariate reason=No completed reuse source has the expected identity and scientific configuration below /fslarge/scratch/users/h61084/codes/improved/outputs/foundation_models/tasks/chronos2/multivariate
TIME run allocation action=new run=/fslarge/scratch/users/h61084/codes/improved/outputs/channels_comparison/tasks/multivariate/chronos2/multivariate/current_velocity/10T/short/run_0 launch_id=selena_channels_20260907T230635Z_3518 slurm_job_id=3221291 launched_at=2026-09-07T23:08:19.654437+00:00
  Initializing Chronos pipeline (/fslarge/scratch/users/h61084/weights/chronos2)...
  Dataset info:
    - Frequency: 10T
    - Num series: 10
    - Target dim: 6
    - Target mode: multivariate
    - Covariate channels: 0
    - Series length: min=7481, max=31957, avg=20668.5
    - Test split: 2160 steps
    - Prediction length: 18
    - Windows: 120
    Processed 160/1200...
    Processed 320/1200...
    Processed 480/1200...
    Processed 640/1200...
    Processed 800/1200...
    Processed 960/1200...
    Processed 1120/1200...
    Total instances: 1200, Series during experiment: 10, Windows: 120
    Collecting ground truth and context...
    Organizing data into arrays...
    Saved predictions (quantiles) to /fslarge/scratch/users/h61084/codes/improved/outputs/channels_comparison/tasks/multivariate/chronos2/multivariate/current_velocity/10T/short/run_0/predictions.npz
    Computing per-window metrics...
    Saved metrics to /fslarge/scratch/users/h61084/codes/improved/outputs/channels_comparison/tasks/multivariate/chronos2/multivariate/current_velocity/10T/short/run_0/metrics.npz
    Saved config to /fslarge/scratch/users/h61084/codes/improved/outputs/channels_comparison/tasks/multivariate/chronos2/multivariate/current_velocity/10T/short/run_0/config.json
    Saved aggregate metrics to /fslarge/scratch/users/h61084/codes/improved/outputs/channels_comparison/tasks/multivariate/chronos2/multivariate/current_velocity/10T/short/run_0/metrics_summary.json
    Metrics summary (averaged over all series/windows/variates):
      MSE: 6.8678
      MAE: 0.7123
      RMSE: 0.8966
      MAPE: 2931.1289
      sMAPE: 0.4301
      MASE: 0.5195
      ND: 0.3190
      CRPS: 0.2514
  Completed: 10 series × 120 windows
  Output: /fslarge/scratch/users/h61084/codes/improved/outputs/channels_comparison/tasks/multivariate/chronos2/multivariate/current_velocity/10T/short/run_0

--- Term: medium ---
  Config: prediction_length=144, test_length=2160, val_length=2160
TIME run allocation action=recompute reuse_source=/scratch/users/h61084/codes/improved/outputs/foundation_models/tasks/chronos2/multivariate reason=No completed reuse source has the expected identity and scientific configuration below /fslarge/scratch/users/h61084/codes/improved/outputs/foundation_models/tasks/chronos2/multivariate
TIME run allocation action=new run=/fslarge/scratch/users/h61084/codes/improved/outputs/channels_comparison/tasks/multivariate/chronos2/multivariate/current_velocity/10T/medium/run_0 launch_id=selena_channels_20260907T230635Z_3518 slurm_job_id=3221291 launched_at=2026-09-07T23:08:54.865535+00:00
  Initializing Chronos pipeline (/fslarge/scratch/users/h61084/weights/chronos2)...
  Dataset info:
    - Frequency: 10T
    - Num series: 10
    - Target dim: 6
    - Target mode: multivariate
    - Covariate channels: 0
    - Series length: min=7481, max=31957, avg=20668.5
    - Test split: 2160 steps
    - Prediction length: 144
    - Windows: 15
    Processed 150/150...
    Total instances: 150, Series during experiment: 10, Windows: 15
    Collecting ground truth and context...
    Organizing data into arrays...
    Saved predictions (quantiles) to /fslarge/scratch/users/h61084/codes/improved/outputs/channels_comparison/tasks/multivariate/chronos2/multivariate/current_velocity/10T/medium/run_0/predictions.npz
    Computing per-window metrics...
    Saved metrics to /fslarge/scratch/users/h61084/codes/improved/outputs/channels_comparison/tasks/multivariate/chronos2/multivariate/current_velocity/10T/medium/run_0/metrics.npz
    Saved config to /fslarge/scratch/users/h61084/codes/improved/outputs/channels_comparison/tasks/multivariate/chronos2/multivariate/current_velocity/10T/medium/run_0/config.json
    Saved aggregate metrics to /fslarge/scratch/users/h61084/codes/improved/outputs/channels_comparison/tasks/multivariate/chronos2/multivariate/current_velocity/10T/medium/run_0/metrics_summary.json
    Metrics summary (averaged over all series/windows/variates):
      MSE: 9.6732
      MAE: 0.8863
      RMSE: 1.1857
      MAPE: 3752.3645
      sMAPE: 0.4776
      MASE: 0.6789
      ND: 0.3300
      CRPS: 0.2610
  Completed: 10 series × 15 windows
  Output: /fslarge/scratch/users/h61084/codes/improved/outputs/channels_comparison/tasks/multivariate/chronos2/multivariate/current_velocity/10T/medium/run_0

--- Term: long ---
  Config: prediction_length=432, test_length=2160, val_length=2160
TIME run allocation action=recompute reuse_source=/scratch/users/h61084/codes/improved/outputs/foundation_models/tasks/chronos2/multivariate reason=No completed reuse source has the expected identity and scientific configuration below /fslarge/scratch/users/h61084/codes/improved/outputs/foundation_models/tasks/chronos2/multivariate
TIME run allocation action=new run=/fslarge/scratch/users/h61084/codes/improved/outputs/channels_comparison/tasks/multivariate/chronos2/multivariate/current_velocity/10T/long/run_0 launch_id=selena_channels_20260907T230635Z_3518 slurm_job_id=3221291 launched_at=2026-09-07T23:08:59.820557+00:00
  Initializing Chronos pipeline (/fslarge/scratch/users/h61084/weights/chronos2)...
  Dataset info:
    - Frequency: 10T
    - Num series: 10
    - Target dim: 6
    - Target mode: multivariate
    - Covariate channels: 0
    - Series length: min=7481, max=31957, avg=20668.5
    - Test split: 2160 steps
    - Prediction length: 432
    - Windows: 5
    Total instances: 50, Series during experiment: 10, Windows: 5
    Collecting ground truth and context...
    Organizing data into arrays...
    Saved predictions (quantiles) to /fslarge/scratch/users/h61084/codes/improved/outputs/channels_comparison/tasks/multivariate/chronos2/multivariate/current_velocity/10T/long/run_0/predictions.npz
    Computing per-window metrics...
    Saved metrics to /fslarge/scratch/users/h61084/codes/improved/outputs/channels_comparison/tasks/multivariate/chronos2/multivariate/current_velocity/10T/long/run_0/metrics.npz
    Saved config to /fslarge/scratch/users/h61084/codes/improved/outputs/channels_comparison/tasks/multivariate/chronos2/multivariate/current_velocity/10T/long/run_0/config.json
    Saved aggregate metrics to /fslarge/scratch/users/h61084/codes/improved/outputs/channels_comparison/tasks/multivariate/chronos2/multivariate/current_velocity/10T/long/run_0/metrics_summary.json
    Metrics summary (averaged over all series/windows/variates):
      MSE: 11.9539
      MAE: 1.0456
      RMSE: 1.3711
      MAPE: 3797.3375
      sMAPE: 0.5294
      MASE: 0.9316
      ND: 0.3745
      CRPS: 0.2964
  Completed: 10 series × 5 windows
  Output: /fslarge/scratch/users/h61084/codes/improved/outputs/channels_comparison/tasks/multivariate/chronos2/multivariate/current_velocity/10T/long/run_0

============================================================
All experiments completed!
Results saved to: /scratch/users/h61084/codes/improved/outputs/channels_comparison/tasks/multivariate
============================================================

############################################################
# Dataset 4/38: current_velocity/15T
############################################################
Loading configuration...

============================================================
Dataset: current_velocity/15T
Model: amazon/chronos-2
Checkpoint: /fslarge/scratch/users/h61084/weights/chronos2
Terms: ['short', 'medium', 'long']
Covariate mode: none
============================================================

--- Term: short ---
  Config: prediction_length=12, test_length=1440, val_length=1440
TIME run allocation action=recompute reuse_source=/scratch/users/h61084/codes/improved/outputs/foundation_models/tasks/chronos2/multivariate reason=No completed reuse source has the expected identity and scientific configuration below /fslarge/scratch/users/h61084/codes/improved/outputs/foundation_models/tasks/chronos2/multivariate
TIME run allocation action=new run=/fslarge/scratch/users/h61084/codes/improved/outputs/channels_comparison/tasks/multivariate/chronos2/multivariate/current_velocity/15T/short/run_0 launch_id=selena_channels_20260907T230635Z_3518 slurm_job_id=3221291 launched_at=2026-09-07T23:09:01.837360+00:00
  Initializing Chronos pipeline (/fslarge/scratch/users/h61084/weights/chronos2)...
  Dataset info:
    - Frequency: 15T
    - Num series: 5
    - Target dim: 6
    - Target mode: multivariate
    - Covariate channels: 0
    - Series length: min=3710, max=17953, avg=8503.2
    - Test split: 1440 steps
    - Prediction length: 12
    - Windows: 120
    Processed 160/600...
    Processed 320/600...
    Processed 480/600...
    Total instances: 600, Series during experiment: 5, Windows: 120
    Collecting ground truth and context...
    Organizing data into arrays...
    Saved predictions (quantiles) to /fslarge/scratch/users/h61084/codes/improved/outputs/channels_comparison/tasks/multivariate/chronos2/multivariate/current_velocity/15T/short/run_0/predictions.npz
    Computing per-window metrics...
    Saved metrics to /fslarge/scratch/users/h61084/codes/improved/outputs/channels_comparison/tasks/multivariate/chronos2/multivariate/current_velocity/15T/short/run_0/metrics.npz
    Saved config to /fslarge/scratch/users/h61084/codes/improved/outputs/channels_comparison/tasks/multivariate/chronos2/multivariate/current_velocity/15T/short/run_0/config.json
    Saved aggregate metrics to /fslarge/scratch/users/h61084/codes/improved/outputs/channels_comparison/tasks/multivariate/chronos2/multivariate/current_velocity/15T/short/run_0/metrics_summary.json
    Metrics summary (averaged over all series/windows/variates):
      MSE: 6.1124
      MAE: 0.7461
      RMSE: 0.9065
      MAPE: 109460.3940
      sMAPE: 0.4606
      MASE: 0.5007
      ND: 0.3805
      CRPS: 0.2990
  Completed: 5 series × 120 windows
  Output: /fslarge/scratch/users/h61084/codes/improved/outputs/channels_comparison/tasks/multivariate/chronos2/multivariate/current_velocity/15T/short/run_0

--- Term: medium ---
  Config: prediction_length=96, test_length=1440, val_length=1440
TIME run allocation action=recompute reuse_source=/scratch/users/h61084/codes/improved/outputs/foundation_models/tasks/chronos2/multivariate reason=No completed reuse source has the expected identity and scientific configuration below /fslarge/scratch/users/h61084/codes/improved/outputs/foundation_models/tasks/chronos2/multivariate
TIME run allocation action=new run=/fslarge/scratch/users/h61084/codes/improved/outputs/channels_comparison/tasks/multivariate/chronos2/multivariate/current_velocity/15T/medium/run_0 launch_id=selena_channels_20260907T230635Z_3518 slurm_job_id=3221291 launched_at=2026-09-07T23:09:14.778915+00:00
  Initializing Chronos pipeline (/fslarge/scratch/users/h61084/weights/chronos2)...
  Dataset info:
    - Frequency: 15T
    - Num series: 5
    - Target dim: 6
    - Target mode: multivariate
    - Covariate channels: 0
    - Series length: min=3710, max=17953, avg=8503.2
    - Test split: 1440 steps
    - Prediction length: 96
    - Windows: 15
    Total instances: 75, Series during experiment: 5, Windows: 15
    Collecting ground truth and context...
    Organizing data into arrays...
    Saved predictions (quantiles) to /fslarge/scratch/users/h61084/codes/improved/outputs/channels_comparison/tasks/multivariate/chronos2/multivariate/current_velocity/15T/medium/run_0/predictions.npz
    Computing per-window metrics...
    Saved metrics to /fslarge/scratch/users/h61084/codes/improved/outputs/channels_comparison/tasks/multivariate/chronos2/multivariate/current_velocity/15T/medium/run_0/metrics.npz
    Saved config to /fslarge/scratch/users/h61084/codes/improved/outputs/channels_comparison/tasks/multivariate/chronos2/multivariate/current_velocity/15T/medium/run_0/config.json
    Saved aggregate metrics to /fslarge/scratch/users/h61084/codes/improved/outputs/channels_comparison/tasks/multivariate/chronos2/multivariate/current_velocity/15T/medium/run_0/metrics_summary.json
    Metrics summary (averaged over all series/windows/variates):
      MSE: 9.1292
      MAE: 0.9660
      RMSE: 1.2148
      MAPE: 117305.1553
      sMAPE: 0.5654
      MASE: 0.7241
      ND: 0.4307
      CRPS: 0.3379
  Completed: 5 series × 15 windows
  Output: /fslarge/scratch/users/h61084/codes/improved/outputs/channels_comparison/tasks/multivariate/chronos2/multivariate/current_velocity/15T/medium/run_0

--- Term: long ---
  Config: prediction_length=288, test_length=1440, val_length=1440
TIME run allocation action=recompute reuse_source=/scratch/users/h61084/codes/improved/outputs/foundation_models/tasks/chronos2/multivariate reason=No completed reuse source has the expected identity and scientific configuration below /fslarge/scratch/users/h61084/codes/improved/outputs/foundation_models/tasks/chronos2/multivariate
TIME run allocation action=new run=/fslarge/scratch/users/h61084/codes/improved/outputs/channels_comparison/tasks/multivariate/chronos2/multivariate/current_velocity/15T/long/run_0 launch_id=selena_channels_20260907T230635Z_3518 slurm_job_id=3221291 launched_at=2026-09-07T23:09:16.873701+00:00
  Initializing Chronos pipeline (/fslarge/scratch/users/h61084/weights/chronos2)...
  Dataset info:
    - Frequency: 15T
    - Num series: 5
    - Target dim: 6
    - Target mode: multivariate
    - Covariate channels: 0
    - Series length: min=3710, max=17953, avg=8503.2
    - Test split: 1440 steps
    - Prediction length: 288
    - Windows: 5
    Total instances: 25, Series during experiment: 5, Windows: 5
    Collecting ground truth and context...
    Organizing data into arrays...
    Saved predictions (quantiles) to /fslarge/scratch/users/h61084/codes/improved/outputs/channels_comparison/tasks/multivariate/chronos2/multivariate/current_velocity/15T/long/run_0/predictions.npz
    Computing per-window metrics...
    Saved metrics to /fslarge/scratch/users/h61084/codes/improved/outputs/channels_comparison/tasks/multivariate/chronos2/multivariate/current_velocity/15T/long/run_0/metrics.npz
    Saved config to /fslarge/scratch/users/h61084/codes/improved/outputs/channels_comparison/tasks/multivariate/chronos2/multivariate/current_velocity/15T/long/run_0/config.json
    Saved aggregate metrics to /fslarge/scratch/users/h61084/codes/improved/outputs/channels_comparison/tasks/multivariate/chronos2/multivariate/current_velocity/15T/long/run_0/metrics_summary.json
    Metrics summary (averaged over all series/windows/variates):
      MSE: 10.9029
      MAE: 1.0687
      RMSE: 1.3535
      MAPE: 104506.0226
      sMAPE: 0.5881
      MASE: 0.8331
      ND: 0.4528
      CRPS: 0.3588
  Completed: 5 series × 5 windows
  Output: /fslarge/scratch/users/h61084/codes/improved/outputs/channels_comparison/tasks/multivariate/chronos2/multivariate/current_velocity/15T/long/run_0

============================================================
All experiments completed!
Results saved to: /scratch/users/h61084/codes/improved/outputs/channels_comparison/tasks/multivariate
============================================================

############################################################
# Dataset 5/38: current_velocity/20T
############################################################
Loading configuration...

============================================================
Dataset: current_velocity/20T
Model: amazon/chronos-2
Checkpoint: /fslarge/scratch/users/h61084/weights/chronos2
Terms: ['short', 'medium', 'long']
Covariate mode: none
============================================================

--- Term: short ---
  Config: prediction_length=9, test_length=1080, val_length=1080
TIME run allocation action=recompute reuse_source=/scratch/users/h61084/codes/improved/outputs/foundation_models/tasks/chronos2/multivariate reason=No completed reuse source has the expected identity and scientific configuration below /fslarge/scratch/users/h61084/codes/improved/outputs/foundation_models/tasks/chronos2/multivariate
TIME run allocation action=new run=/fslarge/scratch/users/h61084/codes/improved/outputs/channels_comparison/tasks/multivariate/chronos2/multivariate/current_velocity/20T/short/run_0 launch_id=selena_channels_20260907T230635Z_3518 slurm_job_id=3221291 launched_at=2026-09-07T23:09:18.224836+00:00
  Initializing Chronos pipeline (/fslarge/scratch/users/h61084/weights/chronos2)...
  Dataset info:
    - Frequency: 20T
    - Num series: 27
    - Target dim: 6
    - Target mode: multivariate
    - Covariate channels: 0
    - Series length: min=2529, max=16759, avg=6460.2
    - Test split: 1080 steps
    - Prediction length: 9
    - Windows: 120
    Processed 160/3240...
    Processed 320/3240...
    Processed 480/3240...
    Processed 640/3240...
    Processed 800/3240...
    Processed 960/3240...
    Processed 1120/3240...
    Processed 1280/3240...
    Processed 1440/3240...
    Processed 1600/3240...
    Processed 1760/3240...
    Processed 1920/3240...
    Processed 2080/3240...
    Processed 2240/3240...
    Processed 2400/3240...
    Processed 2560/3240...
    Processed 2720/3240...
    Processed 2880/3240...
    Processed 3040/3240...
    Processed 3200/3240...
    Total instances: 3240, Series during experiment: 27, Windows: 120
    Collecting ground truth and context...
    Organizing data into arrays...
    Saved predictions (quantiles) to /fslarge/scratch/users/h61084/codes/improved/outputs/channels_comparison/tasks/multivariate/chronos2/multivariate/current_velocity/20T/short/run_0/predictions.npz
    Computing per-window metrics...
    Saved metrics to /fslarge/scratch/users/h61084/codes/improved/outputs/channels_comparison/tasks/multivariate/chronos2/multivariate/current_velocity/20T/short/run_0/metrics.npz
    Saved config to /fslarge/scratch/users/h61084/codes/improved/outputs/channels_comparison/tasks/multivariate/chronos2/multivariate/current_velocity/20T/short/run_0/config.json
    Saved aggregate metrics to /fslarge/scratch/users/h61084/codes/improved/outputs/channels_comparison/tasks/multivariate/chronos2/multivariate/current_velocity/20T/short/run_0/metrics_summary.json
    Metrics summary (averaged over all series/windows/variates):
      MSE: 4.1839
      MAE: 0.6081
      RMSE: 0.7147
      MAPE: 0.8974
      sMAPE: 0.4112
      MASE: 0.4727
      ND: 0.3304
      CRPS: 0.2595
  Completed: 27 series × 120 windows
  Output: /fslarge/scratch/users/h61084/codes/improved/outputs/channels_comparison/tasks/multivariate/chronos2/multivariate/current_velocity/20T/short/run_0

--- Term: medium ---
  Config: prediction_length=72, test_length=1080, val_length=1080
TIME run allocation action=recompute reuse_source=/scratch/users/h61084/codes/improved/outputs/foundation_models/tasks/chronos2/multivariate reason=No completed reuse source has the expected identity and scientific configuration below /fslarge/scratch/users/h61084/codes/improved/outputs/foundation_models/tasks/chronos2/multivariate
TIME run allocation action=new run=/fslarge/scratch/users/h61084/codes/improved/outputs/channels_comparison/tasks/multivariate/chronos2/multivariate/current_velocity/20T/medium/run_0 launch_id=selena_channels_20260907T230635Z_3518 slurm_job_id=3221291 launched_at=2026-09-07T23:10:22.704581+00:00
  Initializing Chronos pipeline (/fslarge/scratch/users/h61084/weights/chronos2)...
  Dataset info:
    - Frequency: 20T
    - Num series: 27
    - Target dim: 6
    - Target mode: multivariate
    - Covariate channels: 0
    - Series length: min=2529, max=16759, avg=6460.2
    - Test split: 1080 steps
    - Prediction length: 72
    - Windows: 15
    Processed 160/405...
    Processed 320/405...
    Total instances: 405, Series during experiment: 27, Windows: 15
    Collecting ground truth and context...
    Organizing data into arrays...
    Saved predictions (quantiles) to /fslarge/scratch/users/h61084/codes/improved/outputs/channels_comparison/tasks/multivariate/chronos2/multivariate/current_velocity/20T/medium/run_0/predictions.npz
    Computing per-window metrics...
    Saved metrics to /fslarge/scratch/users/h61084/codes/improved/outputs/channels_comparison/tasks/multivariate/chronos2/multivariate/current_velocity/20T/medium/run_0/metrics.npz
    Saved config to /fslarge/scratch/users/h61084/codes/improved/outputs/channels_comparison/tasks/multivariate/chronos2/multivariate/current_velocity/20T/medium/run_0/config.json
    Saved aggregate metrics to /fslarge/scratch/users/h61084/codes/improved/outputs/channels_comparison/tasks/multivariate/chronos2/multivariate/current_velocity/20T/medium/run_0/metrics_summary.json
    Metrics summary (averaged over all series/windows/variates):
      MSE: 7.7470
      MAE: 0.8801
      RMSE: 1.0841
      MAPE: 1.1282
      sMAPE: 0.5007
      MASE: 0.7300
      ND: 0.3761
      CRPS: 0.2974
  Completed: 27 series × 15 windows
  Output: /fslarge/scratch/users/h61084/codes/improved/outputs/channels_comparison/tasks/multivariate/chronos2/multivariate/current_velocity/20T/medium/run_0

--- Term: long ---
  Config: prediction_length=216, test_length=1080, val_length=1080
TIME run allocation action=recompute reuse_source=/scratch/users/h61084/codes/improved/outputs/foundation_models/tasks/chronos2/multivariate reason=No completed reuse source has the expected identity and scientific configuration below /fslarge/scratch/users/h61084/codes/improved/outputs/foundation_models/tasks/chronos2/multivariate
TIME run allocation action=new run=/fslarge/scratch/users/h61084/codes/improved/outputs/channels_comparison/tasks/multivariate/chronos2/multivariate/current_velocity/20T/long/run_0 launch_id=selena_channels_20260907T230635Z_3518 slurm_job_id=3221291 launched_at=2026-09-07T23:10:32.934502+00:00
  Initializing Chronos pipeline (/fslarge/scratch/users/h61084/weights/chronos2)...
  Dataset info:
    - Frequency: 20T
    - Num series: 27
    - Target dim: 6
    - Target mode: multivariate
    - Covariate channels: 0
    - Series length: min=2529, max=16759, avg=6460.2
    - Test split: 1080 steps
    - Prediction length: 216
    - Windows: 5
    Total instances: 135, Series during experiment: 27, Windows: 5
    Collecting ground truth and context...
    Organizing data into arrays...
    Saved predictions (quantiles) to /fslarge/scratch/users/h61084/codes/improved/outputs/channels_comparison/tasks/multivariate/chronos2/multivariate/current_velocity/20T/long/run_0/predictions.npz
    Computing per-window metrics...
    Saved metrics to /fslarge/scratch/users/h61084/codes/improved/outputs/channels_comparison/tasks/multivariate/chronos2/multivariate/current_velocity/20T/long/run_0/metrics.npz
    Saved config to /fslarge/scratch/users/h61084/codes/improved/outputs/channels_comparison/tasks/multivariate/chronos2/multivariate/current_velocity/20T/long/run_0/config.json
    Saved aggregate metrics to /fslarge/scratch/users/h61084/codes/improved/outputs/channels_comparison/tasks/multivariate/chronos2/multivariate/current_velocity/20T/long/run_0/metrics_summary.json
    Metrics summary (averaged over all series/windows/variates):
      MSE: 9.6822
      MAE: 1.0253
      RMSE: 1.2859
      MAPE: 1.5439
      sMAPE: 0.5923
      MASE: 1.0349
      ND: 0.4587
      CRPS: 0.3610
  Completed: 27 series × 5 windows
  Output: /fslarge/scratch/users/h61084/codes/improved/outputs/channels_comparison/tasks/multivariate/chronos2/multivariate/current_velocity/20T/long/run_0

============================================================
All experiments completed!
Results saved to: /scratch/users/h61084/codes/improved/outputs/channels_comparison/tasks/multivariate
============================================================

############################################################
# Dataset 6/38: current_velocity/H
############################################################
Loading configuration...

============================================================
Dataset: current_velocity/H
Model: amazon/chronos-2
Checkpoint: /fslarge/scratch/users/h61084/weights/chronos2
Terms: ['short', 'medium', 'long']
Covariate mode: none
============================================================

--- Term: short ---
  Config: prediction_length=24, test_length=672, val_length=672
TIME run allocation action=recompute reuse_source=/scratch/users/h61084/codes/improved/outputs/foundation_models/tasks/chronos2/multivariate reason=No completed reuse source has the expected identity and scientific configuration below /fslarge/scratch/users/h61084/codes/improved/outputs/foundation_models/tasks/chronos2/multivariate
TIME run allocation action=new run=/fslarge/scratch/users/h61084/codes/improved/outputs/channels_comparison/tasks/multivariate/chronos2/multivariate/current_velocity/H/short/run_0 launch_id=selena_channels_20260907T230635Z_3518 slurm_job_id=3221291 launched_at=2026-09-07T23:10:37.073087+00:00
  Initializing Chronos pipeline (/fslarge/scratch/users/h61084/weights/chronos2)...
  Dataset info:
    - Frequency: H
    - Num series: 21
    - Target dim: 6
    - Target mode: multivariate
    - Covariate channels: 0
    - Series length: min=2208, max=5587, avg=3502.3
    - Test split: 672 steps
    - Prediction length: 24
    - Windows: 28
    Processed 160/588...
    Processed 320/588...
    Processed 480/588...
    Total instances: 588, Series during experiment: 21, Windows: 28
    Collecting ground truth and context...
    Organizing data into arrays...
    Saved predictions (quantiles) to /fslarge/scratch/users/h61084/codes/improved/outputs/channels_comparison/tasks/multivariate/chronos2/multivariate/current_velocity/H/short/run_0/predictions.npz
    Computing per-window metrics...
    Saved metrics to /fslarge/scratch/users/h61084/codes/improved/outputs/channels_comparison/tasks/multivariate/chronos2/multivariate/current_velocity/H/short/run_0/metrics.npz
    Saved config to /fslarge/scratch/users/h61084/codes/improved/outputs/channels_comparison/tasks/multivariate/chronos2/multivariate/current_velocity/H/short/run_0/config.json
    Saved aggregate metrics to /fslarge/scratch/users/h61084/codes/improved/outputs/channels_comparison/tasks/multivariate/chronos2/multivariate/current_velocity/H/short/run_0/metrics_summary.json
    Metrics summary (averaged over all series/windows/variates):
      MSE: 6.3782
      MAE: 0.7897
      RMSE: 0.9826
      MAPE: 1942717674808.0310
      sMAPE: 0.4299
      MASE: 0.6887
      ND: 0.3268
      CRPS: 0.2570
  Completed: 21 series × 28 windows
  Output: /fslarge/scratch/users/h61084/codes/improved/outputs/channels_comparison/tasks/multivariate/chronos2/multivariate/current_velocity/H/short/run_0

--- Term: medium ---
  Config: prediction_length=168, test_length=672, val_length=672
TIME run allocation action=recompute reuse_source=/scratch/users/h61084/codes/improved/outputs/foundation_models/tasks/chronos2/multivariate reason=No completed reuse source has the expected identity and scientific configuration below /fslarge/scratch/users/h61084/codes/improved/outputs/foundation_models/tasks/chronos2/multivariate
TIME run allocation action=new run=/fslarge/scratch/users/h61084/codes/improved/outputs/channels_comparison/tasks/multivariate/chronos2/multivariate/current_velocity/H/medium/run_0 launch_id=selena_channels_20260907T230635Z_3518 slurm_job_id=3221291 launched_at=2026-09-07T23:10:44.944031+00:00
  Initializing Chronos pipeline (/fslarge/scratch/users/h61084/weights/chronos2)...
  Dataset info:
    - Frequency: H
    - Num series: 21
    - Target dim: 6
    - Target mode: multivariate
    - Covariate channels: 0
    - Series length: min=2208, max=5587, avg=3502.3
    - Test split: 672 steps
    - Prediction length: 168
    - Windows: 4
    Total instances: 84, Series during experiment: 21, Windows: 4
    Collecting ground truth and context...
    Organizing data into arrays...
    Saved predictions (quantiles) to /fslarge/scratch/users/h61084/codes/improved/outputs/channels_comparison/tasks/multivariate/chronos2/multivariate/current_velocity/H/medium/run_0/predictions.npz
    Computing per-window metrics...
    Saved metrics to /fslarge/scratch/users/h61084/codes/improved/outputs/channels_comparison/tasks/multivariate/chronos2/multivariate/current_velocity/H/medium/run_0/metrics.npz
    Saved config to /fslarge/scratch/users/h61084/codes/improved/outputs/channels_comparison/tasks/multivariate/chronos2/multivariate/current_velocity/H/medium/run_0/config.json
    Saved aggregate metrics to /fslarge/scratch/users/h61084/codes/improved/outputs/channels_comparison/tasks/multivariate/chronos2/multivariate/current_velocity/H/medium/run_0/metrics_summary.json
    Metrics summary (averaged over all series/windows/variates):
      MSE: 11.0224
      MAE: 1.1161
      RMSE: 1.3898
      MAPE: 2718915817898.0933
      sMAPE: 0.5526
      MASE: 1.1474
      ND: 0.4021
      CRPS: 0.3158
  Completed: 21 series × 4 windows
  Output: /fslarge/scratch/users/h61084/codes/improved/outputs/channels_comparison/tasks/multivariate/chronos2/multivariate/current_velocity/H/medium/run_0

--- Term: long ---
  Config: prediction_length=336, test_length=672, val_length=672
TIME run allocation action=recompute reuse_source=/scratch/users/h61084/codes/improved/outputs/foundation_models/tasks/chronos2/multivariate reason=No completed reuse source has the expected identity and scientific configuration below /fslarge/scratch/users/h61084/codes/improved/outputs/foundation_models/tasks/chronos2/multivariate
TIME run allocation action=new run=/fslarge/scratch/users/h61084/codes/improved/outputs/channels_comparison/tasks/multivariate/chronos2/multivariate/current_velocity/H/long/run_0 launch_id=selena_channels_20260907T230635Z_3518 slurm_job_id=3221291 launched_at=2026-09-07T23:10:46.659691+00:00
  Initializing Chronos pipeline (/fslarge/scratch/users/h61084/weights/chronos2)...
  Dataset info:
    - Frequency: H
    - Num series: 21
    - Target dim: 6
    - Target mode: multivariate
    - Covariate channels: 0
    - Series length: min=2208, max=5587, avg=3502.3
    - Test split: 672 steps
    - Prediction length: 336
    - Windows: 2
    Total instances: 42, Series during experiment: 21, Windows: 2
    Collecting ground truth and context...
    Organizing data into arrays...
    Saved predictions (quantiles) to /fslarge/scratch/users/h61084/codes/improved/outputs/channels_comparison/tasks/multivariate/chronos2/multivariate/current_velocity/H/long/run_0/predictions.npz
    Computing per-window metrics...
    Saved metrics to /fslarge/scratch/users/h61084/codes/improved/outputs/channels_comparison/tasks/multivariate/chronos2/multivariate/current_velocity/H/long/run_0/metrics.npz
    Saved config to /fslarge/scratch/users/h61084/codes/improved/outputs/channels_comparison/tasks/multivariate/chronos2/multivariate/current_velocity/H/long/run_0/config.json
    Saved aggregate metrics to /fslarge/scratch/users/h61084/codes/improved/outputs/channels_comparison/tasks/multivariate/chronos2/multivariate/current_velocity/H/long/run_0/metrics_summary.json
    Metrics summary (averaged over all series/windows/variates):
      MSE: 11.8888
      MAE: 1.1926
      RMSE: 1.4990
      MAPE: 2064172404923.4619
      sMAPE: 0.5932
      MASE: 1.3531
      ND: 0.4293
      CRPS: 0.3389
  Completed: 21 series × 2 windows
  Output: /fslarge/scratch/users/h61084/codes/improved/outputs/channels_comparison/tasks/multivariate/chronos2/multivariate/current_velocity/H/long/run_0

============================================================
All experiments completed!
Results saved to: /scratch/users/h61084/codes/improved/outputs/channels_comparison/tasks/multivariate
============================================================

############################################################
# Dataset 7/38: Coastal_T_S/5T
############################################################
Loading configuration...

============================================================
Dataset: Coastal_T_S/5T
Model: amazon/chronos-2
Checkpoint: /fslarge/scratch/users/h61084/weights/chronos2
Terms: ['short', 'medium', 'long']
Covariate mode: none
============================================================

--- Term: short ---
  Config: prediction_length=36, test_length=4320, val_length=4320
TIME run allocation action=recompute reuse_source=/scratch/users/h61084/codes/improved/outputs/foundation_models/tasks/chronos2/multivariate reason=No completed reuse source has the expected identity and scientific configuration below /fslarge/scratch/users/h61084/codes/improved/outputs/foundation_models/tasks/chronos2/multivariate
TIME run allocation action=new run=/fslarge/scratch/users/h61084/codes/improved/outputs/channels_comparison/tasks/multivariate/chronos2/multivariate/Coastal_T_S/5T/short/run_0 launch_id=selena_channels_20260907T230635Z_3518 slurm_job_id=3221291 launched_at=2026-09-07T23:10:47.742931+00:00
  Initializing Chronos pipeline (/fslarge/scratch/users/h61084/weights/chronos2)...
  Dataset info:
    - Frequency: 5T
    - Num series: 18
    - Target dim: 3
    - Target mode: multivariate
    - Covariate channels: 0
    - Series length: min=44614, max=105408, avg=68604.9
    - Test split: 4320 steps
    - Prediction length: 36
    - Windows: 120
    Processed 160/2160...
    Processed 320/2160...
    Processed 480/2160...
    Processed 640/2160...
    Processed 800/2160...
    Processed 960/2160...
    Processed 1120/2160...
    Processed 1280/2160...
    Processed 1440/2160...
    Processed 1600/2160...
    Processed 1760/2160...
    Processed 1920/2160...
    Processed 2080/2160...
    Total instances: 2160, Series during experiment: 18, Windows: 120
    Collecting ground truth and context...
    Organizing data into arrays...
    Saved predictions (quantiles) to /fslarge/scratch/users/h61084/codes/improved/outputs/channels_comparison/tasks/multivariate/chronos2/multivariate/Coastal_T_S/5T/short/run_0/predictions.npz
    Computing per-window metrics...
    Saved metrics to /fslarge/scratch/users/h61084/codes/improved/outputs/channels_comparison/tasks/multivariate/chronos2/multivariate/Coastal_T_S/5T/short/run_0/metrics.npz
    Saved config to /fslarge/scratch/users/h61084/codes/improved/outputs/channels_comparison/tasks/multivariate/chronos2/multivariate/Coastal_T_S/5T/short/run_0/config.json
    Saved aggregate metrics to /fslarge/scratch/users/h61084/codes/improved/outputs/channels_comparison/tasks/multivariate/chronos2/multivariate/Coastal_T_S/5T/short/run_0/metrics_summary.json
    Metrics summary (averaged over all series/windows/variates):
      MSE: 118.4740
      MAE: 2.8462
      RMSE: 2.9973
      MAPE: 0.0889
      sMAPE: 0.0666
      MASE: 0.7896
      ND: 0.0618
      CRPS: 0.0376
  Completed: 18 series × 120 windows
  Output: /fslarge/scratch/users/h61084/codes/improved/outputs/channels_comparison/tasks/multivariate/chronos2/multivariate/Coastal_T_S/5T/short/run_0

--- Term: medium ---
  Config: prediction_length=288, test_length=4320, val_length=4320
TIME run allocation action=recompute reuse_source=/scratch/users/h61084/codes/improved/outputs/foundation_models/tasks/chronos2/multivariate reason=No completed reuse source has the expected identity and scientific configuration below /fslarge/scratch/users/h61084/codes/improved/outputs/foundation_models/tasks/chronos2/multivariate
TIME run allocation action=new run=/fslarge/scratch/users/h61084/codes/improved/outputs/channels_comparison/tasks/multivariate/chronos2/multivariate/Coastal_T_S/5T/medium/run_0 launch_id=selena_channels_20260907T230635Z_3518 slurm_job_id=3221291 launched_at=2026-09-07T23:11:22.037580+00:00
  Initializing Chronos pipeline (/fslarge/scratch/users/h61084/weights/chronos2)...
  Dataset info:
    - Frequency: 5T
    - Num series: 18
    - Target dim: 3
    - Target mode: multivariate
    - Covariate channels: 0
    - Series length: min=44614, max=105408, avg=68604.9
    - Test split: 4320 steps
    - Prediction length: 288
    - Windows: 15
    Processed 160/270...
    Total instances: 270, Series during experiment: 18, Windows: 15
    Collecting ground truth and context...
    Organizing data into arrays...
    Saved predictions (quantiles) to /fslarge/scratch/users/h61084/codes/improved/outputs/channels_comparison/tasks/multivariate/chronos2/multivariate/Coastal_T_S/5T/medium/run_0/predictions.npz
    Computing per-window metrics...
    Saved metrics to /fslarge/scratch/users/h61084/codes/improved/outputs/channels_comparison/tasks/multivariate/chronos2/multivariate/Coastal_T_S/5T/medium/run_0/metrics.npz
    Saved config to /fslarge/scratch/users/h61084/codes/improved/outputs/channels_comparison/tasks/multivariate/chronos2/multivariate/Coastal_T_S/5T/medium/run_0/config.json
    Saved aggregate metrics to /fslarge/scratch/users/h61084/codes/improved/outputs/channels_comparison/tasks/multivariate/chronos2/multivariate/Coastal_T_S/5T/medium/run_0/metrics_summary.json
    Metrics summary (averaged over all series/windows/variates):
      MSE: 130.2055
      MAE: 2.9707
      RMSE: 3.2697
      MAPE: 0.0928
      sMAPE: 0.0701
      MASE: 1.0309
      ND: 0.0662
      CRPS: 0.0415
  Completed: 18 series × 15 windows
  Output: /fslarge/scratch/users/h61084/codes/improved/outputs/channels_comparison/tasks/multivariate/chronos2/multivariate/Coastal_T_S/5T/medium/run_0

--- Term: long ---
  Config: prediction_length=864, test_length=4320, val_length=4320
TIME run allocation action=recompute reuse_source=/scratch/users/h61084/codes/improved/outputs/foundation_models/tasks/chronos2/multivariate reason=No completed reuse source has the expected identity and scientific configuration below /fslarge/scratch/users/h61084/codes/improved/outputs/foundation_models/tasks/chronos2/multivariate
TIME run allocation action=new run=/fslarge/scratch/users/h61084/codes/improved/outputs/channels_comparison/tasks/multivariate/chronos2/multivariate/Coastal_T_S/5T/long/run_0 launch_id=selena_channels_20260907T230635Z_3518 slurm_job_id=3221291 launched_at=2026-09-07T23:11:27.048497+00:00
  Initializing Chronos pipeline (/fslarge/scratch/users/h61084/weights/chronos2)...
  Dataset info:
    - Frequency: 5T
    - Num series: 18
    - Target dim: 3
    - Target mode: multivariate
    - Covariate channels: 0
    - Series length: min=44614, max=105408, avg=68604.9
    - Test split: 4320 steps
    - Prediction length: 864
    - Windows: 5
    Total instances: 90, Series during experiment: 18, Windows: 5
    Collecting ground truth and context...
    Organizing data into arrays...
    Saved predictions (quantiles) to /fslarge/scratch/users/h61084/codes/improved/outputs/channels_comparison/tasks/multivariate/chronos2/multivariate/Coastal_T_S/5T/long/run_0/predictions.npz
    Computing per-window metrics...
    Saved metrics to /fslarge/scratch/users/h61084/codes/improved/outputs/channels_comparison/tasks/multivariate/chronos2/multivariate/Coastal_T_S/5T/long/run_0/metrics.npz
    Saved config to /fslarge/scratch/users/h61084/codes/improved/outputs/channels_comparison/tasks/multivariate/chronos2/multivariate/Coastal_T_S/5T/long/run_0/config.json
    Saved aggregate metrics to /fslarge/scratch/users/h61084/codes/improved/outputs/channels_comparison/tasks/multivariate/chronos2/multivariate/Coastal_T_S/5T/long/run_0/metrics_summary.json
    Metrics summary (averaged over all series/windows/variates):
      MSE: 144.3059
      MAE: 3.0682
      RMSE: 3.5010
      MAPE: 0.0974
      sMAPE: 0.0720
      MASE: 1.2524
      ND: 0.0691
      CRPS: 0.0458
  Completed: 18 series × 5 windows
  Output: /fslarge/scratch/users/h61084/codes/improved/outputs/channels_comparison/tasks/multivariate/chronos2/multivariate/Coastal_T_S/5T/long/run_0

============================================================
All experiments completed!
Results saved to: /scratch/users/h61084/codes/improved/outputs/channels_comparison/tasks/multivariate
============================================================

############################################################
# Dataset 8/38: Coastal_T_S/15T
############################################################
Loading configuration...

============================================================
Dataset: Coastal_T_S/15T
Model: amazon/chronos-2
Checkpoint: /fslarge/scratch/users/h61084/weights/chronos2
Terms: ['short', 'medium', 'long']
Covariate mode: none
============================================================

--- Term: short ---
  Config: prediction_length=12, test_length=1440, val_length=1440
TIME run allocation action=recompute reuse_source=/scratch/users/h61084/codes/improved/outputs/foundation_models/tasks/chronos2/multivariate reason=No completed reuse source has the expected identity and scientific configuration below /fslarge/scratch/users/h61084/codes/improved/outputs/foundation_models/tasks/chronos2/multivariate
TIME run allocation action=new run=/fslarge/scratch/users/h61084/codes/improved/outputs/channels_comparison/tasks/multivariate/chronos2/multivariate/Coastal_T_S/15T/short/run_0 launch_id=selena_channels_20260907T230635Z_3518 slurm_job_id=3221291 launched_at=2026-09-07T23:11:29.359196+00:00
  Initializing Chronos pipeline (/fslarge/scratch/users/h61084/weights/chronos2)...
  Dataset info:
    - Frequency: 15T
    - Num series: 5
    - Target dim: 3
    - Target mode: multivariate
    - Covariate channels: 0
    - Series length: min=16686, max=23134, avg=20870.2
    - Test split: 1440 steps
    - Prediction length: 12
    - Windows: 120
    Processed 160/600...
    Processed 320/600...
    Processed 480/600...
    Total instances: 600, Series during experiment: 5, Windows: 120
    Collecting ground truth and context...
    Organizing data into arrays...
    Saved predictions (quantiles) to /fslarge/scratch/users/h61084/codes/improved/outputs/channels_comparison/tasks/multivariate/chronos2/multivariate/Coastal_T_S/15T/short/run_0/predictions.npz
    Computing per-window metrics...
    Saved metrics to /fslarge/scratch/users/h61084/codes/improved/outputs/channels_comparison/tasks/multivariate/chronos2/multivariate/Coastal_T_S/15T/short/run_0/metrics.npz
    Saved config to /fslarge/scratch/users/h61084/codes/improved/outputs/channels_comparison/tasks/multivariate/chronos2/multivariate/Coastal_T_S/15T/short/run_0/config.json
    Saved aggregate metrics to /fslarge/scratch/users/h61084/codes/improved/outputs/channels_comparison/tasks/multivariate/chronos2/multivariate/Coastal_T_S/15T/short/run_0/metrics_summary.json
    Metrics summary (averaged over all series/windows/variates):
      MSE: 109.7022
      MAE: 4.6588
      RMSE: 4.8298
      MAPE: 0.1408
      sMAPE: 0.1191
      MASE: 1.1305
      ND: 0.1155
      CRPS: 0.0680
  Completed: 5 series × 120 windows
  Output: /fslarge/scratch/users/h61084/codes/improved/outputs/channels_comparison/tasks/multivariate/chronos2/multivariate/Coastal_T_S/15T/short/run_0

--- Term: medium ---
  Config: prediction_length=96, test_length=1440, val_length=1440
TIME run allocation action=recompute reuse_source=/scratch/users/h61084/codes/improved/outputs/foundation_models/tasks/chronos2/multivariate reason=No completed reuse source has the expected identity and scientific configuration below /fslarge/scratch/users/h61084/codes/improved/outputs/foundation_models/tasks/chronos2/multivariate
TIME run allocation action=new run=/fslarge/scratch/users/h61084/codes/improved/outputs/channels_comparison/tasks/multivariate/chronos2/multivariate/Coastal_T_S/15T/medium/run_0 launch_id=selena_channels_20260907T230635Z_3518 slurm_job_id=3221291 launched_at=2026-09-07T23:11:38.581689+00:00
  Initializing Chronos pipeline (/fslarge/scratch/users/h61084/weights/chronos2)...
  Dataset info:
    - Frequency: 15T
    - Num series: 5
    - Target dim: 3
    - Target mode: multivariate
    - Covariate channels: 0
    - Series length: min=16686, max=23134, avg=20870.2
    - Test split: 1440 steps
    - Prediction length: 96
    - Windows: 15
    Total instances: 75, Series during experiment: 5, Windows: 15
    Collecting ground truth and context...
    Organizing data into arrays...
    Saved predictions (quantiles) to /fslarge/scratch/users/h61084/codes/improved/outputs/channels_comparison/tasks/multivariate/chronos2/multivariate/Coastal_T_S/15T/medium/run_0/predictions.npz
    Computing per-window metrics...
    Saved metrics to /fslarge/scratch/users/h61084/codes/improved/outputs/channels_comparison/tasks/multivariate/chronos2/multivariate/Coastal_T_S/15T/medium/run_0/metrics.npz
    Saved config to /fslarge/scratch/users/h61084/codes/improved/outputs/channels_comparison/tasks/multivariate/chronos2/multivariate/Coastal_T_S/15T/medium/run_0/config.json
    Saved aggregate metrics to /fslarge/scratch/users/h61084/codes/improved/outputs/channels_comparison/tasks/multivariate/chronos2/multivariate/Coastal_T_S/15T/medium/run_0/metrics_summary.json
    Metrics summary (averaged over all series/windows/variates):
      MSE: 110.5401
      MAE: 4.7118
      RMSE: 4.8865
      MAPE: 0.1411
      sMAPE: 0.1210
      MASE: 1.2499
      ND: 0.1150
      CRPS: 0.0677
  Completed: 5 series × 15 windows
  Output: /fslarge/scratch/users/h61084/codes/improved/outputs/channels_comparison/tasks/multivariate/chronos2/multivariate/Coastal_T_S/15T/medium/run_0

--- Term: long ---
  Config: prediction_length=288, test_length=1440, val_length=1440
TIME run allocation action=recompute reuse_source=/scratch/users/h61084/codes/improved/outputs/foundation_models/tasks/chronos2/multivariate reason=No completed reuse source has the expected identity and scientific configuration below /fslarge/scratch/users/h61084/codes/improved/outputs/foundation_models/tasks/chronos2/multivariate
TIME run allocation action=new run=/fslarge/scratch/users/h61084/codes/improved/outputs/channels_comparison/tasks/multivariate/chronos2/multivariate/Coastal_T_S/15T/long/run_0 launch_id=selena_channels_20260907T230635Z_3518 slurm_job_id=3221291 launched_at=2026-09-07T23:11:39.989365+00:00
  Initializing Chronos pipeline (/fslarge/scratch/users/h61084/weights/chronos2)...
  Dataset info:
    - Frequency: 15T
    - Num series: 5
    - Target dim: 3
    - Target mode: multivariate
    - Covariate channels: 0
    - Series length: min=16686, max=23134, avg=20870.2
    - Test split: 1440 steps
    - Prediction length: 288
    - Windows: 5
    Total instances: 25, Series during experiment: 5, Windows: 5
    Collecting ground truth and context...
    Organizing data into arrays...
    Saved predictions (quantiles) to /fslarge/scratch/users/h61084/codes/improved/outputs/channels_comparison/tasks/multivariate/chronos2/multivariate/Coastal_T_S/15T/long/run_0/predictions.npz
    Computing per-window metrics...
    Saved metrics to /fslarge/scratch/users/h61084/codes/improved/outputs/channels_comparison/tasks/multivariate/chronos2/multivariate/Coastal_T_S/15T/long/run_0/metrics.npz
    Saved config to /fslarge/scratch/users/h61084/codes/improved/outputs/channels_comparison/tasks/multivariate/chronos2/multivariate/Coastal_T_S/15T/long/run_0/config.json
    Saved aggregate metrics to /fslarge/scratch/users/h61084/codes/improved/outputs/channels_comparison/tasks/multivariate/chronos2/multivariate/Coastal_T_S/15T/long/run_0/metrics_summary.json
    Metrics summary (averaged over all series/windows/variates):
      MSE: 108.2672
      MAE: 4.7441
      RMSE: 4.8773
      MAPE: 0.1428
      sMAPE: 0.1226
      MASE: 1.3876
      ND: 0.1164
      CRPS: 0.0690
  Completed: 5 series × 5 windows
  Output: /fslarge/scratch/users/h61084/codes/improved/outputs/channels_comparison/tasks/multivariate/chronos2/multivariate/Coastal_T_S/15T/long/run_0

============================================================
All experiments completed!
Results saved to: /scratch/users/h61084/codes/improved/outputs/channels_comparison/tasks/multivariate
============================================================

############################################################
# Dataset 9/38: Coastal_T_S/20T
############################################################
Loading configuration...

============================================================
Dataset: Coastal_T_S/20T
Model: amazon/chronos-2
Checkpoint: /fslarge/scratch/users/h61084/weights/chronos2
Terms: ['short', 'medium', 'long']
Covariate mode: none
============================================================

--- Term: short ---
  Config: prediction_length=9, test_length=1080, val_length=1080
TIME run allocation action=recompute reuse_source=/scratch/users/h61084/codes/improved/outputs/foundation_models/tasks/chronos2/multivariate reason=No completed reuse source has the expected identity and scientific configuration below /fslarge/scratch/users/h61084/codes/improved/outputs/foundation_models/tasks/chronos2/multivariate
TIME run allocation action=new run=/fslarge/scratch/users/h61084/codes/improved/outputs/channels_comparison/tasks/multivariate/chronos2/multivariate/Coastal_T_S/20T/short/run_0 launch_id=selena_channels_20260907T230635Z_3518 slurm_job_id=3221291 launched_at=2026-09-07T23:11:40.669958+00:00
  Initializing Chronos pipeline (/fslarge/scratch/users/h61084/weights/chronos2)...
  Dataset info:
    - Frequency: 20T
    - Num series: 1
    - Target dim: 3
    - Target mode: multivariate
    - Covariate channels: 0
    - Series length: min=8198, max=8198, avg=8198.0
    - Test split: 1080 steps
    - Prediction length: 9
    - Windows: 120
    Total instances: 120, Series during experiment: 1, Windows: 120
    Collecting ground truth and context...
    Organizing data into arrays...
    Saved predictions (quantiles) to /fslarge/scratch/users/h61084/codes/improved/outputs/channels_comparison/tasks/multivariate/chronos2/multivariate/Coastal_T_S/20T/short/run_0/predictions.npz
    Computing per-window metrics...
    Saved metrics to /fslarge/scratch/users/h61084/codes/improved/outputs/channels_comparison/tasks/multivariate/chronos2/multivariate/Coastal_T_S/20T/short/run_0/metrics.npz
    Saved config to /fslarge/scratch/users/h61084/codes/improved/outputs/channels_comparison/tasks/multivariate/chronos2/multivariate/Coastal_T_S/20T/short/run_0/config.json
    Saved aggregate metrics to /fslarge/scratch/users/h61084/codes/improved/outputs/channels_comparison/tasks/multivariate/chronos2/multivariate/Coastal_T_S/20T/short/run_0/metrics_summary.json
    Metrics summary (averaged over all series/windows/variates):
      MSE: 0.0067
      MAE: 0.0592
      RMSE: 0.0666
      MAPE: 0.0025
      sMAPE: 0.0025
      MASE: 0.4837
      ND: 0.0025
      CRPS: 0.0019
  Completed: 1 series × 120 windows
  Output: /fslarge/scratch/users/h61084/codes/improved/outputs/channels_comparison/tasks/multivariate/chronos2/multivariate/Coastal_T_S/20T/short/run_0

--- Term: medium ---
  Config: prediction_length=72, test_length=1080, val_length=1080
TIME run allocation action=recompute reuse_source=/scratch/users/h61084/codes/improved/outputs/foundation_models/tasks/chronos2/multivariate reason=No completed reuse source has the expected identity and scientific configuration below /fslarge/scratch/users/h61084/codes/improved/outputs/foundation_models/tasks/chronos2/multivariate
TIME run allocation action=new run=/fslarge/scratch/users/h61084/codes/improved/outputs/channels_comparison/tasks/multivariate/chronos2/multivariate/Coastal_T_S/20T/medium/run_0 launch_id=selena_channels_20260907T230635Z_3518 slurm_job_id=3221291 launched_at=2026-09-07T23:11:42.551500+00:00
  Initializing Chronos pipeline (/fslarge/scratch/users/h61084/weights/chronos2)...
  Dataset info:
    - Frequency: 20T
    - Num series: 1
    - Target dim: 3
    - Target mode: multivariate
    - Covariate channels: 0
    - Series length: min=8198, max=8198, avg=8198.0
    - Test split: 1080 steps
    - Prediction length: 72
    - Windows: 15
    Total instances: 15, Series during experiment: 1, Windows: 15
    Collecting ground truth and context...
    Organizing data into arrays...
    Saved predictions (quantiles) to /fslarge/scratch/users/h61084/codes/improved/outputs/channels_comparison/tasks/multivariate/chronos2/multivariate/Coastal_T_S/20T/medium/run_0/predictions.npz
    Computing per-window metrics...
    Saved metrics to /fslarge/scratch/users/h61084/codes/improved/outputs/channels_comparison/tasks/multivariate/chronos2/multivariate/Coastal_T_S/20T/medium/run_0/metrics.npz
    Saved config to /fslarge/scratch/users/h61084/codes/improved/outputs/channels_comparison/tasks/multivariate/chronos2/multivariate/Coastal_T_S/20T/medium/run_0/config.json
    Saved aggregate metrics to /fslarge/scratch/users/h61084/codes/improved/outputs/channels_comparison/tasks/multivariate/chronos2/multivariate/Coastal_T_S/20T/medium/run_0/metrics_summary.json
    Metrics summary (averaged over all series/windows/variates):
      MSE: 0.0283
      MAE: 0.1255
      RMSE: 0.1497
      MAPE: 0.0052
      sMAPE: 0.0052
      MASE: 0.9894
      ND: 0.0052
      CRPS: 0.0041
  Completed: 1 series × 15 windows
  Output: /fslarge/scratch/users/h61084/codes/improved/outputs/channels_comparison/tasks/multivariate/chronos2/multivariate/Coastal_T_S/20T/medium/run_0

--- Term: long ---
  Config: prediction_length=216, test_length=1080, val_length=1080
TIME run allocation action=recompute reuse_source=/scratch/users/h61084/codes/improved/outputs/foundation_models/tasks/chronos2/multivariate reason=No completed reuse source has the expected identity and scientific configuration below /fslarge/scratch/users/h61084/codes/improved/outputs/foundation_models/tasks/chronos2/multivariate
TIME run allocation action=new run=/fslarge/scratch/users/h61084/codes/improved/outputs/channels_comparison/tasks/multivariate/chronos2/multivariate/Coastal_T_S/20T/long/run_0 launch_id=selena_channels_20260907T230635Z_3518 slurm_job_id=3221291 launched_at=2026-09-07T23:11:43.165559+00:00
  Initializing Chronos pipeline (/fslarge/scratch/users/h61084/weights/chronos2)...
  Dataset info:
    - Frequency: 20T
    - Num series: 1
    - Target dim: 3
    - Target mode: multivariate
    - Covariate channels: 0
    - Series length: min=8198, max=8198, avg=8198.0
    - Test split: 1080 steps
    - Prediction length: 216
    - Windows: 5
    Total instances: 5, Series during experiment: 1, Windows: 5
    Collecting ground truth and context...
    Organizing data into arrays...
    Saved predictions (quantiles) to /fslarge/scratch/users/h61084/codes/improved/outputs/channels_comparison/tasks/multivariate/chronos2/multivariate/Coastal_T_S/20T/long/run_0/predictions.npz
    Computing per-window metrics...
    Saved metrics to /fslarge/scratch/users/h61084/codes/improved/outputs/channels_comparison/tasks/multivariate/chronos2/multivariate/Coastal_T_S/20T/long/run_0/metrics.npz
    Saved config to /fslarge/scratch/users/h61084/codes/improved/outputs/channels_comparison/tasks/multivariate/chronos2/multivariate/Coastal_T_S/20T/long/run_0/config.json
    Saved aggregate metrics to /fslarge/scratch/users/h61084/codes/improved/outputs/channels_comparison/tasks/multivariate/chronos2/multivariate/Coastal_T_S/20T/long/run_0/metrics_summary.json
    Metrics summary (averaged over all series/windows/variates):
      MSE: 0.0622
      MAE: 0.1744
      RMSE: 0.2171
      MAPE: 0.0070
      sMAPE: 0.0069
      MASE: 1.4011
      ND: 0.0069
      CRPS: 0.0055
  Completed: 1 series × 5 windows
  Output: /fslarge/scratch/users/h61084/codes/improved/outputs/channels_comparison/tasks/multivariate/chronos2/multivariate/Coastal_T_S/20T/long/run_0

============================================================
All experiments completed!
Results saved to: /scratch/users/h61084/codes/improved/outputs/channels_comparison/tasks/multivariate
============================================================

############################################################
# Dataset 10/38: Coastal_T_S/H
############################################################
Loading configuration...

============================================================
Dataset: Coastal_T_S/H
Model: amazon/chronos-2
Checkpoint: /fslarge/scratch/users/h61084/weights/chronos2
Terms: ['short', 'medium', 'long']
Covariate mode: none
============================================================

--- Term: short ---
  Config: prediction_length=24, test_length=672, val_length=672
TIME run allocation action=recompute reuse_source=/scratch/users/h61084/codes/improved/outputs/foundation_models/tasks/chronos2/multivariate reason=No completed reuse source has the expected identity and scientific configuration below /fslarge/scratch/users/h61084/codes/improved/outputs/foundation_models/tasks/chronos2/multivariate
TIME run allocation action=new run=/fslarge/scratch/users/h61084/codes/improved/outputs/channels_comparison/tasks/multivariate/chronos2/multivariate/Coastal_T_S/H/short/run_0 launch_id=selena_channels_20260907T230635Z_3518 slurm_job_id=3221291 launched_at=2026-09-07T23:11:43.782922+00:00
  Initializing Chronos pipeline (/fslarge/scratch/users/h61084/weights/chronos2)...
  Dataset info:
    - Frequency: H
    - Num series: 24
    - Target dim: 3
    - Target mode: multivariate
    - Covariate channels: 0
    - Series length: min=2733, max=8784, avg=5488.8
    - Test split: 672 steps
    - Prediction length: 24
    - Windows: 28
    Processed 160/672...
    Processed 320/672...
    Processed 480/672...
    Processed 640/672...
    Total instances: 672, Series during experiment: 24, Windows: 28
    Collecting ground truth and context...
    Organizing data into arrays...
    Saved predictions (quantiles) to /fslarge/scratch/users/h61084/codes/improved/outputs/channels_comparison/tasks/multivariate/chronos2/multivariate/Coastal_T_S/H/short/run_0/predictions.npz
    Computing per-window metrics...
    Saved metrics to /fslarge/scratch/users/h61084/codes/improved/outputs/channels_comparison/tasks/multivariate/chronos2/multivariate/Coastal_T_S/H/short/run_0/metrics.npz
    Saved config to /fslarge/scratch/users/h61084/codes/improved/outputs/channels_comparison/tasks/multivariate/chronos2/multivariate/Coastal_T_S/H/short/run_0/config.json
    Saved aggregate metrics to /fslarge/scratch/users/h61084/codes/improved/outputs/channels_comparison/tasks/multivariate/chronos2/multivariate/Coastal_T_S/H/short/run_0/metrics_summary.json
    Metrics summary (averaged over all series/windows/variates):
      MSE: 14.6389
      MAE: 1.0935
      RMSE: 1.3479
      MAPE: 0.0297
      sMAPE: 0.0279
      MASE: 0.9170
      ND: 0.0276
      CRPS: 0.0218
  Completed: 24 series × 28 windows
  Output: /fslarge/scratch/users/h61084/codes/improved/outputs/channels_comparison/tasks/multivariate/chronos2/multivariate/Coastal_T_S/H/short/run_0

--- Term: medium ---
  Config: prediction_length=168, test_length=672, val_length=672
TIME run allocation action=recompute reuse_source=/scratch/users/h61084/codes/improved/outputs/foundation_models/tasks/chronos2/multivariate reason=No completed reuse source has the expected identity and scientific configuration below /fslarge/scratch/users/h61084/codes/improved/outputs/foundation_models/tasks/chronos2/multivariate
TIME run allocation action=new run=/fslarge/scratch/users/h61084/codes/improved/outputs/channels_comparison/tasks/multivariate/chronos2/multivariate/Coastal_T_S/H/medium/run_0 launch_id=selena_channels_20260907T230635Z_3518 slurm_job_id=3221291 launched_at=2026-09-07T23:11:50.796809+00:00
  Initializing Chronos pipeline (/fslarge/scratch/users/h61084/weights/chronos2)...
  Dataset info:
    - Frequency: H
    - Num series: 24
    - Target dim: 3
    - Target mode: multivariate
    - Covariate channels: 0
    - Series length: min=2733, max=8784, avg=5488.8
    - Test split: 672 steps
    - Prediction length: 168
    - Windows: 4
    Total instances: 96, Series during experiment: 24, Windows: 4
    Collecting ground truth and context...
    Organizing data into arrays...
    Saved predictions (quantiles) to /fslarge/scratch/users/h61084/codes/improved/outputs/channels_comparison/tasks/multivariate/chronos2/multivariate/Coastal_T_S/H/medium/run_0/predictions.npz
    Computing per-window metrics...
    Saved metrics to /fslarge/scratch/users/h61084/codes/improved/outputs/channels_comparison/tasks/multivariate/chronos2/multivariate/Coastal_T_S/H/medium/run_0/metrics.npz
    Saved config to /fslarge/scratch/users/h61084/codes/improved/outputs/channels_comparison/tasks/multivariate/chronos2/multivariate/Coastal_T_S/H/medium/run_0/config.json
    Saved aggregate metrics to /fslarge/scratch/users/h61084/codes/improved/outputs/channels_comparison/tasks/multivariate/chronos2/multivariate/Coastal_T_S/H/medium/run_0/metrics_summary.json
    Metrics summary (averaged over all series/windows/variates):
      MSE: 21.6031
      MAE: 1.3657
      RMSE: 1.6965
      MAPE: 0.0417
      sMAPE: 0.0365
      MASE: 1.6186
      ND: 0.0394
      CRPS: 0.0319
  Completed: 24 series × 4 windows
  Output: /fslarge/scratch/users/h61084/codes/improved/outputs/channels_comparison/tasks/multivariate/chronos2/multivariate/Coastal_T_S/H/medium/run_0

--- Term: long ---
  Config: prediction_length=336, test_length=672, val_length=672
TIME run allocation action=recompute reuse_source=/scratch/users/h61084/codes/improved/outputs/foundation_models/tasks/chronos2/multivariate reason=No completed reuse source has the expected identity and scientific configuration below /fslarge/scratch/users/h61084/codes/improved/outputs/foundation_models/tasks/chronos2/multivariate
TIME run allocation action=new run=/fslarge/scratch/users/h61084/codes/improved/outputs/channels_comparison/tasks/multivariate/chronos2/multivariate/Coastal_T_S/H/long/run_0 launch_id=selena_channels_20260907T230635Z_3518 slurm_job_id=3221291 launched_at=2026-09-07T23:11:52.401225+00:00
  Initializing Chronos pipeline (/fslarge/scratch/users/h61084/weights/chronos2)...
  Dataset info:
    - Frequency: H
    - Num series: 24
    - Target dim: 3
    - Target mode: multivariate
    - Covariate channels: 0
    - Series length: min=2733, max=8784, avg=5488.8
    - Test split: 672 steps
    - Prediction length: 336
    - Windows: 2
    Total instances: 48, Series during experiment: 24, Windows: 2
    Collecting ground truth and context...
    Organizing data into arrays...
    Saved predictions (quantiles) to /fslarge/scratch/users/h61084/codes/improved/outputs/channels_comparison/tasks/multivariate/chronos2/multivariate/Coastal_T_S/H/long/run_0/predictions.npz
    Computing per-window metrics...
    Saved metrics to /fslarge/scratch/users/h61084/codes/improved/outputs/channels_comparison/tasks/multivariate/chronos2/multivariate/Coastal_T_S/H/long/run_0/metrics.npz
    Saved config to /fslarge/scratch/users/h61084/codes/improved/outputs/channels_comparison/tasks/multivariate/chronos2/multivariate/Coastal_T_S/H/long/run_0/config.json
    Saved aggregate metrics to /fslarge/scratch/users/h61084/codes/improved/outputs/channels_comparison/tasks/multivariate/chronos2/multivariate/Coastal_T_S/H/long/run_0/metrics_summary.json
    Metrics summary (averaged over all series/windows/variates):
      MSE: 23.2641
      MAE: 1.4689
      RMSE: 1.8648
      MAPE: 0.0475
      sMAPE: 0.0415
      MASE: 2.2994
      ND: 0.0420
      CRPS: 0.0344
  Completed: 24 series × 2 windows
  Output: /fslarge/scratch/users/h61084/codes/improved/outputs/channels_comparison/tasks/multivariate/chronos2/multivariate/Coastal_T_S/H/long/run_0

============================================================
All experiments completed!
Results saved to: /scratch/users/h61084/codes/improved/outputs/channels_comparison/tasks/multivariate
============================================================

############################################################
# Dataset 11/38: SG_Weather/D
############################################################
Loading configuration...

============================================================
Dataset: SG_Weather/D
Model: amazon/chronos-2
Checkpoint: /fslarge/scratch/users/h61084/weights/chronos2
Terms: ['short', 'medium', 'long']
Covariate mode: none
============================================================

--- Term: short ---
  Config: prediction_length=3, test_length=366, val_length=366
TIME run allocation action=recompute reuse_source=/scratch/users/h61084/codes/improved/outputs/foundation_models/tasks/chronos2/multivariate reason=No completed reuse source has the expected identity and scientific configuration below /fslarge/scratch/users/h61084/codes/improved/outputs/foundation_models/tasks/chronos2/multivariate
TIME run allocation action=new run=/fslarge/scratch/users/h61084/codes/improved/outputs/channels_comparison/tasks/multivariate/chronos2/multivariate/SG_Weather/D/short/run_0 launch_id=selena_channels_20260907T230635Z_3518 slurm_job_id=3221291 launched_at=2026-09-07T23:11:53.422663+00:00
  Initializing Chronos pipeline (/fslarge/scratch/users/h61084/weights/chronos2)...
  Dataset info:
    - Frequency: D
    - Num series: 6
    - Target dim: 4
    - Target mode: multivariate
    - Covariate channels: 0
    - Series length: min=2953, max=2953, avg=2953.0
    - Test split: 366 steps
    - Prediction length: 3
    - Windows: 122
    Processed 160/732...
    Processed 320/732...
    Processed 480/732...
    Processed 640/732...
    Total instances: 732, Series during experiment: 6, Windows: 122
    Collecting ground truth and context...
    Organizing data into arrays...
    Saved predictions (quantiles) to /fslarge/scratch/users/h61084/codes/improved/outputs/channels_comparison/tasks/multivariate/chronos2/multivariate/SG_Weather/D/short/run_0/predictions.npz
    Computing per-window metrics...
    Saved metrics to /fslarge/scratch/users/h61084/codes/improved/outputs/channels_comparison/tasks/multivariate/chronos2/multivariate/SG_Weather/D/short/run_0/metrics.npz
    Saved config to /fslarge/scratch/users/h61084/codes/improved/outputs/channels_comparison/tasks/multivariate/chronos2/multivariate/SG_Weather/D/short/run_0/config.json
    Saved aggregate metrics to /fslarge/scratch/users/h61084/codes/improved/outputs/channels_comparison/tasks/multivariate/chronos2/multivariate/SG_Weather/D/short/run_0/metrics_summary.json
    Metrics summary (averaged over all series/windows/variates):
      MSE: 2308.7725
      MAE: 17.0650
      RMSE: 20.1458
      MAPE: 0.3351
      sMAPE: 0.2199
      MASE: 0.8518
      ND: 0.2257
      CRPS: 0.1834
  Completed: 6 series × 122 windows
  Output: /fslarge/scratch/users/h61084/codes/improved/outputs/channels_comparison/tasks/multivariate/chronos2/multivariate/SG_Weather/D/short/run_0

--- Term: medium ---
  Config: prediction_length=7, test_length=366, val_length=366
TIME run allocation action=recompute reuse_source=/scratch/users/h61084/codes/improved/outputs/foundation_models/tasks/chronos2/multivariate reason=No completed reuse source has the expected identity and scientific configuration below /fslarge/scratch/users/h61084/codes/improved/outputs/foundation_models/tasks/chronos2/multivariate
TIME run allocation action=new run=/fslarge/scratch/users/h61084/codes/improved/outputs/channels_comparison/tasks/multivariate/chronos2/multivariate/SG_Weather/D/medium/run_0 launch_id=selena_channels_20260907T230635Z_3518 slurm_job_id=3221291 launched_at=2026-09-07T23:11:58.713408+00:00
  Initializing Chronos pipeline (/fslarge/scratch/users/h61084/weights/chronos2)...
  Dataset info:
    - Frequency: D
    - Num series: 6
    - Target dim: 4
    - Target mode: multivariate
    - Covariate channels: 0
    - Series length: min=2953, max=2953, avg=2953.0
    - Test split: 366 steps
    - Prediction length: 7
    - Windows: 52
    Processed 160/312...
    Processed 312/312...
    Total instances: 312, Series during experiment: 6, Windows: 52
    Collecting ground truth and context...
    Organizing data into arrays...
    Saved predictions (quantiles) to /fslarge/scratch/users/h61084/codes/improved/outputs/channels_comparison/tasks/multivariate/chronos2/multivariate/SG_Weather/D/medium/run_0/predictions.npz
    Computing per-window metrics...
    Saved metrics to /fslarge/scratch/users/h61084/codes/improved/outputs/channels_comparison/tasks/multivariate/chronos2/multivariate/SG_Weather/D/medium/run_0/metrics.npz
    Saved config to /fslarge/scratch/users/h61084/codes/improved/outputs/channels_comparison/tasks/multivariate/chronos2/multivariate/SG_Weather/D/medium/run_0/config.json
    Saved aggregate metrics to /fslarge/scratch/users/h61084/codes/improved/outputs/channels_comparison/tasks/multivariate/chronos2/multivariate/SG_Weather/D/medium/run_0/metrics_summary.json
    Metrics summary (averaged over all series/windows/variates):
      MSE: 2331.1481
      MAE: 17.3771
      RMSE: 22.2101
      MAPE: 0.3417
      sMAPE: 0.2239
      MASE: 0.8881
      ND: 0.2159
      CRPS: 0.1716
  Completed: 6 series × 52 windows
  Output: /fslarge/scratch/users/h61084/codes/improved/outputs/channels_comparison/tasks/multivariate/chronos2/multivariate/SG_Weather/D/medium/run_0

--- Term: long ---
  Config: prediction_length=14, test_length=366, val_length=366
TIME run allocation action=recompute reuse_source=/scratch/users/h61084/codes/improved/outputs/foundation_models/tasks/chronos2/multivariate reason=No completed reuse source has the expected identity and scientific configuration below /fslarge/scratch/users/h61084/codes/improved/outputs/foundation_models/tasks/chronos2/multivariate
TIME run allocation action=new run=/fslarge/scratch/users/h61084/codes/improved/outputs/channels_comparison/tasks/multivariate/chronos2/multivariate/SG_Weather/D/long/run_0 launch_id=selena_channels_20260907T230635Z_3518 slurm_job_id=3221291 launched_at=2026-09-07T23:12:01.175718+00:00
  Initializing Chronos pipeline (/fslarge/scratch/users/h61084/weights/chronos2)...
  Dataset info:
    - Frequency: D
    - Num series: 6
    - Target dim: 4
    - Target mode: multivariate
    - Covariate channels: 0
    - Series length: min=2953, max=2953, avg=2953.0
    - Test split: 366 steps
    - Prediction length: 14
    - Windows: 26
    Processed 156/156...
    Total instances: 156, Series during experiment: 6, Windows: 26
    Collecting ground truth and context...
    Organizing data into arrays...
    Saved predictions (quantiles) to /fslarge/scratch/users/h61084/codes/improved/outputs/channels_comparison/tasks/multivariate/chronos2/multivariate/SG_Weather/D/long/run_0/predictions.npz
    Computing per-window metrics...
    Saved metrics to /fslarge/scratch/users/h61084/codes/improved/outputs/channels_comparison/tasks/multivariate/chronos2/multivariate/SG_Weather/D/long/run_0/metrics.npz
    Saved config to /fslarge/scratch/users/h61084/codes/improved/outputs/channels_comparison/tasks/multivariate/chronos2/multivariate/SG_Weather/D/long/run_0/config.json
    Saved aggregate metrics to /fslarge/scratch/users/h61084/codes/improved/outputs/channels_comparison/tasks/multivariate/chronos2/multivariate/SG_Weather/D/long/run_0/metrics_summary.json
    Metrics summary (averaged over all series/windows/variates):
      MSE: 2302.8735
      MAE: 17.2973
      RMSE: 22.9371
      MAPE: 0.3422
      sMAPE: 0.2254
      MASE: 0.8997
      ND: 0.2133
      CRPS: 0.1689
  Completed: 6 series × 26 windows
  Output: /fslarge/scratch/users/h61084/codes/improved/outputs/channels_comparison/tasks/multivariate/chronos2/multivariate/SG_Weather/D/long/run_0

============================================================
All experiments completed!
Results saved to: /scratch/users/h61084/codes/improved/outputs/channels_comparison/tasks/multivariate
============================================================

############################################################
# Dataset 12/38: SG_PM25/H
############################################################
Loading configuration...

============================================================
Dataset: SG_PM25/H
Model: amazon/chronos-2
Checkpoint: /fslarge/scratch/users/h61084/weights/chronos2
Terms: ['short', 'medium', 'long']
Covariate mode: none
============================================================

--- Term: short ---
  Config: prediction_length=24, test_length=2208, val_length=2160
TIME run allocation action=recompute reuse_source=/scratch/users/h61084/codes/improved/outputs/foundation_models/tasks/chronos2/multivariate reason=No completed reuse source has the expected identity and scientific configuration below /fslarge/scratch/users/h61084/codes/improved/outputs/foundation_models/tasks/chronos2/multivariate
TIME run allocation action=new run=/fslarge/scratch/users/h61084/codes/improved/outputs/channels_comparison/tasks/multivariate/chronos2/multivariate/SG_PM25/H/short/run_0 launch_id=selena_channels_20260907T230635Z_3518 slurm_job_id=3221291 launched_at=2026-09-07T23:12:02.636562+00:00
  Initializing Chronos pipeline (/fslarge/scratch/users/h61084/weights/chronos2)...
  Dataset info:
    - Frequency: H
    - Num series: 1
    - Target dim: 5
    - Target mode: multivariate
    - Covariate channels: 0
    - Series length: min=38688, max=38688, avg=38688.0
    - Test split: 2208 steps
    - Prediction length: 24
    - Windows: 92
    Total instances: 92, Series during experiment: 1, Windows: 92
    Collecting ground truth and context...
    Organizing data into arrays...
    Saved predictions (quantiles) to /fslarge/scratch/users/h61084/codes/improved/outputs/channels_comparison/tasks/multivariate/chronos2/multivariate/SG_PM25/H/short/run_0/predictions.npz
    Computing per-window metrics...
    Saved metrics to /fslarge/scratch/users/h61084/codes/improved/outputs/channels_comparison/tasks/multivariate/chronos2/multivariate/SG_PM25/H/short/run_0/metrics.npz
    Saved config to /fslarge/scratch/users/h61084/codes/improved/outputs/channels_comparison/tasks/multivariate/chronos2/multivariate/SG_PM25/H/short/run_0/config.json
    Saved aggregate metrics to /fslarge/scratch/users/h61084/codes/improved/outputs/channels_comparison/tasks/multivariate/chronos2/multivariate/SG_PM25/H/short/run_0/metrics_summary.json
    Metrics summary (averaged over all series/windows/variates):
      MSE: 40.1058
      MAE: 4.5733
      RMSE: 5.6619
      MAPE: 0.4851
      sMAPE: 0.3903
      MASE: 0.8698
      ND: 0.3863
      CRPS: 0.3004
  Completed: 1 series × 92 windows
  Output: /fslarge/scratch/users/h61084/codes/improved/outputs/channels_comparison/tasks/multivariate/chronos2/multivariate/SG_PM25/H/short/run_0

--- Term: medium ---
  Config: prediction_length=72, test_length=2208, val_length=2160
TIME run allocation action=recompute reuse_source=/scratch/users/h61084/codes/improved/outputs/foundation_models/tasks/chronos2/multivariate reason=No completed reuse source has the expected identity and scientific configuration below /fslarge/scratch/users/h61084/codes/improved/outputs/foundation_models/tasks/chronos2/multivariate
TIME run allocation action=new run=/fslarge/scratch/users/h61084/codes/improved/outputs/channels_comparison/tasks/multivariate/chronos2/multivariate/SG_PM25/H/medium/run_0 launch_id=selena_channels_20260907T230635Z_3518 slurm_job_id=3221291 launched_at=2026-09-07T23:12:05.236082+00:00
  Initializing Chronos pipeline (/fslarge/scratch/users/h61084/weights/chronos2)...
  Dataset info:
    - Frequency: H
    - Num series: 1
    - Target dim: 5
    - Target mode: multivariate
    - Covariate channels: 0
    - Series length: min=38688, max=38688, avg=38688.0
    - Test split: 2208 steps
    - Prediction length: 72
    - Windows: 30
    Total instances: 30, Series during experiment: 1, Windows: 30
    Collecting ground truth and context...
    Organizing data into arrays...
    Saved predictions (quantiles) to /fslarge/scratch/users/h61084/codes/improved/outputs/channels_comparison/tasks/multivariate/chronos2/multivariate/SG_PM25/H/medium/run_0/predictions.npz
    Computing per-window metrics...
    Saved metrics to /fslarge/scratch/users/h61084/codes/improved/outputs/channels_comparison/tasks/multivariate/chronos2/multivariate/SG_PM25/H/medium/run_0/metrics.npz
    Saved config to /fslarge/scratch/users/h61084/codes/improved/outputs/channels_comparison/tasks/multivariate/chronos2/multivariate/SG_PM25/H/medium/run_0/config.json
    Saved aggregate metrics to /fslarge/scratch/users/h61084/codes/improved/outputs/channels_comparison/tasks/multivariate/chronos2/multivariate/SG_PM25/H/medium/run_0/metrics_summary.json
    Metrics summary (averaged over all series/windows/variates):
      MSE: 46.9083
      MAE: 4.8729
      RMSE: 6.2525
      MAPE: 0.4988
      sMAPE: 0.4131
      MASE: 0.9263
      ND: 0.3971
      CRPS: 0.3107
  Completed: 1 series × 30 windows
  Output: /fslarge/scratch/users/h61084/codes/improved/outputs/channels_comparison/tasks/multivariate/chronos2/multivariate/SG_PM25/H/medium/run_0

--- Term: long ---
  Config: prediction_length=168, test_length=2208, val_length=2160
TIME run allocation action=recompute reuse_source=/scratch/users/h61084/codes/improved/outputs/foundation_models/tasks/chronos2/multivariate reason=No completed reuse source has the expected identity and scientific configuration below /fslarge/scratch/users/h61084/codes/improved/outputs/foundation_models/tasks/chronos2/multivariate
TIME run allocation action=new run=/fslarge/scratch/users/h61084/codes/improved/outputs/channels_comparison/tasks/multivariate/chronos2/multivariate/SG_PM25/H/long/run_0 launch_id=selena_channels_20260907T230635Z_3518 slurm_job_id=3221291 launched_at=2026-09-07T23:12:06.263204+00:00
  Initializing Chronos pipeline (/fslarge/scratch/users/h61084/weights/chronos2)...
  Dataset info:
    - Frequency: H
    - Num series: 1
    - Target dim: 5
    - Target mode: multivariate
    - Covariate channels: 0
    - Series length: min=38688, max=38688, avg=38688.0
    - Test split: 2208 steps
    - Prediction length: 168
    - Windows: 13
    Total instances: 13, Series during experiment: 1, Windows: 13
    Collecting ground truth and context...
    Organizing data into arrays...
    Saved predictions (quantiles) to /fslarge/scratch/users/h61084/codes/improved/outputs/channels_comparison/tasks/multivariate/chronos2/multivariate/SG_PM25/H/long/run_0/predictions.npz
    Computing per-window metrics...
    Saved metrics to /fslarge/scratch/users/h61084/codes/improved/outputs/channels_comparison/tasks/multivariate/chronos2/multivariate/SG_PM25/H/long/run_0/metrics.npz
    Saved config to /fslarge/scratch/users/h61084/codes/improved/outputs/channels_comparison/tasks/multivariate/chronos2/multivariate/SG_PM25/H/long/run_0/config.json
    Saved aggregate metrics to /fslarge/scratch/users/h61084/codes/improved/outputs/channels_comparison/tasks/multivariate/chronos2/multivariate/SG_PM25/H/long/run_0/metrics_summary.json
    Metrics summary (averaged over all series/windows/variates):
      MSE: 49.7647
      MAE: 5.0552
      RMSE: 6.6385
      MAPE: 0.5207
      sMAPE: 0.4262
      MASE: 0.9614
      ND: 0.4102
      CRPS: 0.3205
  Completed: 1 series × 13 windows
  Output: /fslarge/scratch/users/h61084/codes/improved/outputs/channels_comparison/tasks/multivariate/chronos2/multivariate/SG_PM25/H/long/run_0

============================================================
All experiments completed!
Results saved to: /scratch/users/h61084/codes/improved/outputs/channels_comparison/tasks/multivariate
============================================================

############################################################
# Dataset 13/38: NE_China_Wind/H
############################################################
Loading configuration...

============================================================
Dataset: NE_China_Wind/H
Model: amazon/chronos-2
Checkpoint: /fslarge/scratch/users/h61084/weights/chronos2
Terms: ['short', 'medium', 'long']
Covariate mode: none
============================================================

--- Term: short ---
  Config: prediction_length=24, test_length=720, val_length=720
TIME run allocation action=recompute reuse_source=/scratch/users/h61084/codes/improved/outputs/foundation_models/tasks/chronos2/multivariate reason=No completed reuse source has the expected identity and scientific configuration below /fslarge/scratch/users/h61084/codes/improved/outputs/foundation_models/tasks/chronos2/multivariate
TIME run allocation action=new run=/fslarge/scratch/users/h61084/codes/improved/outputs/channels_comparison/tasks/multivariate/chronos2/multivariate/NE_China_Wind/H/short/run_0 launch_id=selena_channels_20260907T230635Z_3518 slurm_job_id=3221291 launched_at=2026-09-07T23:12:06.893387+00:00
  Initializing Chronos pipeline (/fslarge/scratch/users/h61084/weights/chronos2)...
  Dataset info:
    - Frequency: H
    - Num series: 1
    - Target dim: 4
    - Target mode: multivariate
    - Covariate channels: 0
    - Series length: min=8764, max=8764, avg=8764.0
    - Test split: 720 steps
    - Prediction length: 24
    - Windows: 30
    Total instances: 30, Series during experiment: 1, Windows: 30
    Collecting ground truth and context...
    Organizing data into arrays...
    Saved predictions (quantiles) to /fslarge/scratch/users/h61084/codes/improved/outputs/channels_comparison/tasks/multivariate/chronos2/multivariate/NE_China_Wind/H/short/run_0/predictions.npz
    Computing per-window metrics...
    Saved metrics to /fslarge/scratch/users/h61084/codes/improved/outputs/channels_comparison/tasks/multivariate/chronos2/multivariate/NE_China_Wind/H/short/run_0/metrics.npz
    Saved config to /fslarge/scratch/users/h61084/codes/improved/outputs/channels_comparison/tasks/multivariate/chronos2/multivariate/NE_China_Wind/H/short/run_0/config.json
    Saved aggregate metrics to /fslarge/scratch/users/h61084/codes/improved/outputs/channels_comparison/tasks/multivariate/chronos2/multivariate/NE_China_Wind/H/short/run_0/metrics_summary.json
    Metrics summary (averaged over all series/windows/variates):
      MSE: 0.0931
      MAE: 0.2095
      RMSE: 0.2445
      MAPE: 0.8137
      sMAPE: 0.4872
      MASE: 0.4965
      ND: 0.4290
      CRPS: 0.3306
  Completed: 1 series × 30 windows
  Output: /fslarge/scratch/users/h61084/codes/improved/outputs/channels_comparison/tasks/multivariate/chronos2/multivariate/NE_China_Wind/H/short/run_0

--- Term: medium ---
  Config: prediction_length=72, test_length=720, val_length=720
TIME run allocation action=recompute reuse_source=/scratch/users/h61084/codes/improved/outputs/foundation_models/tasks/chronos2/multivariate reason=No completed reuse source has the expected identity and scientific configuration below /fslarge/scratch/users/h61084/codes/improved/outputs/foundation_models/tasks/chronos2/multivariate
TIME run allocation action=new run=/fslarge/scratch/users/h61084/codes/improved/outputs/channels_comparison/tasks/multivariate/chronos2/multivariate/NE_China_Wind/H/medium/run_0 launch_id=selena_channels_20260907T230635Z_3518 slurm_job_id=3221291 launched_at=2026-09-07T23:12:07.714252+00:00
  Initializing Chronos pipeline (/fslarge/scratch/users/h61084/weights/chronos2)...
  Dataset info:
    - Frequency: H
    - Num series: 1
    - Target dim: 4
    - Target mode: multivariate
    - Covariate channels: 0
    - Series length: min=8764, max=8764, avg=8764.0
    - Test split: 720 steps
    - Prediction length: 72
    - Windows: 10
    Total instances: 10, Series during experiment: 1, Windows: 10
    Collecting ground truth and context...
    Organizing data into arrays...
    Saved predictions (quantiles) to /fslarge/scratch/users/h61084/codes/improved/outputs/channels_comparison/tasks/multivariate/chronos2/multivariate/NE_China_Wind/H/medium/run_0/predictions.npz
    Computing per-window metrics...
    Saved metrics to /fslarge/scratch/users/h61084/codes/improved/outputs/channels_comparison/tasks/multivariate/chronos2/multivariate/NE_China_Wind/H/medium/run_0/metrics.npz
    Saved config to /fslarge/scratch/users/h61084/codes/improved/outputs/channels_comparison/tasks/multivariate/chronos2/multivariate/NE_China_Wind/H/medium/run_0/config.json
    Saved aggregate metrics to /fslarge/scratch/users/h61084/codes/improved/outputs/channels_comparison/tasks/multivariate/chronos2/multivariate/NE_China_Wind/H/medium/run_0/metrics_summary.json
    Metrics summary (averaged over all series/windows/variates):
      MSE: 0.2316
      MAE: 0.3572
      RMSE: 0.4160
      MAPE: 1.0228
      sMAPE: 0.6707
      MASE: 0.8915
      ND: 0.5559
      CRPS: 0.4291
  Completed: 1 series × 10 windows
  Output: /fslarge/scratch/users/h61084/codes/improved/outputs/channels_comparison/tasks/multivariate/chronos2/multivariate/NE_China_Wind/H/medium/run_0

--- Term: long ---
  Config: prediction_length=168, test_length=720, val_length=720
TIME run allocation action=recompute reuse_source=/scratch/users/h61084/codes/improved/outputs/foundation_models/tasks/chronos2/multivariate reason=No completed reuse source has the expected identity and scientific configuration below /fslarge/scratch/users/h61084/codes/improved/outputs/foundation_models/tasks/chronos2/multivariate
TIME run allocation action=new run=/fslarge/scratch/users/h61084/codes/improved/outputs/channels_comparison/tasks/multivariate/chronos2/multivariate/NE_China_Wind/H/long/run_0 launch_id=selena_channels_20260907T230635Z_3518 slurm_job_id=3221291 launched_at=2026-09-07T23:12:08.173348+00:00
  Initializing Chronos pipeline (/fslarge/scratch/users/h61084/weights/chronos2)...
  Dataset info:
    - Frequency: H
    - Num series: 1
    - Target dim: 4
    - Target mode: multivariate
    - Covariate channels: 0
    - Series length: min=8764, max=8764, avg=8764.0
    - Test split: 720 steps
    - Prediction length: 168
    - Windows: 4
    Total instances: 4, Series during experiment: 1, Windows: 4
    Collecting ground truth and context...
    Organizing data into arrays...
    Saved predictions (quantiles) to /fslarge/scratch/users/h61084/codes/improved/outputs/channels_comparison/tasks/multivariate/chronos2/multivariate/NE_China_Wind/H/long/run_0/predictions.npz
    Computing per-window metrics...
    Saved metrics to /fslarge/scratch/users/h61084/codes/improved/outputs/channels_comparison/tasks/multivariate/chronos2/multivariate/NE_China_Wind/H/long/run_0/metrics.npz
    Saved config to /fslarge/scratch/users/h61084/codes/improved/outputs/channels_comparison/tasks/multivariate/chronos2/multivariate/NE_China_Wind/H/long/run_0/config.json
    Saved aggregate metrics to /fslarge/scratch/users/h61084/codes/improved/outputs/channels_comparison/tasks/multivariate/chronos2/multivariate/NE_China_Wind/H/long/run_0/metrics_summary.json
    Metrics summary (averaged over all series/windows/variates):
      MSE: 0.3222
      MAE: 0.4338
      RMSE: 0.5265
      MAPE: 1.2405
      sMAPE: 0.7653
      MASE: 1.2036
      ND: 0.5948
      CRPS: 0.4705
  Completed: 1 series × 4 windows
  Output: /fslarge/scratch/users/h61084/codes/improved/outputs/channels_comparison/tasks/multivariate/chronos2/multivariate/NE_China_Wind/H/long/run_0

============================================================
All experiments completed!
Results saved to: /scratch/users/h61084/codes/improved/outputs/channels_comparison/tasks/multivariate
============================================================

############################################################
# Dataset 14/38: Australia_Solar/H
############################################################
Loading configuration...

============================================================
Dataset: Australia_Solar/H
Model: amazon/chronos-2
Checkpoint: /fslarge/scratch/users/h61084/weights/chronos2
Terms: ['short', 'medium', 'long']
Covariate mode: none
============================================================

--- Term: short ---
  Config: prediction_length=24, test_length=2520, val_length=2520
TIME run allocation action=recompute reuse_source=/scratch/users/h61084/codes/improved/outputs/foundation_models/tasks/chronos2/multivariate reason=No completed reuse source has the expected identity and scientific configuration below /fslarge/scratch/users/h61084/codes/improved/outputs/foundation_models/tasks/chronos2/multivariate
TIME run allocation action=new run=/fslarge/scratch/users/h61084/codes/improved/outputs/channels_comparison/tasks/multivariate/chronos2/multivariate/Australia_Solar/H/short/run_0 launch_id=selena_channels_20260907T230635Z_3518 slurm_job_id=3221291 launched_at=2026-09-07T23:12:08.545604+00:00
  Initializing Chronos pipeline (/fslarge/scratch/users/h61084/weights/chronos2)...
  Dataset info:
    - Frequency: H
    - Num series: 1
    - Target dim: 3
    - Target mode: multivariate
    - Covariate channels: 0
    - Series length: min=35064, max=35064, avg=35064.0
    - Test split: 2520 steps
    - Prediction length: 24
    - Windows: 105
    Total instances: 105, Series during experiment: 1, Windows: 105
    Collecting ground truth and context...
    Organizing data into arrays...
    ⚠️  Predictions max value (2304407.25) exceeds float16 safe range.
    ⚠️  Applying scale factor: 100 (values will be divided)
    Saved predictions (quantiles) to /fslarge/scratch/users/h61084/codes/improved/outputs/channels_comparison/tasks/multivariate/chronos2/multivariate/Australia_Solar/H/short/run_0/predictions.npz
    Computing per-window metrics...
    Saved metrics to /fslarge/scratch/users/h61084/codes/improved/outputs/channels_comparison/tasks/multivariate/chronos2/multivariate/Australia_Solar/H/short/run_0/metrics.npz
    Saved config to /fslarge/scratch/users/h61084/codes/improved/outputs/channels_comparison/tasks/multivariate/chronos2/multivariate/Australia_Solar/H/short/run_0/config.json
    Saved aggregate metrics to /fslarge/scratch/users/h61084/codes/improved/outputs/channels_comparison/tasks/multivariate/chronos2/multivariate/Australia_Solar/H/short/run_0/metrics_summary.json
    Metrics summary (averaged over all series/windows/variates):
      MSE: 25457929678.3730
      MAE: 79236.3835
      RMSE: 104332.6507
      MAPE: 180.2696
      sMAPE: 0.5781
      MASE: 1.0802
      ND: 0.3188
      CRPS: 0.2583
  Completed: 1 series × 105 windows
  Output: /fslarge/scratch/users/h61084/codes/improved/outputs/channels_comparison/tasks/multivariate/chronos2/multivariate/Australia_Solar/H/short/run_0

--- Term: medium ---
  Config: prediction_length=72, test_length=2520, val_length=2520
TIME run allocation action=recompute reuse_source=/scratch/users/h61084/codes/improved/outputs/foundation_models/tasks/chronos2/multivariate reason=No completed reuse source has the expected identity and scientific configuration below /fslarge/scratch/users/h61084/codes/improved/outputs/foundation_models/tasks/chronos2/multivariate
TIME run allocation action=new run=/fslarge/scratch/users/h61084/codes/improved/outputs/channels_comparison/tasks/multivariate/chronos2/multivariate/Australia_Solar/H/medium/run_0 launch_id=selena_channels_20260907T230635Z_3518 slurm_job_id=3221291 launched_at=2026-09-07T23:12:10.380238+00:00
  Initializing Chronos pipeline (/fslarge/scratch/users/h61084/weights/chronos2)...
  Dataset info:
    - Frequency: H
    - Num series: 1
    - Target dim: 3
    - Target mode: multivariate
    - Covariate channels: 0
    - Series length: min=35064, max=35064, avg=35064.0
    - Test split: 2520 steps
    - Prediction length: 72
    - Windows: 35
    Total instances: 35, Series during experiment: 1, Windows: 35
    Collecting ground truth and context...
    Organizing data into arrays...
    ⚠️  Predictions max value (2562082.00) exceeds float16 safe range.
    ⚠️  Applying scale factor: 100 (values will be divided)
    Saved predictions (quantiles) to /fslarge/scratch/users/h61084/codes/improved/outputs/channels_comparison/tasks/multivariate/chronos2/multivariate/Australia_Solar/H/medium/run_0/predictions.npz
    Computing per-window metrics...
    Saved metrics to /fslarge/scratch/users/h61084/codes/improved/outputs/channels_comparison/tasks/multivariate/chronos2/multivariate/Australia_Solar/H/medium/run_0/metrics.npz
    Saved config to /fslarge/scratch/users/h61084/codes/improved/outputs/channels_comparison/tasks/multivariate/chronos2/multivariate/Australia_Solar/H/medium/run_0/config.json
    Saved aggregate metrics to /fslarge/scratch/users/h61084/codes/improved/outputs/channels_comparison/tasks/multivariate/chronos2/multivariate/Australia_Solar/H/medium/run_0/metrics_summary.json
    Metrics summary (averaged over all series/windows/variates):
      MSE: 28588427483.5201
      MAE: 84487.3575
      RMSE: 124650.6582
      MAPE: 189.1873
      sMAPE: 0.5966
      MASE: 1.1800
      ND: 0.2856
      CRPS: 0.2250
  Completed: 1 series × 35 windows
  Output: /fslarge/scratch/users/h61084/codes/improved/outputs/channels_comparison/tasks/multivariate/chronos2/multivariate/Australia_Solar/H/medium/run_0

--- Term: long ---
  Config: prediction_length=168, test_length=2520, val_length=2520
TIME run allocation action=recompute reuse_source=/scratch/users/h61084/codes/improved/outputs/foundation_models/tasks/chronos2/multivariate reason=No completed reuse source has the expected identity and scientific configuration below /fslarge/scratch/users/h61084/codes/improved/outputs/foundation_models/tasks/chronos2/multivariate
TIME run allocation action=new run=/fslarge/scratch/users/h61084/codes/improved/outputs/channels_comparison/tasks/multivariate/chronos2/multivariate/Australia_Solar/H/long/run_0 launch_id=selena_channels_20260907T230635Z_3518 slurm_job_id=3221291 launched_at=2026-09-07T23:12:11.169602+00:00
  Initializing Chronos pipeline (/fslarge/scratch/users/h61084/weights/chronos2)...
  Dataset info:
    - Frequency: H
    - Num series: 1
    - Target dim: 3
    - Target mode: multivariate
    - Covariate channels: 0
    - Series length: min=35064, max=35064, avg=35064.0
    - Test split: 2520 steps
    - Prediction length: 168
    - Windows: 15
    Total instances: 15, Series during experiment: 1, Windows: 15
    Collecting ground truth and context...
    Organizing data into arrays...
    ⚠️  Predictions max value (2639203.75) exceeds float16 safe range.
    ⚠️  Applying scale factor: 100 (values will be divided)
    Saved predictions (quantiles) to /fslarge/scratch/users/h61084/codes/improved/outputs/channels_comparison/tasks/multivariate/chronos2/multivariate/Australia_Solar/H/long/run_0/predictions.npz
    Computing per-window metrics...
    Saved metrics to /fslarge/scratch/users/h61084/codes/improved/outputs/channels_comparison/tasks/multivariate/chronos2/multivariate/Australia_Solar/H/long/run_0/metrics.npz
    Saved config to /fslarge/scratch/users/h61084/codes/improved/outputs/channels_comparison/tasks/multivariate/chronos2/multivariate/Australia_Solar/H/long/run_0/config.json
    Saved aggregate metrics to /fslarge/scratch/users/h61084/codes/improved/outputs/channels_comparison/tasks/multivariate/chronos2/multivariate/Australia_Solar/H/long/run_0/metrics_summary.json
    Metrics summary (averaged over all series/windows/variates):
      MSE: 30017692825.2820
      MAE: 84020.8932
      RMSE: 131767.4597
      MAPE: 208.0527
      sMAPE: 0.5928
      MASE: 1.2018
      ND: 0.2688
      CRPS: 0.2103
  Completed: 1 series × 15 windows
  Output: /fslarge/scratch/users/h61084/codes/improved/outputs/channels_comparison/tasks/multivariate/chronos2/multivariate/Australia_Solar/H/long/run_0

============================================================
All experiments completed!
Results saved to: /scratch/users/h61084/codes/improved/outputs/channels_comparison/tasks/multivariate
============================================================

############################################################
# Dataset 15/38: OpenElectricity_NEM/5T
############################################################
Loading configuration...

============================================================
Dataset: OpenElectricity_NEM/5T
Model: amazon/chronos-2
Checkpoint: /fslarge/scratch/users/h61084/weights/chronos2
Terms: ['short', 'medium', 'long']
Covariate mode: none
============================================================

--- Term: short ---
  Config: prediction_length=24, test_length=4032, val_length=4032
TIME run allocation action=recompute reuse_source=/scratch/users/h61084/codes/improved/outputs/foundation_models/tasks/chronos2/multivariate reason=No completed reuse source has the expected identity and scientific configuration below /fslarge/scratch/users/h61084/codes/improved/outputs/foundation_models/tasks/chronos2/multivariate
TIME run allocation action=new run=/fslarge/scratch/users/h61084/codes/improved/outputs/channels_comparison/tasks/multivariate/chronos2/multivariate/OpenElectricity_NEM/5T/short/run_0 launch_id=selena_channels_20260907T230635Z_3518 slurm_job_id=3221291 launched_at=2026-09-07T23:12:11.865957+00:00
  Initializing Chronos pipeline (/fslarge/scratch/users/h61084/weights/chronos2)...
  Dataset info:
    - Frequency: 5T
    - Num series: 1
    - Target dim: 10
    - Target mode: multivariate
    - Covariate channels: 0
    - Series length: min=43488, max=43488, avg=43488.0
    - Test split: 4032 steps
    - Prediction length: 24
    - Windows: 168
    Processed 160/168...
    Total instances: 168, Series during experiment: 1, Windows: 168
    Collecting ground truth and context...
    Organizing data into arrays...
    Saved predictions (quantiles) to /fslarge/scratch/users/h61084/codes/improved/outputs/channels_comparison/tasks/multivariate/chronos2/multivariate/OpenElectricity_NEM/5T/short/run_0/predictions.npz
    Computing per-window metrics...
    Saved metrics to /fslarge/scratch/users/h61084/codes/improved/outputs/channels_comparison/tasks/multivariate/chronos2/multivariate/OpenElectricity_NEM/5T/short/run_0/metrics.npz
    Saved config to /fslarge/scratch/users/h61084/codes/improved/outputs/channels_comparison/tasks/multivariate/chronos2/multivariate/OpenElectricity_NEM/5T/short/run_0/config.json
    Saved aggregate metrics to /fslarge/scratch/users/h61084/codes/improved/outputs/channels_comparison/tasks/multivariate/chronos2/multivariate/OpenElectricity_NEM/5T/short/run_0/metrics_summary.json
    Metrics summary (averaged over all series/windows/variates):
      MSE: 8979.0901
      MAE: 49.0597
      RMSE: 58.1512
      MAPE: 3.1417
      sMAPE: 0.1575
      MASE: 0.3826
      ND: 0.1483
      CRPS: 0.1200
  Completed: 1 series × 168 windows
  Output: /fslarge/scratch/users/h61084/codes/improved/outputs/channels_comparison/tasks/multivariate/chronos2/multivariate/OpenElectricity_NEM/5T/short/run_0

--- Term: medium ---
  Config: prediction_length=96, test_length=4032, val_length=4032
TIME run allocation action=recompute reuse_source=/scratch/users/h61084/codes/improved/outputs/foundation_models/tasks/chronos2/multivariate reason=No completed reuse source has the expected identity and scientific configuration below /fslarge/scratch/users/h61084/codes/improved/outputs/foundation_models/tasks/chronos2/multivariate
TIME run allocation action=new run=/fslarge/scratch/users/h61084/codes/improved/outputs/channels_comparison/tasks/multivariate/chronos2/multivariate/OpenElectricity_NEM/5T/medium/run_0 launch_id=selena_channels_20260907T230635Z_3518 slurm_job_id=3221291 launched_at=2026-09-07T23:12:20.883450+00:00
  Initializing Chronos pipeline (/fslarge/scratch/users/h61084/weights/chronos2)...
  Dataset info:
    - Frequency: 5T
    - Num series: 1
    - Target dim: 10
    - Target mode: multivariate
    - Covariate channels: 0
    - Series length: min=43488, max=43488, avg=43488.0
    - Test split: 4032 steps
    - Prediction length: 96
    - Windows: 42
    Total instances: 42, Series during experiment: 1, Windows: 42
    Collecting ground truth and context...
    Organizing data into arrays...
    Saved predictions (quantiles) to /fslarge/scratch/users/h61084/codes/improved/outputs/channels_comparison/tasks/multivariate/chronos2/multivariate/OpenElectricity_NEM/5T/medium/run_0/predictions.npz
    Computing per-window metrics...
    Saved metrics to /fslarge/scratch/users/h61084/codes/improved/outputs/channels_comparison/tasks/multivariate/chronos2/multivariate/OpenElectricity_NEM/5T/medium/run_0/metrics.npz
    Saved config to /fslarge/scratch/users/h61084/codes/improved/outputs/channels_comparison/tasks/multivariate/chronos2/multivariate/OpenElectricity_NEM/5T/medium/run_0/config.json
    Saved aggregate metrics to /fslarge/scratch/users/h61084/codes/improved/outputs/channels_comparison/tasks/multivariate/chronos2/multivariate/OpenElectricity_NEM/5T/medium/run_0/metrics_summary.json
    Metrics summary (averaged over all series/windows/variates):
      MSE: 33161.1578
      MAE: 87.7261
      RMSE: 109.0079
      MAPE: 4.0130
      sMAPE: 0.2123
      MASE: 0.5802
      ND: 0.2028
      CRPS: 0.1619
  Completed: 1 series × 42 windows
  Output: /fslarge/scratch/users/h61084/codes/improved/outputs/channels_comparison/tasks/multivariate/chronos2/multivariate/OpenElectricity_NEM/5T/medium/run_0

--- Term: long ---
  Config: prediction_length=288, test_length=4032, val_length=4032
TIME run allocation action=recompute reuse_source=/scratch/users/h61084/codes/improved/outputs/foundation_models/tasks/chronos2/multivariate reason=No completed reuse source has the expected identity and scientific configuration below /fslarge/scratch/users/h61084/codes/improved/outputs/foundation_models/tasks/chronos2/multivariate
TIME run allocation action=new run=/fslarge/scratch/users/h61084/codes/improved/outputs/channels_comparison/tasks/multivariate/chronos2/multivariate/OpenElectricity_NEM/5T/long/run_0 launch_id=selena_channels_20260907T230635Z_3518 slurm_job_id=3221291 launched_at=2026-09-07T23:12:23.399486+00:00
  Initializing Chronos pipeline (/fslarge/scratch/users/h61084/weights/chronos2)...
  Dataset info:
    - Frequency: 5T
    - Num series: 1
    - Target dim: 10
    - Target mode: multivariate
    - Covariate channels: 0
    - Series length: min=43488, max=43488, avg=43488.0
    - Test split: 4032 steps
    - Prediction length: 288
    - Windows: 14
    Total instances: 14, Series during experiment: 1, Windows: 14
    Collecting ground truth and context...
    Organizing data into arrays...
    Saved predictions (quantiles) to /fslarge/scratch/users/h61084/codes/improved/outputs/channels_comparison/tasks/multivariate/chronos2/multivariate/OpenElectricity_NEM/5T/long/run_0/predictions.npz
    Computing per-window metrics...
    Saved metrics to /fslarge/scratch/users/h61084/codes/improved/outputs/channels_comparison/tasks/multivariate/chronos2/multivariate/OpenElectricity_NEM/5T/long/run_0/metrics.npz
    Saved config to /fslarge/scratch/users/h61084/codes/improved/outputs/channels_comparison/tasks/multivariate/chronos2/multivariate/OpenElectricity_NEM/5T/long/run_0/config.json
    Saved aggregate metrics to /fslarge/scratch/users/h61084/codes/improved/outputs/channels_comparison/tasks/multivariate/chronos2/multivariate/OpenElectricity_NEM/5T/long/run_0/metrics_summary.json
    Metrics summary (averaged over all series/windows/variates):
      MSE: 45960.9117
      MAE: 107.4264
      RMSE: 142.5224
      MAPE: 5.3051
      sMAPE: 0.2567
      MASE: 0.7278
      ND: 0.2374
      CRPS: 0.1923
  Completed: 1 series × 14 windows
  Output: /fslarge/scratch/users/h61084/codes/improved/outputs/channels_comparison/tasks/multivariate/chronos2/multivariate/OpenElectricity_NEM/5T/long/run_0

============================================================
All experiments completed!
Results saved to: /scratch/users/h61084/codes/improved/outputs/channels_comparison/tasks/multivariate
============================================================

############################################################
# Dataset 16/38: EWELD_Load/15T
############################################################
Loading configuration...

============================================================
Dataset: EWELD_Load/15T
Model: amazon/chronos-2
Checkpoint: /fslarge/scratch/users/h61084/weights/chronos2
Terms: ['short', 'medium', 'long']
Covariate mode: none
============================================================

--- Term: short ---
  Config: prediction_length=24, test_length=1344, val_length=1344
TIME run allocation action=recompute reuse_source=/scratch/users/h61084/codes/improved/outputs/foundation_models/tasks/chronos2/multivariate reason=No completed reuse source has the expected identity and scientific configuration below /fslarge/scratch/users/h61084/codes/improved/outputs/foundation_models/tasks/chronos2/multivariate
TIME run allocation action=new run=/fslarge/scratch/users/h61084/codes/improved/outputs/channels_comparison/tasks/multivariate/chronos2/multivariate/EWELD_Load/15T/short/run_0 launch_id=selena_channels_20260907T230635Z_3518 slurm_job_id=3221291 launched_at=2026-09-07T23:12:24.480333+00:00
  Initializing Chronos pipeline (/fslarge/scratch/users/h61084/weights/chronos2)...
  Dataset info:
    - Frequency: 15T
    - Num series: 1
    - Target dim: 10
    - Target mode: multivariate
    - Covariate channels: 0
    - Series length: min=20544, max=20544, avg=20544.0
    - Test split: 1344 steps
    - Prediction length: 24
    - Windows: 56
    Total instances: 56, Series during experiment: 1, Windows: 56
    Collecting ground truth and context...
    Organizing data into arrays...
    Saved predictions (quantiles) to /fslarge/scratch/users/h61084/codes/improved/outputs/channels_comparison/tasks/multivariate/chronos2/multivariate/EWELD_Load/15T/short/run_0/predictions.npz
    Computing per-window metrics...
    Saved metrics to /fslarge/scratch/users/h61084/codes/improved/outputs/channels_comparison/tasks/multivariate/chronos2/multivariate/EWELD_Load/15T/short/run_0/metrics.npz
    Saved config to /fslarge/scratch/users/h61084/codes/improved/outputs/channels_comparison/tasks/multivariate/chronos2/multivariate/EWELD_Load/15T/short/run_0/config.json
    Saved aggregate metrics to /fslarge/scratch/users/h61084/codes/improved/outputs/channels_comparison/tasks/multivariate/chronos2/multivariate/EWELD_Load/15T/short/run_0/metrics_summary.json
    Metrics summary (averaged over all series/windows/variates):
      MSE: 1134.1346
      MAE: 12.7697
      RMSE: 16.2343
      MAPE: 0.3435
      sMAPE: 0.2837
      MASE: 0.5411
      ND: 0.3231
      CRPS: 0.2690
  Completed: 1 series × 56 windows
  Output: /fslarge/scratch/users/h61084/codes/improved/outputs/channels_comparison/tasks/multivariate/chronos2/multivariate/EWELD_Load/15T/short/run_0

--- Term: medium ---
  Config: prediction_length=96, test_length=1344, val_length=1344
TIME run allocation action=recompute reuse_source=/scratch/users/h61084/codes/improved/outputs/foundation_models/tasks/chronos2/multivariate reason=No completed reuse source has the expected identity and scientific configuration below /fslarge/scratch/users/h61084/codes/improved/outputs/foundation_models/tasks/chronos2/multivariate
TIME run allocation action=new run=/fslarge/scratch/users/h61084/codes/improved/outputs/channels_comparison/tasks/multivariate/chronos2/multivariate/EWELD_Load/15T/medium/run_0 launch_id=selena_channels_20260907T230635Z_3518 slurm_job_id=3221291 launched_at=2026-09-07T23:12:27.587221+00:00
  Initializing Chronos pipeline (/fslarge/scratch/users/h61084/weights/chronos2)...
  Dataset info:
    - Frequency: 15T
    - Num series: 1
    - Target dim: 10
    - Target mode: multivariate
    - Covariate channels: 0
    - Series length: min=20544, max=20544, avg=20544.0
    - Test split: 1344 steps
    - Prediction length: 96
    - Windows: 14
    Total instances: 14, Series during experiment: 1, Windows: 14
    Collecting ground truth and context...
    Organizing data into arrays...
    Saved predictions (quantiles) to /fslarge/scratch/users/h61084/codes/improved/outputs/channels_comparison/tasks/multivariate/chronos2/multivariate/EWELD_Load/15T/medium/run_0/predictions.npz
    Computing per-window metrics...
    Saved metrics to /fslarge/scratch/users/h61084/codes/improved/outputs/channels_comparison/tasks/multivariate/chronos2/multivariate/EWELD_Load/15T/medium/run_0/metrics.npz
    Saved config to /fslarge/scratch/users/h61084/codes/improved/outputs/channels_comparison/tasks/multivariate/chronos2/multivariate/EWELD_Load/15T/medium/run_0/config.json
    Saved aggregate metrics to /fslarge/scratch/users/h61084/codes/improved/outputs/channels_comparison/tasks/multivariate/chronos2/multivariate/EWELD_Load/15T/medium/run_0/metrics_summary.json
    Metrics summary (averaged over all series/windows/variates):
      MSE: 1256.9040
      MAE: 14.4287
      RMSE: 19.4266
      MAPE: 0.3936
      sMAPE: 0.3079
      MASE: 0.6517
      ND: 0.2177
      CRPS: 0.1729
  Completed: 1 series × 14 windows
  Output: /fslarge/scratch/users/h61084/codes/improved/outputs/channels_comparison/tasks/multivariate/chronos2/multivariate/EWELD_Load/15T/medium/run_0

--- Term: long ---
  Config: prediction_length=672, test_length=1344, val_length=1344
TIME run allocation action=recompute reuse_source=/scratch/users/h61084/codes/improved/outputs/foundation_models/tasks/chronos2/multivariate reason=No completed reuse source has the expected identity and scientific configuration below /fslarge/scratch/users/h61084/codes/improved/outputs/foundation_models/tasks/chronos2/multivariate
TIME run allocation action=new run=/fslarge/scratch/users/h61084/codes/improved/outputs/channels_comparison/tasks/multivariate/chronos2/multivariate/EWELD_Load/15T/long/run_0 launch_id=selena_channels_20260907T230635Z_3518 slurm_job_id=3221291 launched_at=2026-09-07T23:12:28.575088+00:00
  Initializing Chronos pipeline (/fslarge/scratch/users/h61084/weights/chronos2)...
  Dataset info:
    - Frequency: 15T
    - Num series: 1
    - Target dim: 10
    - Target mode: multivariate
    - Covariate channels: 0
    - Series length: min=20544, max=20544, avg=20544.0
    - Test split: 1344 steps
    - Prediction length: 672
    - Windows: 2
    Total instances: 2, Series during experiment: 1, Windows: 2
    Collecting ground truth and context...
    Organizing data into arrays...
    Saved predictions (quantiles) to /fslarge/scratch/users/h61084/codes/improved/outputs/channels_comparison/tasks/multivariate/chronos2/multivariate/EWELD_Load/15T/long/run_0/predictions.npz
    Computing per-window metrics...
    Saved metrics to /fslarge/scratch/users/h61084/codes/improved/outputs/channels_comparison/tasks/multivariate/chronos2/multivariate/EWELD_Load/15T/long/run_0/metrics.npz
    Saved config to /fslarge/scratch/users/h61084/codes/improved/outputs/channels_comparison/tasks/multivariate/chronos2/multivariate/EWELD_Load/15T/long/run_0/config.json
    Saved aggregate metrics to /fslarge/scratch/users/h61084/codes/improved/outputs/channels_comparison/tasks/multivariate/chronos2/multivariate/EWELD_Load/15T/long/run_0/metrics_summary.json
    Metrics summary (averaged over all series/windows/variates):
      MSE: 1391.3604
      MAE: 15.4628
      RMSE: 21.4598
      MAPE: 0.4117
      sMAPE: 0.3475
      MASE: 0.7839
      ND: 0.2384
      CRPS: 0.1886
  Completed: 1 series × 2 windows
  Output: /fslarge/scratch/users/h61084/codes/improved/outputs/channels_comparison/tasks/multivariate/chronos2/multivariate/EWELD_Load/15T/long/run_0

============================================================
All experiments completed!
Results saved to: /scratch/users/h61084/codes/improved/outputs/channels_comparison/tasks/multivariate
============================================================

############################################################
# Dataset 17/38: Port_Activity/D
############################################################
Loading configuration...

============================================================
Dataset: Port_Activity/D
Model: amazon/chronos-2
Checkpoint: /fslarge/scratch/users/h61084/weights/chronos2
Terms: ['short']
Covariate mode: none
============================================================

--- Term: short ---
  Config: prediction_length=30, test_length=365, val_length=90
TIME run allocation action=recompute reuse_source=/scratch/users/h61084/codes/improved/outputs/foundation_models/tasks/chronos2/multivariate reason=No completed reuse source has the expected identity and scientific configuration below /fslarge/scratch/users/h61084/codes/improved/outputs/foundation_models/tasks/chronos2/multivariate
TIME run allocation action=new run=/fslarge/scratch/users/h61084/codes/improved/outputs/channels_comparison/tasks/multivariate/chronos2/multivariate/Port_Activity/D/short/run_0 launch_id=selena_channels_20260907T230635Z_3518 slurm_job_id=3221291 launched_at=2026-09-07T23:12:29.133917+00:00
  Initializing Chronos pipeline (/fslarge/scratch/users/h61084/weights/chronos2)...
  Dataset info:
    - Frequency: D
    - Num series: 99
    - Target dim: 2
    - Target mode: multivariate
    - Covariate channels: 0
    - Series length: min=2127, max=2127, avg=2127.0
    - Test split: 365 steps
    - Prediction length: 30
    - Windows: 12
    Processed 160/1188...
    Processed 320/1188...
    Processed 480/1188...
    Processed 640/1188...
    Processed 800/1188...
    Processed 960/1188...
    Processed 1120/1188...
    Total instances: 1188, Series during experiment: 99, Windows: 12
    Collecting ground truth and context...
    Organizing data into arrays...
    ⚠️  Predictions max value (516638.66) exceeds float16 safe range.
    ⚠️  Applying scale factor: 10 (values will be divided)
    Saved predictions (quantiles) to /fslarge/scratch/users/h61084/codes/improved/outputs/channels_comparison/tasks/multivariate/chronos2/multivariate/Port_Activity/D/short/run_0/predictions.npz
    Computing per-window metrics...
    Saved metrics to /fslarge/scratch/users/h61084/codes/improved/outputs/channels_comparison/tasks/multivariate/chronos2/multivariate/Port_Activity/D/short/run_0/metrics.npz
    Saved config to /fslarge/scratch/users/h61084/codes/improved/outputs/channels_comparison/tasks/multivariate/chronos2/multivariate/Port_Activity/D/short/run_0/config.json
    Saved aggregate metrics to /fslarge/scratch/users/h61084/codes/improved/outputs/channels_comparison/tasks/multivariate/chronos2/multivariate/Port_Activity/D/short/run_0/metrics_summary.json
    Metrics summary (averaged over all series/windows/variates):
      MSE: 951613735.0186
      MAE: 15421.2088
      RMSE: 21228.5505
      MAPE: 2.7260
      sMAPE: 0.9453
      MASE: 0.6588
      ND: 0.7475
      CRPS: 0.5993
  Completed: 99 series × 12 windows
  Output: /fslarge/scratch/users/h61084/codes/improved/outputs/channels_comparison/tasks/multivariate/chronos2/multivariate/Port_Activity/D/short/run_0

============================================================
All experiments completed!
Results saved to: /scratch/users/h61084/codes/improved/outputs/channels_comparison/tasks/multivariate
============================================================

############################################################
# Dataset 18/38: Port_Activity/W
############################################################
Loading configuration...

============================================================
Dataset: Port_Activity/W
Model: amazon/chronos-2
Checkpoint: /fslarge/scratch/users/h61084/weights/chronos2
Terms: ['short']
Covariate mode: none
============================================================

--- Term: short ---
  Config: prediction_length=13, test_length=52, val_length=13
TIME run allocation action=recompute reuse_source=/scratch/users/h61084/codes/improved/outputs/foundation_models/tasks/chronos2/multivariate reason=No completed reuse source has the expected identity and scientific configuration below /fslarge/scratch/users/h61084/codes/improved/outputs/foundation_models/tasks/chronos2/multivariate
TIME run allocation action=new run=/fslarge/scratch/users/h61084/codes/improved/outputs/channels_comparison/tasks/multivariate/chronos2/multivariate/Port_Activity/W/short/run_0 launch_id=selena_channels_20260907T230635Z_3518 slurm_job_id=3221291 launched_at=2026-09-07T23:12:32.786507+00:00
  Initializing Chronos pipeline (/fslarge/scratch/users/h61084/weights/chronos2)...
  Dataset info:
    - Frequency: W
    - Num series: 99
    - Target dim: 2
    - Target mode: multivariate
    - Covariate channels: 0
    - Series length: min=304, max=304, avg=304.0
    - Test split: 52 steps
    - Prediction length: 13
    - Windows: 4
    Processed 160/396...
    Processed 320/396...
    Total instances: 396, Series during experiment: 99, Windows: 4
    Collecting ground truth and context...
    Organizing data into arrays...
    ⚠️  Predictions max value (2878480.00) exceeds float16 safe range.
    ⚠️  Applying scale factor: 100 (values will be divided)
    Saved predictions (quantiles) to /fslarge/scratch/users/h61084/codes/improved/outputs/channels_comparison/tasks/multivariate/chronos2/multivariate/Port_Activity/W/short/run_0/predictions.npz
    Computing per-window metrics...
    Saved metrics to /fslarge/scratch/users/h61084/codes/improved/outputs/channels_comparison/tasks/multivariate/chronos2/multivariate/Port_Activity/W/short/run_0/metrics.npz
    Saved config to /fslarge/scratch/users/h61084/codes/improved/outputs/channels_comparison/tasks/multivariate/chronos2/multivariate/Port_Activity/W/short/run_0/config.json
    Saved aggregate metrics to /fslarge/scratch/users/h61084/codes/improved/outputs/channels_comparison/tasks/multivariate/chronos2/multivariate/Port_Activity/W/short/run_0/metrics_summary.json
    Metrics summary (averaged over all series/windows/variates):
      MSE: 5925837164.9694
      MAE: 43773.5301
      RMSE: 53543.8607
      MAPE: 0.6257
      sMAPE: 0.3408
      MASE: 0.7793
      ND: 0.3350
      CRPS: 0.2604
  Completed: 99 series × 4 windows
  Output: /fslarge/scratch/users/h61084/codes/improved/outputs/channels_comparison/tasks/multivariate/chronos2/multivariate/Port_Activity/W/short/run_0

============================================================
All experiments completed!
Results saved to: /scratch/users/h61084/codes/improved/outputs/channels_comparison/tasks/multivariate
============================================================

############################################################
# Dataset 19/38: Global_Influenza/W
############################################################
Loading configuration...

============================================================
Dataset: Global_Influenza/W
Model: amazon/chronos-2
Checkpoint: /fslarge/scratch/users/h61084/weights/chronos2
Terms: ['short']
Covariate mode: none
============================================================

--- Term: short ---
  Config: prediction_length=13, test_length=52, val_length=13
TIME run allocation action=recompute reuse_source=/scratch/users/h61084/codes/improved/outputs/foundation_models/tasks/chronos2/multivariate reason=No completed reuse source has the expected identity and scientific configuration below /fslarge/scratch/users/h61084/codes/improved/outputs/foundation_models/tasks/chronos2/multivariate
TIME run allocation action=new run=/fslarge/scratch/users/h61084/codes/improved/outputs/channels_comparison/tasks/multivariate/chronos2/multivariate/Global_Influenza/W/short/run_0 launch_id=selena_channels_20260907T230635Z_3518 slurm_job_id=3221291 launched_at=2026-09-07T23:12:33.565240+00:00
  Initializing Chronos pipeline (/fslarge/scratch/users/h61084/weights/chronos2)...
  Dataset info:
    - Frequency: W
    - Num series: 15
    - Target dim: 4
    - Target mode: multivariate
    - Covariate channels: 0
    - Series length: min=154, max=210, avg=205.6
    - Test split: 52 steps
    - Prediction length: 13
    - Windows: 4
    Total instances: 60, Series during experiment: 15, Windows: 4
    Collecting ground truth and context...
    Organizing data into arrays...
    ⚠️  Predictions max value (95591.98) exceeds float16 safe range.
    ⚠️  Applying scale factor: 10 (values will be divided)
    Saved predictions (quantiles) to /fslarge/scratch/users/h61084/codes/improved/outputs/channels_comparison/tasks/multivariate/chronos2/multivariate/Global_Influenza/W/short/run_0/predictions.npz
    Computing per-window metrics...
    Saved metrics to /fslarge/scratch/users/h61084/codes/improved/outputs/channels_comparison/tasks/multivariate/chronos2/multivariate/Global_Influenza/W/short/run_0/metrics.npz
    Saved config to /fslarge/scratch/users/h61084/codes/improved/outputs/channels_comparison/tasks/multivariate/chronos2/multivariate/Global_Influenza/W/short/run_0/config.json
    Saved aggregate metrics to /fslarge/scratch/users/h61084/codes/improved/outputs/channels_comparison/tasks/multivariate/chronos2/multivariate/Global_Influenza/W/short/run_0/metrics_summary.json
    Metrics summary (averaged over all series/windows/variates):
      MSE: 2304468.1153
      MAE: 429.1852
      RMSE: 544.7524
      MAPE: 0.6197
      sMAPE: 0.4561
      MASE: 2.6876
      ND: 0.4566
      CRPS: 0.3643
  Completed: 15 series × 4 windows
  Output: /fslarge/scratch/users/h61084/codes/improved/outputs/channels_comparison/tasks/multivariate/chronos2/multivariate/Global_Influenza/W/short/run_0

============================================================
All experiments completed!
Results saved to: /scratch/users/h61084/codes/improved/outputs/channels_comparison/tasks/multivariate
============================================================

############################################################
# Dataset 20/38: Crypto/D
############################################################
Loading configuration...

============================================================
Dataset: Crypto/D
Model: amazon/chronos-2
Checkpoint: /fslarge/scratch/users/h61084/weights/chronos2
Terms: ['short']
Covariate mode: none
============================================================

--- Term: short ---
  Config: prediction_length=30, test_length=273, val_length=92
TIME run allocation action=recompute reuse_source=/scratch/users/h61084/codes/improved/outputs/foundation_models/tasks/chronos2/multivariate reason=No completed reuse source has the expected identity and scientific configuration below /fslarge/scratch/users/h61084/codes/improved/outputs/foundation_models/tasks/chronos2/multivariate
TIME run allocation action=new run=/fslarge/scratch/users/h61084/codes/improved/outputs/channels_comparison/tasks/multivariate/chronos2/multivariate/Crypto/D/short/run_0 launch_id=selena_channels_20260907T230635Z_3518 slurm_job_id=3221291 launched_at=2026-09-07T23:12:33.942191+00:00
  Initializing Chronos pipeline (/fslarge/scratch/users/h61084/weights/chronos2)...
  Dataset info:
    - Frequency: D
    - Num series: 1
    - Target dim: 4
    - Target mode: multivariate
    - Covariate channels: 0
    - Series length: min=2842, max=2842, avg=2842.0
    - Test split: 273 steps
    - Prediction length: 30
    - Windows: 9
    Total instances: 9, Series during experiment: 1, Windows: 9
    Collecting ground truth and context...
    Organizing data into arrays...
    ⚠️  Predictions max value (131018.85) exceeds float16 safe range.
    ⚠️  Applying scale factor: 10 (values will be divided)
    Saved predictions (quantiles) to /fslarge/scratch/users/h61084/codes/improved/outputs/channels_comparison/tasks/multivariate/chronos2/multivariate/Crypto/D/short/run_0/predictions.npz
    Computing per-window metrics...
    Saved metrics to /fslarge/scratch/users/h61084/codes/improved/outputs/channels_comparison/tasks/multivariate/chronos2/multivariate/Crypto/D/short/run_0/metrics.npz
    Saved config to /fslarge/scratch/users/h61084/codes/improved/outputs/channels_comparison/tasks/multivariate/chronos2/multivariate/Crypto/D/short/run_0/config.json
    Saved aggregate metrics to /fslarge/scratch/users/h61084/codes/improved/outputs/channels_comparison/tasks/multivariate/chronos2/multivariate/Crypto/D/short/run_0/metrics_summary.json
    Metrics summary (averaged over all series/windows/variates):
      MSE: 11616452.0744
      MAE: 1389.5025
      RMSE: 1637.3751
      MAPE: 0.0923
      sMAPE: 0.0923
      MASE: 6.2294
      ND: 0.0935
      CRPS: 0.0747
  Completed: 1 series × 9 windows
  Output: /fslarge/scratch/users/h61084/codes/improved/outputs/channels_comparison/tasks/multivariate/chronos2/multivariate/Crypto/D/short/run_0

============================================================
All experiments completed!
Results saved to: /scratch/users/h61084/codes/improved/outputs/channels_comparison/tasks/multivariate
============================================================

############################################################
# Dataset 21/38: US_Term_Structure/B
############################################################
Loading configuration...

============================================================
Dataset: US_Term_Structure/B
Model: amazon/chronos-2
Checkpoint: /fslarge/scratch/users/h61084/weights/chronos2
Terms: ['short']
Covariate mode: none
============================================================

--- Term: short ---
  Config: prediction_length=20, test_length=717, val_length=100
TIME run allocation action=recompute reuse_source=/scratch/users/h61084/codes/improved/outputs/foundation_models/tasks/chronos2/multivariate reason=No completed reuse source has the expected identity and scientific configuration below /fslarge/scratch/users/h61084/codes/improved/outputs/foundation_models/tasks/chronos2/multivariate
TIME run allocation action=new run=/fslarge/scratch/users/h61084/codes/improved/outputs/channels_comparison/tasks/multivariate/chronos2/multivariate/US_Term_Structure/B/short/run_0 launch_id=selena_channels_20260907T230635Z_3518 slurm_job_id=3221291 launched_at=2026-09-07T23:12:34.334996+00:00
  Initializing Chronos pipeline (/fslarge/scratch/users/h61084/weights/chronos2)...
  Dataset info:
    - Frequency: B
    - Num series: 1
    - Target dim: 40
    - Target mode: multivariate
    - Covariate channels: 0
    - Series length: min=9326, max=9326, avg=9326.0
    - Test split: 717 steps
    - Prediction length: 20
    - Windows: 35
    Total instances: 35, Series during experiment: 1, Windows: 35
    Collecting ground truth and context...
    Organizing data into arrays...
    Saved predictions (quantiles) to /fslarge/scratch/users/h61084/codes/improved/outputs/channels_comparison/tasks/multivariate/chronos2/multivariate/US_Term_Structure/B/short/run_0/predictions.npz
    Computing per-window metrics...
    Saved metrics to /fslarge/scratch/users/h61084/codes/improved/outputs/channels_comparison/tasks/multivariate/chronos2/multivariate/US_Term_Structure/B/short/run_0/metrics.npz
    Saved config to /fslarge/scratch/users/h61084/codes/improved/outputs/channels_comparison/tasks/multivariate/chronos2/multivariate/US_Term_Structure/B/short/run_0/config.json
    Saved aggregate metrics to /fslarge/scratch/users/h61084/codes/improved/outputs/channels_comparison/tasks/multivariate/chronos2/multivariate/US_Term_Structure/B/short/run_0/metrics_summary.json
    Metrics summary (averaged over all series/windows/variates):
      MSE: 0.0229
      MAE: 0.1017
      RMSE: 0.1225
      MAPE: 0.9365
      sMAPE: 0.2676
      MASE: 1.4954
      ND: 0.2611
      CRPS: 0.2092
  Completed: 1 series × 35 windows
  Output: /fslarge/scratch/users/h61084/codes/improved/outputs/channels_comparison/tasks/multivariate/chronos2/multivariate/US_Term_Structure/B/short/run_0

============================================================
All experiments completed!
Results saved to: /scratch/users/h61084/codes/improved/outputs/channels_comparison/tasks/multivariate
============================================================

############################################################
# Dataset 22/38: Oil_Price/B
############################################################
Loading configuration...

============================================================
Dataset: Oil_Price/B
Model: amazon/chronos-2
Checkpoint: /fslarge/scratch/users/h61084/weights/chronos2
Terms: ['short']
Covariate mode: none
============================================================

--- Term: short ---
  Config: prediction_length=20, test_length=717, val_length=100
TIME run allocation action=recompute reuse_source=/scratch/users/h61084/codes/improved/outputs/foundation_models/tasks/chronos2/multivariate reason=No completed reuse source has the expected identity and scientific configuration below /fslarge/scratch/users/h61084/codes/improved/outputs/foundation_models/tasks/chronos2/multivariate
TIME run allocation action=new run=/fslarge/scratch/users/h61084/codes/improved/outputs/channels_comparison/tasks/multivariate/chronos2/multivariate/Oil_Price/B/short/run_0 launch_id=selena_channels_20260907T230635Z_3518 slurm_job_id=3221291 launched_at=2026-09-07T23:12:41.966151+00:00
  Initializing Chronos pipeline (/fslarge/scratch/users/h61084/weights/chronos2)...
  Dataset info:
    - Frequency: B
    - Num series: 1
    - Target dim: 12
    - Target mode: multivariate
    - Covariate channels: 0
    - Series length: min=5035, max=5035, avg=5035.0
    - Test split: 717 steps
    - Prediction length: 20
    - Windows: 35
    Total instances: 35, Series during experiment: 1, Windows: 35
    Collecting ground truth and context...
    Organizing data into arrays...
    Saved predictions (quantiles) to /fslarge/scratch/users/h61084/codes/improved/outputs/channels_comparison/tasks/multivariate/chronos2/multivariate/Oil_Price/B/short/run_0/predictions.npz
    Computing per-window metrics...
    Saved metrics to /fslarge/scratch/users/h61084/codes/improved/outputs/channels_comparison/tasks/multivariate/chronos2/multivariate/Oil_Price/B/short/run_0/metrics.npz
    Saved config to /fslarge/scratch/users/h61084/codes/improved/outputs/channels_comparison/tasks/multivariate/chronos2/multivariate/Oil_Price/B/short/run_0/config.json
    Saved aggregate metrics to /fslarge/scratch/users/h61084/codes/improved/outputs/channels_comparison/tasks/multivariate/chronos2/multivariate/Oil_Price/B/short/run_0/metrics_summary.json
    Metrics summary (averaged over all series/windows/variates):
      MSE: 2.9883
      MAE: 0.6670
      RMSE: 0.7757
      MAPE: 0.0563
      sMAPE: 0.0556
      MASE: 1.3434
      ND: 0.0559
      CRPS: 0.0446
  Completed: 1 series × 35 windows
  Output: /fslarge/scratch/users/h61084/codes/improved/outputs/channels_comparison/tasks/multivariate/chronos2/multivariate/Oil_Price/B/short/run_0

============================================================
All experiments completed!
Results saved to: /scratch/users/h61084/codes/improved/outputs/channels_comparison/tasks/multivariate
============================================================

############################################################
# Dataset 23/38: Job_Claims/W
############################################################
Loading configuration...

============================================================
Dataset: Job_Claims/W
Model: amazon/chronos-2
Checkpoint: /fslarge/scratch/users/h61084/weights/chronos2
Terms: ['short']
Covariate mode: none
============================================================

--- Term: short ---
  Config: prediction_length=13, test_length=52, val_length=13
TIME run allocation action=recompute reuse_source=/scratch/users/h61084/codes/improved/outputs/foundation_models/tasks/chronos2/multivariate reason=No completed reuse source has the expected identity and scientific configuration below /fslarge/scratch/users/h61084/codes/improved/outputs/foundation_models/tasks/chronos2/multivariate
TIME run allocation action=new run=/fslarge/scratch/users/h61084/codes/improved/outputs/channels_comparison/tasks/multivariate/chronos2/multivariate/Job_Claims/W/short/run_0 launch_id=selena_channels_20260907T230635Z_3518 slurm_job_id=3221291 launched_at=2026-09-07T23:12:43.450319+00:00
  Initializing Chronos pipeline (/fslarge/scratch/users/h61084/weights/chronos2)...
  Dataset info:
    - Frequency: W
    - Num series: 1
    - Target dim: 2
    - Target mode: multivariate
    - Covariate channels: 0
    - Series length: min=196, max=196, avg=196.0
    - Test split: 52 steps
    - Prediction length: 13
    - Windows: 4
    Total instances: 4, Series during experiment: 1, Windows: 4
    Collecting ground truth and context...
    Organizing data into arrays...
    ⚠️  Predictions max value (2030934.38) exceeds float16 safe range.
    ⚠️  Applying scale factor: 100 (values will be divided)
    Saved predictions (quantiles) to /fslarge/scratch/users/h61084/codes/improved/outputs/channels_comparison/tasks/multivariate/chronos2/multivariate/Job_Claims/W/short/run_0/predictions.npz
    Computing per-window metrics...
    Saved metrics to /fslarge/scratch/users/h61084/codes/improved/outputs/channels_comparison/tasks/multivariate/chronos2/multivariate/Job_Claims/W/short/run_0/metrics.npz
    Saved config to /fslarge/scratch/users/h61084/codes/improved/outputs/channels_comparison/tasks/multivariate/chronos2/multivariate/Job_Claims/W/short/run_0/config.json
    Saved aggregate metrics to /fslarge/scratch/users/h61084/codes/improved/outputs/channels_comparison/tasks/multivariate/chronos2/multivariate/Job_Claims/W/short/run_0/metrics_summary.json
    Metrics summary (averaged over all series/windows/variates):
      MSE: 801192465.5035
      MAE: 18632.7230
      RMSE: 22058.7635
      MAPE: 0.0235
      sMAPE: 0.0238
      MASE: 3.1438
      ND: 0.0238
      CRPS: 0.0184
  Completed: 1 series × 4 windows
  Output: /fslarge/scratch/users/h61084/codes/improved/outputs/channels_comparison/tasks/multivariate/chronos2/multivariate/Job_Claims/W/short/run_0

============================================================
All experiments completed!
Results saved to: /scratch/users/h61084/codes/improved/outputs/channels_comparison/tasks/multivariate
============================================================

############################################################
# Dataset 24/38: Uncertainty_1M/M
############################################################
Loading configuration...

============================================================
Dataset: Uncertainty_1M/M
Model: amazon/chronos-2
Checkpoint: /fslarge/scratch/users/h61084/weights/chronos2
Terms: ['short']
Covariate mode: none
============================================================

--- Term: short ---
  Config: prediction_length=6, test_length=42, val_length=18
TIME run allocation action=recompute reuse_source=/scratch/users/h61084/codes/improved/outputs/foundation_models/tasks/chronos2/multivariate reason=No completed reuse source has the expected identity and scientific configuration below /fslarge/scratch/users/h61084/codes/improved/outputs/foundation_models/tasks/chronos2/multivariate
TIME run allocation action=new run=/fslarge/scratch/users/h61084/codes/improved/outputs/channels_comparison/tasks/multivariate/chronos2/multivariate/Uncertainty_1M/M/short/run_0 launch_id=selena_channels_20260907T230635Z_3518 slurm_job_id=3221291 launched_at=2026-09-07T23:12:43.758589+00:00
  Initializing Chronos pipeline (/fslarge/scratch/users/h61084/weights/chronos2)...
  Dataset info:
    - Frequency: M
    - Num series: 1
    - Target dim: 3
    - Target mode: multivariate
    - Covariate channels: 0
    - Series length: min=780, max=780, avg=780.0
    - Test split: 42 steps
    - Prediction length: 6
    - Windows: 7
    Total instances: 7, Series during experiment: 1, Windows: 7
    Collecting ground truth and context...
    Organizing data into arrays...
    Saved predictions (quantiles) to /fslarge/scratch/users/h61084/codes/improved/outputs/channels_comparison/tasks/multivariate/chronos2/multivariate/Uncertainty_1M/M/short/run_0/predictions.npz
    Computing per-window metrics...
    Saved metrics to /fslarge/scratch/users/h61084/codes/improved/outputs/channels_comparison/tasks/multivariate/chronos2/multivariate/Uncertainty_1M/M/short/run_0/metrics.npz
    Saved config to /fslarge/scratch/users/h61084/codes/improved/outputs/channels_comparison/tasks/multivariate/chronos2/multivariate/Uncertainty_1M/M/short/run_0/config.json
    Saved aggregate metrics to /fslarge/scratch/users/h61084/codes/improved/outputs/channels_comparison/tasks/multivariate/chronos2/multivariate/Uncertainty_1M/M/short/run_0/metrics_summary.json
    Metrics summary (averaged over all series/windows/variates):
      MSE: 0.0013
      MAE: 0.0277
      RMSE: 0.0309
      MAPE: 0.0345
      sMAPE: 0.0338
      MASE: 0.3483
      ND: 0.0342
      CRPS: 0.0270
  Completed: 1 series × 7 windows
  Output: /fslarge/scratch/users/h61084/codes/improved/outputs/channels_comparison/tasks/multivariate/chronos2/multivariate/Uncertainty_1M/M/short/run_0

============================================================
All experiments completed!
Results saved to: /scratch/users/h61084/codes/improved/outputs/channels_comparison/tasks/multivariate
============================================================

############################################################
# Dataset 25/38: Housing_Inventory/M
############################################################
Loading configuration...

============================================================
Dataset: Housing_Inventory/M
Model: amazon/chronos-2
Checkpoint: /fslarge/scratch/users/h61084/weights/chronos2
Terms: ['short']
Covariate mode: none
============================================================

--- Term: short ---
  Config: prediction_length=12, test_length=36, val_length=12
TIME run allocation action=recompute reuse_source=/scratch/users/h61084/codes/improved/outputs/foundation_models/tasks/chronos2/multivariate reason=No completed reuse source has the expected identity and scientific configuration below /fslarge/scratch/users/h61084/codes/improved/outputs/foundation_models/tasks/chronos2/multivariate
TIME run allocation action=new run=/fslarge/scratch/users/h61084/codes/improved/outputs/channels_comparison/tasks/multivariate/chronos2/multivariate/Housing_Inventory/M/short/run_0 launch_id=selena_channels_20260907T230635Z_3518 slurm_job_id=3221291 launched_at=2026-09-07T23:12:44.187182+00:00
  Initializing Chronos pipeline (/fslarge/scratch/users/h61084/weights/chronos2)...
  Dataset info:
    - Frequency: M
    - Num series: 1
    - Target dim: 4
    - Target mode: multivariate
    - Covariate channels: 0
    - Series length: min=114, max=114, avg=114.0
    - Test split: 36 steps
    - Prediction length: 12
    - Windows: 3
    Total instances: 3, Series during experiment: 1, Windows: 3
    Collecting ground truth and context...
    Organizing data into arrays...
    ⚠️  Predictions max value (1090475.75) exceeds float16 safe range.
    ⚠️  Applying scale factor: 100 (values will be divided)
    Saved predictions (quantiles) to /fslarge/scratch/users/h61084/codes/improved/outputs/channels_comparison/tasks/multivariate/chronos2/multivariate/Housing_Inventory/M/short/run_0/predictions.npz
    Computing per-window metrics...
    Saved metrics to /fslarge/scratch/users/h61084/codes/improved/outputs/channels_comparison/tasks/multivariate/chronos2/multivariate/Housing_Inventory/M/short/run_0/metrics.npz
    Saved config to /fslarge/scratch/users/h61084/codes/improved/outputs/channels_comparison/tasks/multivariate/chronos2/multivariate/Housing_Inventory/M/short/run_0/config.json
    Saved aggregate metrics to /fslarge/scratch/users/h61084/codes/improved/outputs/channels_comparison/tasks/multivariate/chronos2/multivariate/Housing_Inventory/M/short/run_0/metrics_summary.json
    Metrics summary (averaged over all series/windows/variates):
      MSE: 5223247912.1033
      MAE: 33986.0197
      RMSE: 37384.3397
      MAPE: 0.0689
      sMAPE: 0.0693
      MASE: 0.5298
      ND: 0.0695
      CRPS: 0.0527
  Completed: 1 series × 3 windows
  Output: /fslarge/scratch/users/h61084/codes/improved/outputs/channels_comparison/tasks/multivariate/chronos2/multivariate/Housing_Inventory/M/short/run_0

============================================================
All experiments completed!
Results saved to: /scratch/users/h61084/codes/improved/outputs/channels_comparison/tasks/multivariate
============================================================

############################################################
# Dataset 26/38: JOLTS/M
############################################################
Loading configuration...

============================================================
Dataset: JOLTS/M
Model: amazon/chronos-2
Checkpoint: /fslarge/scratch/users/h61084/weights/chronos2
Terms: ['short']
Covariate mode: none
============================================================

--- Term: short ---
  Config: prediction_length=12, test_length=60, val_length=12
TIME run allocation action=recompute reuse_source=/scratch/users/h61084/codes/improved/outputs/foundation_models/tasks/chronos2/multivariate reason=No completed reuse source has the expected identity and scientific configuration below /fslarge/scratch/users/h61084/codes/improved/outputs/foundation_models/tasks/chronos2/multivariate
TIME run allocation action=new run=/fslarge/scratch/users/h61084/codes/improved/outputs/channels_comparison/tasks/multivariate/chronos2/multivariate/JOLTS/M/short/run_0 launch_id=selena_channels_20260907T230635Z_3518 slurm_job_id=3221291 launched_at=2026-09-07T23:12:44.486789+00:00
  Initializing Chronos pipeline (/fslarge/scratch/users/h61084/weights/chronos2)...
  Dataset info:
    - Frequency: M
    - Num series: 1
    - Target dim: 6
    - Target mode: multivariate
    - Covariate channels: 0
    - Series length: min=297, max=297, avg=297.0
    - Test split: 60 steps
    - Prediction length: 12
    - Windows: 5
    Total instances: 5, Series during experiment: 1, Windows: 5
    Collecting ground truth and context...
    Organizing data into arrays...
    Saved predictions (quantiles) to /fslarge/scratch/users/h61084/codes/improved/outputs/channels_comparison/tasks/multivariate/chronos2/multivariate/JOLTS/M/short/run_0/predictions.npz
    Computing per-window metrics...
    Saved metrics to /fslarge/scratch/users/h61084/codes/improved/outputs/channels_comparison/tasks/multivariate/chronos2/multivariate/JOLTS/M/short/run_0/metrics.npz
    Saved config to /fslarge/scratch/users/h61084/codes/improved/outputs/channels_comparison/tasks/multivariate/chronos2/multivariate/JOLTS/M/short/run_0/config.json
    Saved aggregate metrics to /fslarge/scratch/users/h61084/codes/improved/outputs/channels_comparison/tasks/multivariate/chronos2/multivariate/JOLTS/M/short/run_0/metrics_summary.json
    Metrics summary (averaged over all series/windows/variates):
      MSE: 433577.2882
      MAE: 294.3197
      RMSE: 354.0508
      MAPE: 0.0707
      sMAPE: 0.0717
      MASE: 0.9042
      ND: 0.0708
      CRPS: 0.0576
  Completed: 1 series × 5 windows
  Output: /fslarge/scratch/users/h61084/codes/improved/outputs/channels_comparison/tasks/multivariate/chronos2/multivariate/JOLTS/M/short/run_0

============================================================
All experiments completed!
Results saved to: /scratch/users/h61084/codes/improved/outputs/channels_comparison/tasks/multivariate
============================================================

############################################################
# Dataset 27/38: US_Labor/M
############################################################
Loading configuration...

============================================================
Dataset: US_Labor/M
Model: amazon/chronos-2
Checkpoint: /fslarge/scratch/users/h61084/weights/chronos2
Terms: ['short']
Covariate mode: none
============================================================

--- Term: short ---
  Config: prediction_length=12, test_length=60, val_length=12
TIME run allocation action=recompute reuse_source=/scratch/users/h61084/codes/improved/outputs/foundation_models/tasks/chronos2/multivariate reason=No completed reuse source has the expected identity and scientific configuration below /fslarge/scratch/users/h61084/codes/improved/outputs/foundation_models/tasks/chronos2/multivariate
TIME run allocation action=new run=/fslarge/scratch/users/h61084/codes/improved/outputs/channels_comparison/tasks/multivariate/chronos2/multivariate/US_Labor/M/short/run_0 launch_id=selena_channels_20260907T230635Z_3518 slurm_job_id=3221291 launched_at=2026-09-07T23:12:44.791655+00:00
  Initializing Chronos pipeline (/fslarge/scratch/users/h61084/weights/chronos2)...
  Dataset info:
    - Frequency: M
    - Num series: 1
    - Target dim: 14
    - Target mode: multivariate
    - Covariate channels: 0
    - Series length: min=380, max=380, avg=380.0
    - Test split: 60 steps
    - Prediction length: 12
    - Windows: 5
    Total instances: 5, Series during experiment: 1, Windows: 5
    Collecting ground truth and context...
    Organizing data into arrays...
    ⚠️  Predictions max value (171793.94) exceeds float16 safe range.
    ⚠️  Applying scale factor: 10 (values will be divided)
    Saved predictions (quantiles) to /fslarge/scratch/users/h61084/codes/improved/outputs/channels_comparison/tasks/multivariate/chronos2/multivariate/US_Labor/M/short/run_0/predictions.npz
    Computing per-window metrics...
    Saved metrics to /fslarge/scratch/users/h61084/codes/improved/outputs/channels_comparison/tasks/multivariate/chronos2/multivariate/US_Labor/M/short/run_0/metrics.npz
    Saved config to /fslarge/scratch/users/h61084/codes/improved/outputs/channels_comparison/tasks/multivariate/chronos2/multivariate/US_Labor/M/short/run_0/config.json
    Saved aggregate metrics to /fslarge/scratch/users/h61084/codes/improved/outputs/channels_comparison/tasks/multivariate/chronos2/multivariate/US_Labor/M/short/run_0/metrics_summary.json
    Metrics summary (averaged over all series/windows/variates):
      MSE: 829229.6449
      MAE: 417.3603
      RMSE: 460.8334
      MAPE: 0.0802
      sMAPE: 0.0699
      MASE: 1.0015
      ND: 0.0784
      CRPS: 0.0575
  Completed: 1 series × 5 windows
  Output: /fslarge/scratch/users/h61084/codes/improved/outputs/channels_comparison/tasks/multivariate/chronos2/multivariate/US_Labor/M/short/run_0

============================================================
All experiments completed!
Results saved to: /scratch/users/h61084/codes/improved/outputs/channels_comparison/tasks/multivariate
============================================================

############################################################
# Dataset 28/38: Vehicle_Supply/M
############################################################
Loading configuration...

============================================================
Dataset: Vehicle_Supply/M
Model: amazon/chronos-2
Checkpoint: /fslarge/scratch/users/h61084/weights/chronos2
Terms: ['short']
Covariate mode: none
============================================================

--- Term: short ---
  Config: prediction_length=12, test_length=60, val_length=12
TIME run allocation action=recompute reuse_source=/scratch/users/h61084/codes/improved/outputs/foundation_models/tasks/chronos2/multivariate reason=No completed reuse source has the expected identity and scientific configuration below /fslarge/scratch/users/h61084/codes/improved/outputs/foundation_models/tasks/chronos2/multivariate
TIME run allocation action=new run=/fslarge/scratch/users/h61084/codes/improved/outputs/channels_comparison/tasks/multivariate/chronos2/multivariate/Vehicle_Supply/M/short/run_0 launch_id=selena_channels_20260907T230635Z_3518 slurm_job_id=3221291 launched_at=2026-09-07T23:12:45.105441+00:00
  Initializing Chronos pipeline (/fslarge/scratch/users/h61084/weights/chronos2)...
  Dataset info:
    - Frequency: M
    - Num series: 1
    - Target dim: 6
    - Target mode: multivariate
    - Covariate channels: 0
    - Series length: min=391, max=391, avg=391.0
    - Test split: 60 steps
    - Prediction length: 12
    - Windows: 5
    Total instances: 5, Series during experiment: 1, Windows: 5
    Collecting ground truth and context...
    Organizing data into arrays...
    Saved predictions (quantiles) to /fslarge/scratch/users/h61084/codes/improved/outputs/channels_comparison/tasks/multivariate/chronos2/multivariate/Vehicle_Supply/M/short/run_0/predictions.npz
    Computing per-window metrics...
    Saved metrics to /fslarge/scratch/users/h61084/codes/improved/outputs/channels_comparison/tasks/multivariate/chronos2/multivariate/Vehicle_Supply/M/short/run_0/metrics.npz
    Saved config to /fslarge/scratch/users/h61084/codes/improved/outputs/channels_comparison/tasks/multivariate/chronos2/multivariate/Vehicle_Supply/M/short/run_0/config.json
    Saved aggregate metrics to /fslarge/scratch/users/h61084/codes/improved/outputs/channels_comparison/tasks/multivariate/chronos2/multivariate/Vehicle_Supply/M/short/run_0/metrics_summary.json
    Metrics summary (averaged over all series/windows/variates):
      MSE: 2017.1984
      MAE: 18.4154
      RMSE: 22.5756
      MAPE: 0.2269
      sMAPE: 0.1917
      MASE: 0.7094
      ND: 0.2077
      CRPS: 0.1673
  Completed: 1 series × 5 windows
  Output: /fslarge/scratch/users/h61084/codes/improved/outputs/channels_comparison/tasks/multivariate/chronos2/multivariate/Vehicle_Supply/M/short/run_0

============================================================
All experiments completed!
Results saved to: /scratch/users/h61084/codes/improved/outputs/channels_comparison/tasks/multivariate
============================================================

############################################################
# Dataset 29/38: WUI_Global/Q
############################################################
Loading configuration...

============================================================
Dataset: WUI_Global/Q
Model: amazon/chronos-2
Checkpoint: /fslarge/scratch/users/h61084/weights/chronos2
Terms: ['short']
Covariate mode: none
============================================================

--- Term: short ---
  Config: prediction_length=4, test_length=20, val_length=20
TIME run allocation action=recompute reuse_source=/scratch/users/h61084/codes/improved/outputs/foundation_models/tasks/chronos2/multivariate reason=No completed reuse source has the expected identity and scientific configuration below /fslarge/scratch/users/h61084/codes/improved/outputs/foundation_models/tasks/chronos2/multivariate
TIME run allocation action=new run=/fslarge/scratch/users/h61084/codes/improved/outputs/channels_comparison/tasks/multivariate/chronos2/multivariate/WUI_Global/Q/short/run_0 launch_id=selena_channels_20260907T230635Z_3518 slurm_job_id=3221291 launched_at=2026-09-07T23:12:45.411685+00:00
  Initializing Chronos pipeline (/fslarge/scratch/users/h61084/weights/chronos2)...
  Dataset info:
    - Frequency: Q
    - Num series: 1
    - Target dim: 15
    - Target mode: multivariate
    - Covariate channels: 0
    - Series length: min=294, max=294, avg=294.0
    - Test split: 20 steps
    - Prediction length: 4
    - Windows: 5
    Total instances: 5, Series during experiment: 1, Windows: 5
    Collecting ground truth and context...
    Organizing data into arrays...
    Saved predictions (quantiles) to /fslarge/scratch/users/h61084/codes/improved/outputs/channels_comparison/tasks/multivariate/chronos2/multivariate/WUI_Global/Q/short/run_0/predictions.npz
    Computing per-window metrics...
    Saved metrics to /fslarge/scratch/users/h61084/codes/improved/outputs/channels_comparison/tasks/multivariate/chronos2/multivariate/WUI_Global/Q/short/run_0/metrics.npz
    Saved config to /fslarge/scratch/users/h61084/codes/improved/outputs/channels_comparison/tasks/multivariate/chronos2/multivariate/WUI_Global/Q/short/run_0/config.json
    Saved aggregate metrics to /fslarge/scratch/users/h61084/codes/improved/outputs/channels_comparison/tasks/multivariate/chronos2/multivariate/WUI_Global/Q/short/run_0/metrics_summary.json
    Metrics summary (averaged over all series/windows/variates):
      MSE: 0.0447
      MAE: 0.1426
      RMSE: 0.1685
      MAPE: 0.5849
      sMAPE: 0.6087
      MASE: 0.9487
      ND: 0.6836
      CRPS: 0.5338
  Completed: 1 series × 5 windows
  Output: /fslarge/scratch/users/h61084/codes/improved/outputs/channels_comparison/tasks/multivariate/chronos2/multivariate/WUI_Global/Q/short/run_0

============================================================
All experiments completed!
Results saved to: /scratch/users/h61084/codes/improved/outputs/channels_comparison/tasks/multivariate
============================================================

############################################################
# Dataset 30/38: Global_Price/Q
############################################################
Loading configuration...

============================================================
Dataset: Global_Price/Q
Model: amazon/chronos-2
Checkpoint: /fslarge/scratch/users/h61084/weights/chronos2
Terms: ['short']
Covariate mode: none
============================================================

--- Term: short ---
  Config: prediction_length=4, test_length=20, val_length=8
TIME run allocation action=recompute reuse_source=/scratch/users/h61084/codes/improved/outputs/foundation_models/tasks/chronos2/multivariate reason=No completed reuse source has the expected identity and scientific configuration below /fslarge/scratch/users/h61084/codes/improved/outputs/foundation_models/tasks/chronos2/multivariate
TIME run allocation action=new run=/fslarge/scratch/users/h61084/codes/improved/outputs/channels_comparison/tasks/multivariate/chronos2/multivariate/Global_Price/Q/short/run_0 launch_id=selena_channels_20260907T230635Z_3518 slurm_job_id=3221291 launched_at=2026-09-07T23:12:45.722057+00:00
  Initializing Chronos pipeline (/fslarge/scratch/users/h61084/weights/chronos2)...
  Dataset info:
    - Frequency: Q
    - Num series: 1
    - Target dim: 60
    - Target mode: multivariate
    - Covariate channels: 0
    - Series length: min=142, max=142, avg=142.0
    - Test split: 20 steps
    - Prediction length: 4
    - Windows: 5
    Total instances: 5, Series during experiment: 1, Windows: 5
    Collecting ground truth and context...
    Organizing data into arrays...
    Saved predictions (quantiles) to /fslarge/scratch/users/h61084/codes/improved/outputs/channels_comparison/tasks/multivariate/chronos2/multivariate/Global_Price/Q/short/run_0/predictions.npz
    Computing per-window metrics...
    Saved metrics to /fslarge/scratch/users/h61084/codes/improved/outputs/channels_comparison/tasks/multivariate/chronos2/multivariate/Global_Price/Q/short/run_0/metrics.npz
    Saved config to /fslarge/scratch/users/h61084/codes/improved/outputs/channels_comparison/tasks/multivariate/chronos2/multivariate/Global_Price/Q/short/run_0/config.json
    Saved aggregate metrics to /fslarge/scratch/users/h61084/codes/improved/outputs/channels_comparison/tasks/multivariate/chronos2/multivariate/Global_Price/Q/short/run_0/metrics_summary.json
    Metrics summary (averaged over all series/windows/variates):
      MSE: 1336712.8818
      MAE: 267.9339
      RMSE: 312.3746
      MAPE: 0.1636
      sMAPE: 0.1726
      MASE: 1.4272
      ND: 0.1651
      CRPS: 0.1332
  Completed: 1 series × 5 windows
  Output: /fslarge/scratch/users/h61084/codes/improved/outputs/channels_comparison/tasks/multivariate/chronos2/multivariate/Global_Price/Q/short/run_0

============================================================
All experiments completed!
Results saved to: /scratch/users/h61084/codes/improved/outputs/channels_comparison/tasks/multivariate
============================================================

############################################################
# Dataset 31/38: Vehicle_Sales/M
############################################################
Loading configuration...

============================================================
Dataset: Vehicle_Sales/M
Model: amazon/chronos-2
Checkpoint: /fslarge/scratch/users/h61084/weights/chronos2
Terms: ['short']
Covariate mode: none
============================================================

--- Term: short ---
  Config: prediction_length=12, test_length=60, val_length=12
TIME run allocation action=recompute reuse_source=/scratch/users/h61084/codes/improved/outputs/foundation_models/tasks/chronos2/multivariate reason=No completed reuse source has the expected identity and scientific configuration below /fslarge/scratch/users/h61084/codes/improved/outputs/foundation_models/tasks/chronos2/multivariate
TIME run allocation action=new run=/fslarge/scratch/users/h61084/codes/improved/outputs/channels_comparison/tasks/multivariate/chronos2/multivariate/Vehicle_Sales/M/short/run_0 launch_id=selena_channels_20260907T230635Z_3518 slurm_job_id=3221291 launched_at=2026-09-07T23:12:46.071307+00:00
  Initializing Chronos pipeline (/fslarge/scratch/users/h61084/weights/chronos2)...
  Dataset info:
    - Frequency: M
    - Num series: 1
    - Target dim: 10
    - Target mode: multivariate
    - Covariate channels: 0
    - Series length: min=596, max=596, avg=596.0
    - Test split: 60 steps
    - Prediction length: 12
    - Windows: 5
    Total instances: 5, Series during experiment: 1, Windows: 5
    Collecting ground truth and context...
    Organizing data into arrays...
    Saved predictions (quantiles) to /fslarge/scratch/users/h61084/codes/improved/outputs/channels_comparison/tasks/multivariate/chronos2/multivariate/Vehicle_Sales/M/short/run_0/predictions.npz
    Computing per-window metrics...
    Saved metrics to /fslarge/scratch/users/h61084/codes/improved/outputs/channels_comparison/tasks/multivariate/chronos2/multivariate/Vehicle_Sales/M/short/run_0/metrics.npz
    Saved config to /fslarge/scratch/users/h61084/codes/improved/outputs/channels_comparison/tasks/multivariate/chronos2/multivariate/Vehicle_Sales/M/short/run_0/config.json
    Saved aggregate metrics to /fslarge/scratch/users/h61084/codes/improved/outputs/channels_comparison/tasks/multivariate/chronos2/multivariate/Vehicle_Sales/M/short/run_0/metrics_summary.json
    Metrics summary (averaged over all series/windows/variates):
      MSE: 1627.4231
      MAE: 10.8849
      RMSE: 12.4165
      MAPE: 0.0863
      sMAPE: 0.0860
      MASE: 0.8348
      ND: 0.0865
      CRPS: 0.0654
  Completed: 1 series × 5 windows
  Output: /fslarge/scratch/users/h61084/codes/improved/outputs/channels_comparison/tasks/multivariate/chronos2/multivariate/Vehicle_Sales/M/short/run_0

============================================================
All experiments completed!
Results saved to: /scratch/users/h61084/codes/improved/outputs/channels_comparison/tasks/multivariate
============================================================

############################################################
# Dataset 32/38: Supply_Chain_Customer/D
############################################################
Loading configuration...

============================================================
Dataset: Supply_Chain_Customer/D
Model: amazon/chronos-2
Checkpoint: /fslarge/scratch/users/h61084/weights/chronos2
Terms: ['short']
Covariate mode: none
============================================================

--- Term: short ---
  Config: prediction_length=30, test_length=365, val_length=90
TIME run allocation action=recompute reuse_source=/scratch/users/h61084/codes/improved/outputs/foundation_models/tasks/chronos2/multivariate reason=No completed reuse source has the expected identity and scientific configuration below /fslarge/scratch/users/h61084/codes/improved/outputs/foundation_models/tasks/chronos2/multivariate
TIME run allocation action=new run=/fslarge/scratch/users/h61084/codes/improved/outputs/channels_comparison/tasks/multivariate/chronos2/multivariate/Supply_Chain_Customer/D/short/run_0 launch_id=selena_channels_20260907T230635Z_3518 slurm_job_id=3221291 launched_at=2026-09-07T23:12:46.390636+00:00
  Initializing Chronos pipeline (/fslarge/scratch/users/h61084/weights/chronos2)...
  Dataset info:
    - Frequency: D
    - Num series: 1
    - Target dim: 36
    - Target mode: multivariate
    - Covariate channels: 0
    - Series length: min=2007, max=2007, avg=2007.0
    - Test split: 365 steps
    - Prediction length: 30
    - Windows: 12
    Total instances: 12, Series during experiment: 1, Windows: 12
    Collecting ground truth and context...
    Organizing data into arrays...
    ⚠️  Predictions max value (254527.22) exceeds float16 safe range.
    ⚠️  Applying scale factor: 10 (values will be divided)
    Saved predictions (quantiles) to /fslarge/scratch/users/h61084/codes/improved/outputs/channels_comparison/tasks/multivariate/chronos2/multivariate/Supply_Chain_Customer/D/short/run_0/predictions.npz
    Computing per-window metrics...
    Saved metrics to /fslarge/scratch/users/h61084/codes/improved/outputs/channels_comparison/tasks/multivariate/chronos2/multivariate/Supply_Chain_Customer/D/short/run_0/metrics.npz
    Saved config to /fslarge/scratch/users/h61084/codes/improved/outputs/channels_comparison/tasks/multivariate/chronos2/multivariate/Supply_Chain_Customer/D/short/run_0/config.json
    Saved aggregate metrics to /fslarge/scratch/users/h61084/codes/improved/outputs/channels_comparison/tasks/multivariate/chronos2/multivariate/Supply_Chain_Customer/D/short/run_0/metrics_summary.json
    Metrics summary (averaged over all series/windows/variates):
      MSE: 28443627.5909
      MAE: 1536.4470
      RMSE: 2180.0842
      MAPE: 0.4113
      sMAPE: 0.3790
      MASE: 0.5533
      ND: 0.3332
      CRPS: 0.2587
  Completed: 1 series × 12 windows
  Output: /fslarge/scratch/users/h61084/codes/improved/outputs/channels_comparison/tasks/multivariate/chronos2/multivariate/Supply_Chain_Customer/D/short/run_0

============================================================
All experiments completed!
Results saved to: /scratch/users/h61084/codes/improved/outputs/channels_comparison/tasks/multivariate
============================================================

############################################################
# Dataset 33/38: Supply_Chain_Location/D
############################################################
Loading configuration...

============================================================
Dataset: Supply_Chain_Location/D
Model: amazon/chronos-2
Checkpoint: /fslarge/scratch/users/h61084/weights/chronos2
Terms: ['short']
Covariate mode: none
============================================================

--- Term: short ---
  Config: prediction_length=30, test_length=365, val_length=90
TIME run allocation action=recompute reuse_source=/scratch/users/h61084/codes/improved/outputs/foundation_models/tasks/chronos2/multivariate reason=No completed reuse source has the expected identity and scientific configuration below /fslarge/scratch/users/h61084/codes/improved/outputs/foundation_models/tasks/chronos2/multivariate
TIME run allocation action=new run=/fslarge/scratch/users/h61084/codes/improved/outputs/channels_comparison/tasks/multivariate/chronos2/multivariate/Supply_Chain_Location/D/short/run_0 launch_id=selena_channels_20260907T230635Z_3518 slurm_job_id=3221291 launched_at=2026-09-07T23:12:47.211302+00:00
  Initializing Chronos pipeline (/fslarge/scratch/users/h61084/weights/chronos2)...
  Dataset info:
    - Frequency: D
    - Num series: 1
    - Target dim: 51
    - Target mode: multivariate
    - Covariate channels: 0
    - Series length: min=2007, max=2007, avg=2007.0
    - Test split: 365 steps
    - Prediction length: 30
    - Windows: 12
    Total instances: 12, Series during experiment: 1, Windows: 12
    Collecting ground truth and context...
    Organizing data into arrays...
    ⚠️  Predictions max value (115510.66) exceeds float16 safe range.
    ⚠️  Applying scale factor: 10 (values will be divided)
    Saved predictions (quantiles) to /fslarge/scratch/users/h61084/codes/improved/outputs/channels_comparison/tasks/multivariate/chronos2/multivariate/Supply_Chain_Location/D/short/run_0/predictions.npz
    Computing per-window metrics...
    Saved metrics to /fslarge/scratch/users/h61084/codes/improved/outputs/channels_comparison/tasks/multivariate/chronos2/multivariate/Supply_Chain_Location/D/short/run_0/metrics.npz
    Saved config to /fslarge/scratch/users/h61084/codes/improved/outputs/channels_comparison/tasks/multivariate/chronos2/multivariate/Supply_Chain_Location/D/short/run_0/config.json
    Saved aggregate metrics to /fslarge/scratch/users/h61084/codes/improved/outputs/channels_comparison/tasks/multivariate/chronos2/multivariate/Supply_Chain_Location/D/short/run_0/metrics_summary.json
    Metrics summary (averaged over all series/windows/variates):
      MSE: 18425020.9472
      MAE: 1703.5771
      RMSE: 2240.5644
      MAPE: 0.4979
      sMAPE: 0.3898
      MASE: 0.6049
      ND: 0.3571
      CRPS: 0.2713
  Completed: 1 series × 12 windows
  Output: /fslarge/scratch/users/h61084/codes/improved/outputs/channels_comparison/tasks/multivariate/chronos2/multivariate/Supply_Chain_Location/D/short/run_0

============================================================
All experiments completed!
Results saved to: /scratch/users/h61084/codes/improved/outputs/channels_comparison/tasks/multivariate
============================================================

############################################################
# Dataset 34/38: azure2019_D/5T
############################################################
Loading configuration...

============================================================
Dataset: azure2019_D/5T
Model: amazon/chronos-2
Checkpoint: /fslarge/scratch/users/h61084/weights/chronos2
Terms: ['short']
Covariate mode: none
============================================================

--- Term: short ---
  Config: prediction_length=288, test_length=864, val_length=864
TIME run allocation action=recompute reuse_source=/scratch/users/h61084/codes/improved/outputs/foundation_models/tasks/chronos2/multivariate reason=No completed reuse source has the expected identity and scientific configuration below /fslarge/scratch/users/h61084/codes/improved/outputs/foundation_models/tasks/chronos2/multivariate
TIME run allocation action=new run=/fslarge/scratch/users/h61084/codes/improved/outputs/channels_comparison/tasks/multivariate/chronos2/multivariate/azure2019_D/5T/short/run_0 launch_id=selena_channels_20260907T230635Z_3518 slurm_job_id=3221291 launched_at=2026-09-07T23:12:48.865229+00:00
  Initializing Chronos pipeline (/fslarge/scratch/users/h61084/weights/chronos2)...
  Dataset info:
    - Frequency: 5T
    - Num series: 989
    - Target dim: 3
    - Target mode: multivariate
    - Covariate channels: 0
    - Series length: min=8073, max=8639, avg=8627.0
    - Test split: 864 steps
    - Prediction length: 288
    - Windows: 3
    Processed 160/2967...
    Processed 320/2967...
    Processed 480/2967...
    Processed 640/2967...
    Processed 800/2967...
    Processed 960/2967...
    Processed 1120/2967...
    Processed 1280/2967...
    Processed 1440/2967...
    Processed 1600/2967...
    Processed 1760/2967...
    Processed 1920/2967...
    Processed 2080/2967...
    Processed 2240/2967...
    Processed 2400/2967...
    Processed 2560/2967...
    Processed 2720/2967...
    Processed 2880/2967...
    Total instances: 2967, Series during experiment: 989, Windows: 3
    Collecting ground truth and context...
    Organizing data into arrays...
    Saved predictions (quantiles) to /fslarge/scratch/users/h61084/codes/improved/outputs/channels_comparison/tasks/multivariate/chronos2/multivariate/azure2019_D/5T/short/run_0/predictions.npz
    Computing per-window metrics...
    Saved metrics to /fslarge/scratch/users/h61084/codes/improved/outputs/channels_comparison/tasks/multivariate/chronos2/multivariate/azure2019_D/5T/short/run_0/metrics.npz
    Saved config to /fslarge/scratch/users/h61084/codes/improved/outputs/channels_comparison/tasks/multivariate/chronos2/multivariate/azure2019_D/5T/short/run_0/config.json
    Saved aggregate metrics to /fslarge/scratch/users/h61084/codes/improved/outputs/channels_comparison/tasks/multivariate/chronos2/multivariate/azure2019_D/5T/short/run_0/metrics_summary.json
    Metrics summary (averaged over all series/windows/variates):
      MSE: 56.4290
      MAE: 2.5884
      RMSE: 3.6680
      MAPE: 0.1968
      sMAPE: 0.1680
      MASE: 0.7178
      ND: 0.1706
      CRPS: 0.1386
  Completed: 989 series × 3 windows
  Output: /fslarge/scratch/users/h61084/codes/improved/outputs/channels_comparison/tasks/multivariate/chronos2/multivariate/azure2019_D/5T/short/run_0

============================================================
All experiments completed!
Results saved to: /scratch/users/h61084/codes/improved/outputs/channels_comparison/tasks/multivariate
============================================================

############################################################
# Dataset 35/38: azure2019_I/5T
############################################################
Loading configuration...

============================================================
Dataset: azure2019_I/5T
Model: amazon/chronos-2
Checkpoint: /fslarge/scratch/users/h61084/weights/chronos2
Terms: ['short']
Covariate mode: none
============================================================

--- Term: short ---
  Config: prediction_length=288, test_length=864, val_length=864
TIME run allocation action=recompute reuse_source=/scratch/users/h61084/codes/improved/outputs/foundation_models/tasks/chronos2/multivariate reason=No completed reuse source has the expected identity and scientific configuration below /fslarge/scratch/users/h61084/codes/improved/outputs/foundation_models/tasks/chronos2/multivariate
TIME run allocation action=new run=/fslarge/scratch/users/h61084/codes/improved/outputs/channels_comparison/tasks/multivariate/chronos2/multivariate/azure2019_I/5T/short/run_0 launch_id=selena_channels_20260907T230635Z_3518 slurm_job_id=3221291 launched_at=2026-09-07T23:13:38.837817+00:00
  Initializing Chronos pipeline (/fslarge/scratch/users/h61084/weights/chronos2)...
  Dataset info:
    - Frequency: 5T
    - Num series: 492
    - Target dim: 3
    - Target mode: multivariate
    - Covariate channels: 0
    - Series length: min=8250, max=8639, avg=8630.4
    - Test split: 864 steps
    - Prediction length: 288
    - Windows: 3
    Processed 160/1476...
    Processed 320/1476...
    Processed 480/1476...
    Processed 640/1476...
    Processed 800/1476...
    Processed 960/1476...
    Processed 1120/1476...
    Processed 1280/1476...
    Processed 1440/1476...
    Total instances: 1476, Series during experiment: 492, Windows: 3
    Collecting ground truth and context...
    Organizing data into arrays...
    Saved predictions (quantiles) to /fslarge/scratch/users/h61084/codes/improved/outputs/channels_comparison/tasks/multivariate/chronos2/multivariate/azure2019_I/5T/short/run_0/predictions.npz
    Computing per-window metrics...
    Saved metrics to /fslarge/scratch/users/h61084/codes/improved/outputs/channels_comparison/tasks/multivariate/chronos2/multivariate/azure2019_I/5T/short/run_0/metrics.npz
    Saved config to /fslarge/scratch/users/h61084/codes/improved/outputs/channels_comparison/tasks/multivariate/chronos2/multivariate/azure2019_I/5T/short/run_0/config.json
    Saved aggregate metrics to /fslarge/scratch/users/h61084/codes/improved/outputs/channels_comparison/tasks/multivariate/chronos2/multivariate/azure2019_I/5T/short/run_0/metrics_summary.json
    Metrics summary (averaged over all series/windows/variates):
      MSE: 45.0569
      MAE: 2.1410
      RMSE: 3.2015
      MAPE: 0.1796
      sMAPE: 0.1459
      MASE: 0.6743
      ND: 0.1522
      CRPS: 0.1225
  Completed: 492 series × 3 windows
  Output: /fslarge/scratch/users/h61084/codes/improved/outputs/channels_comparison/tasks/multivariate/chronos2/multivariate/azure2019_I/5T/short/run_0

============================================================
All experiments completed!
Results saved to: /scratch/users/h61084/codes/improved/outputs/channels_comparison/tasks/multivariate
============================================================

############################################################
# Dataset 36/38: azure2019_U/5T
############################################################
Loading configuration...

============================================================
Dataset: azure2019_U/5T
Model: amazon/chronos-2
Checkpoint: /fslarge/scratch/users/h61084/weights/chronos2
Terms: ['short']
Covariate mode: none
============================================================

--- Term: short ---
  Config: prediction_length=48, test_length=288, val_length=96
TIME run allocation action=recompute reuse_source=/scratch/users/h61084/codes/improved/outputs/foundation_models/tasks/chronos2/multivariate reason=No completed reuse source has the expected identity and scientific configuration below /fslarge/scratch/users/h61084/codes/improved/outputs/foundation_models/tasks/chronos2/multivariate
TIME run allocation action=new run=/fslarge/scratch/users/h61084/codes/improved/outputs/channels_comparison/tasks/multivariate/chronos2/multivariate/azure2019_U/5T/short/run_0 launch_id=selena_channels_20260907T230635Z_3518 slurm_job_id=3221291 launched_at=2026-09-07T23:14:04.120775+00:00
  Initializing Chronos pipeline (/fslarge/scratch/users/h61084/weights/chronos2)...
  Dataset info:
    - Frequency: 5T
    - Num series: 78
    - Target dim: 3
    - Target mode: multivariate
    - Covariate channels: 0
    - Series length: min=882, max=2006, avg=1406.1
    - Test split: 288 steps
    - Prediction length: 48
    - Windows: 6
    Processed 160/468...
    Processed 320/468...
    Processed 468/468...
    Total instances: 468, Series during experiment: 78, Windows: 6
    Collecting ground truth and context...
    Organizing data into arrays...
    Saved predictions (quantiles) to /fslarge/scratch/users/h61084/codes/improved/outputs/channels_comparison/tasks/multivariate/chronos2/multivariate/azure2019_U/5T/short/run_0/predictions.npz
    Computing per-window metrics...
    Saved metrics to /fslarge/scratch/users/h61084/codes/improved/outputs/channels_comparison/tasks/multivariate/chronos2/multivariate/azure2019_U/5T/short/run_0/metrics.npz
    Saved config to /fslarge/scratch/users/h61084/codes/improved/outputs/channels_comparison/tasks/multivariate/chronos2/multivariate/azure2019_U/5T/short/run_0/config.json
    Saved aggregate metrics to /fslarge/scratch/users/h61084/codes/improved/outputs/channels_comparison/tasks/multivariate/chronos2/multivariate/azure2019_U/5T/short/run_0/metrics_summary.json
    Metrics summary (averaged over all series/windows/variates):
      MSE: 67.8880
      MAE: 2.3908
      RMSE: 3.3155
      MAPE: 0.3747
      sMAPE: 0.1649
      MASE: 0.6608
      ND: 0.1779
      CRPS: 0.1467
  Completed: 78 series × 6 windows
  Output: /fslarge/scratch/users/h61084/codes/improved/outputs/channels_comparison/tasks/multivariate/chronos2/multivariate/azure2019_U/5T/short/run_0

============================================================
All experiments completed!
Results saved to: /scratch/users/h61084/codes/improved/outputs/channels_comparison/tasks/multivariate
============================================================

############################################################
# Dataset 37/38: Smart_Manufacturing/H
############################################################
Loading configuration...

============================================================
Dataset: Smart_Manufacturing/H
Model: amazon/chronos-2
Checkpoint: /fslarge/scratch/users/h61084/weights/chronos2
Terms: ['short', 'medium', 'long']
Covariate mode: none
============================================================

--- Term: short ---
  Config: prediction_length=24, test_length=336, val_length=336
TIME run allocation action=recompute reuse_source=/scratch/users/h61084/codes/improved/outputs/foundation_models/tasks/chronos2/multivariate reason=No completed reuse source has the expected identity and scientific configuration below /fslarge/scratch/users/h61084/codes/improved/outputs/foundation_models/tasks/chronos2/multivariate
TIME run allocation action=new run=/fslarge/scratch/users/h61084/codes/improved/outputs/channels_comparison/tasks/multivariate/chronos2/multivariate/Smart_Manufacturing/H/short/run_0 launch_id=selena_channels_20260907T230635Z_3518 slurm_job_id=3221291 launched_at=2026-09-07T23:14:06.294572+00:00
  Initializing Chronos pipeline (/fslarge/scratch/users/h61084/weights/chronos2)...
  Dataset info:
    - Frequency: H
    - Num series: 34
    - Target dim: 5
    - Target mode: multivariate
    - Covariate channels: 0
    - Series length: min=1661, max=1667, avg=1665.9
    - Test split: 336 steps
    - Prediction length: 24
    - Windows: 14
    Processed 160/476...
    Processed 320/476...
    Processed 476/476...
    Total instances: 476, Series during experiment: 34, Windows: 14
    Collecting ground truth and context...
    Organizing data into arrays...
    Saved predictions (quantiles) to /fslarge/scratch/users/h61084/codes/improved/outputs/channels_comparison/tasks/multivariate/chronos2/multivariate/Smart_Manufacturing/H/short/run_0/predictions.npz
    Computing per-window metrics...
    Saved metrics to /fslarge/scratch/users/h61084/codes/improved/outputs/channels_comparison/tasks/multivariate/chronos2/multivariate/Smart_Manufacturing/H/short/run_0/metrics.npz
    Saved config to /fslarge/scratch/users/h61084/codes/improved/outputs/channels_comparison/tasks/multivariate/chronos2/multivariate/Smart_Manufacturing/H/short/run_0/config.json
    Saved aggregate metrics to /fslarge/scratch/users/h61084/codes/improved/outputs/channels_comparison/tasks/multivariate/chronos2/multivariate/Smart_Manufacturing/H/short/run_0/metrics_summary.json
    Metrics summary (averaged over all series/windows/variates):
      MSE: 78.2795
      MAE: 5.7144
      RMSE: 7.0607
      MAPE: 0.3315
      sMAPE: 0.2252
      MASE: 0.7115
      ND: 0.2164
      CRPS: 0.1665
  Completed: 34 series × 14 windows
  Output: /fslarge/scratch/users/h61084/codes/improved/outputs/channels_comparison/tasks/multivariate/chronos2/multivariate/Smart_Manufacturing/H/short/run_0

--- Term: medium ---
  Config: prediction_length=168, test_length=336, val_length=336
TIME run allocation action=recompute reuse_source=/scratch/users/h61084/codes/improved/outputs/foundation_models/tasks/chronos2/multivariate reason=No completed reuse source has the expected identity and scientific configuration below /fslarge/scratch/users/h61084/codes/improved/outputs/foundation_models/tasks/chronos2/multivariate
TIME run allocation action=new run=/fslarge/scratch/users/h61084/codes/improved/outputs/channels_comparison/tasks/multivariate/chronos2/multivariate/Smart_Manufacturing/H/medium/run_0 launch_id=selena_channels_20260907T230635Z_3518 slurm_job_id=3221291 launched_at=2026-09-07T23:14:09.415149+00:00
  Initializing Chronos pipeline (/fslarge/scratch/users/h61084/weights/chronos2)...
  Dataset info:
    - Frequency: H
    - Num series: 34
    - Target dim: 5
    - Target mode: multivariate
    - Covariate channels: 0
    - Series length: min=1661, max=1667, avg=1665.9
    - Test split: 336 steps
    - Prediction length: 168
    - Windows: 2
    Total instances: 68, Series during experiment: 34, Windows: 2
    Collecting ground truth and context...
    Organizing data into arrays...
    Saved predictions (quantiles) to /fslarge/scratch/users/h61084/codes/improved/outputs/channels_comparison/tasks/multivariate/chronos2/multivariate/Smart_Manufacturing/H/medium/run_0/predictions.npz
    Computing per-window metrics...
    Saved metrics to /fslarge/scratch/users/h61084/codes/improved/outputs/channels_comparison/tasks/multivariate/chronos2/multivariate/Smart_Manufacturing/H/medium/run_0/metrics.npz
    Saved config to /fslarge/scratch/users/h61084/codes/improved/outputs/channels_comparison/tasks/multivariate/chronos2/multivariate/Smart_Manufacturing/H/medium/run_0/config.json
    Saved aggregate metrics to /fslarge/scratch/users/h61084/codes/improved/outputs/channels_comparison/tasks/multivariate/chronos2/multivariate/Smart_Manufacturing/H/medium/run_0/metrics_summary.json
    Metrics summary (averaged over all series/windows/variates):
      MSE: 78.3652
      MAE: 5.7186
      RMSE: 7.1471
      MAPE: 0.3369
      sMAPE: 0.2253
      MASE: 0.7113
      ND: 0.2152
      CRPS: 0.1656
  Completed: 34 series × 2 windows
  Output: /fslarge/scratch/users/h61084/codes/improved/outputs/channels_comparison/tasks/multivariate/chronos2/multivariate/Smart_Manufacturing/H/medium/run_0

--- Term: long ---
  Config: prediction_length=336, test_length=336, val_length=336
TIME run allocation action=recompute reuse_source=/scratch/users/h61084/codes/improved/outputs/foundation_models/tasks/chronos2/multivariate reason=No completed reuse source has the expected identity and scientific configuration below /fslarge/scratch/users/h61084/codes/improved/outputs/foundation_models/tasks/chronos2/multivariate
TIME run allocation action=new run=/fslarge/scratch/users/h61084/codes/improved/outputs/channels_comparison/tasks/multivariate/chronos2/multivariate/Smart_Manufacturing/H/long/run_0 launch_id=selena_channels_20260907T230635Z_3518 slurm_job_id=3221291 launched_at=2026-09-07T23:14:10.142272+00:00
  Initializing Chronos pipeline (/fslarge/scratch/users/h61084/weights/chronos2)...
  Dataset info:
    - Frequency: H
    - Num series: 34
    - Target dim: 5
    - Target mode: multivariate
    - Covariate channels: 0
    - Series length: min=1661, max=1667, avg=1665.9
    - Test split: 336 steps
    - Prediction length: 336
    - Windows: 1
    Total instances: 34, Series during experiment: 34, Windows: 1
    Collecting ground truth and context...
    Organizing data into arrays...
    Saved predictions (quantiles) to /fslarge/scratch/users/h61084/codes/improved/outputs/channels_comparison/tasks/multivariate/chronos2/multivariate/Smart_Manufacturing/H/long/run_0/predictions.npz
    Computing per-window metrics...
    Saved metrics to /fslarge/scratch/users/h61084/codes/improved/outputs/channels_comparison/tasks/multivariate/chronos2/multivariate/Smart_Manufacturing/H/long/run_0/metrics.npz
    Saved config to /fslarge/scratch/users/h61084/codes/improved/outputs/channels_comparison/tasks/multivariate/chronos2/multivariate/Smart_Manufacturing/H/long/run_0/config.json
    Saved aggregate metrics to /fslarge/scratch/users/h61084/codes/improved/outputs/channels_comparison/tasks/multivariate/chronos2/multivariate/Smart_Manufacturing/H/long/run_0/metrics_summary.json
    Metrics summary (averaged over all series/windows/variates):
      MSE: 78.4038
      MAE: 5.7197
      RMSE: 7.1579
      MAPE: 0.3397
      sMAPE: 0.2253
      MASE: 0.7110
      ND: 0.2152
      CRPS: 0.1656
  Completed: 34 series × 1 windows
  Output: /fslarge/scratch/users/h61084/codes/improved/outputs/channels_comparison/tasks/multivariate/chronos2/multivariate/Smart_Manufacturing/H/long/run_0

============================================================
All experiments completed!
Results saved to: /scratch/users/h61084/codes/improved/outputs/channels_comparison/tasks/multivariate
============================================================

############################################################
# Dataset 38/38: MetroPT-3/5T
############################################################
Loading configuration...

============================================================
Dataset: MetroPT-3/5T
Model: amazon/chronos-2
Checkpoint: /fslarge/scratch/users/h61084/weights/chronos2
Terms: ['short', 'medium', 'long']
Covariate mode: none
============================================================

--- Term: short ---
  Config: prediction_length=48, test_length=1728, val_length=1728
TIME run allocation action=recompute reuse_source=/scratch/users/h61084/codes/improved/outputs/foundation_models/tasks/chronos2/multivariate reason=No completed reuse source has the expected identity and scientific configuration below /fslarge/scratch/users/h61084/codes/improved/outputs/foundation_models/tasks/chronos2/multivariate
TIME run allocation action=new run=/fslarge/scratch/users/h61084/codes/improved/outputs/channels_comparison/tasks/multivariate/chronos2/multivariate/MetroPT-3/5T/short/run_0 launch_id=selena_channels_20260907T230635Z_3518 slurm_job_id=3221291 launched_at=2026-09-07T23:14:10.723956+00:00
  Initializing Chronos pipeline (/fslarge/scratch/users/h61084/weights/chronos2)...
  Dataset info:
    - Frequency: 5T
    - Num series: 1
    - Target dim: 6
    - Target mode: multivariate
    - Covariate channels: 0
    - Series length: min=17809, max=17809, avg=17809.0
    - Test split: 1728 steps
    - Prediction length: 48
    - Windows: 36
    Total instances: 36, Series during experiment: 1, Windows: 36
    Collecting ground truth and context...
    Organizing data into arrays...
    Saved predictions (quantiles) to /fslarge/scratch/users/h61084/codes/improved/outputs/channels_comparison/tasks/multivariate/chronos2/multivariate/MetroPT-3/5T/short/run_0/predictions.npz
    Computing per-window metrics...
    Saved metrics to /fslarge/scratch/users/h61084/codes/improved/outputs/channels_comparison/tasks/multivariate/chronos2/multivariate/MetroPT-3/5T/short/run_0/metrics.npz
    Saved config to /fslarge/scratch/users/h61084/codes/improved/outputs/channels_comparison/tasks/multivariate/chronos2/multivariate/MetroPT-3/5T/short/run_0/config.json
    Saved aggregate metrics to /fslarge/scratch/users/h61084/codes/improved/outputs/channels_comparison/tasks/multivariate/chronos2/multivariate/MetroPT-3/5T/short/run_0/metrics_summary.json
    Metrics summary (averaged over all series/windows/variates):
      MSE: 3.2493
      MAE: 1.0998
      RMSE: 1.4579
      MAPE: 3.5560
      sMAPE: 0.4695
      MASE: 0.6120
      ND: 0.3133
      CRPS: 0.2368
  Completed: 1 series × 36 windows
  Output: /fslarge/scratch/users/h61084/codes/improved/outputs/channels_comparison/tasks/multivariate/chronos2/multivariate/MetroPT-3/5T/short/run_0

--- Term: medium ---
  Config: prediction_length=288, test_length=1728, val_length=1728
TIME run allocation action=recompute reuse_source=/scratch/users/h61084/codes/improved/outputs/foundation_models/tasks/chronos2/multivariate reason=No completed reuse source has the expected identity and scientific configuration below /fslarge/scratch/users/h61084/codes/improved/outputs/foundation_models/tasks/chronos2/multivariate
TIME run allocation action=new run=/fslarge/scratch/users/h61084/codes/improved/outputs/channels_comparison/tasks/multivariate/chronos2/multivariate/MetroPT-3/5T/medium/run_0 launch_id=selena_channels_20260907T230635Z_3518 slurm_job_id=3221291 launched_at=2026-09-07T23:14:12.072614+00:00
  Initializing Chronos pipeline (/fslarge/scratch/users/h61084/weights/chronos2)...
  Dataset info:
    - Frequency: 5T
    - Num series: 1
    - Target dim: 6
    - Target mode: multivariate
    - Covariate channels: 0
    - Series length: min=17809, max=17809, avg=17809.0
    - Test split: 1728 steps
    - Prediction length: 288
    - Windows: 6
    Total instances: 6, Series during experiment: 1, Windows: 6
    Collecting ground truth and context...
    Organizing data into arrays...
    Saved predictions (quantiles) to /fslarge/scratch/users/h61084/codes/improved/outputs/channels_comparison/tasks/multivariate/chronos2/multivariate/MetroPT-3/5T/medium/run_0/predictions.npz
    Computing per-window metrics...
    Saved metrics to /fslarge/scratch/users/h61084/codes/improved/outputs/channels_comparison/tasks/multivariate/chronos2/multivariate/MetroPT-3/5T/medium/run_0/metrics.npz
    Saved config to /fslarge/scratch/users/h61084/codes/improved/outputs/channels_comparison/tasks/multivariate/chronos2/multivariate/MetroPT-3/5T/medium/run_0/config.json
    Saved aggregate metrics to /fslarge/scratch/users/h61084/codes/improved/outputs/channels_comparison/tasks/multivariate/chronos2/multivariate/MetroPT-3/5T/medium/run_0/metrics_summary.json
    Metrics summary (averaged over all series/windows/variates):
      MSE: 3.3712
      MAE: 1.1480
      RMSE: 1.5258
      MAPE: 3.1341
      sMAPE: 0.5100
      MASE: 0.6510
      ND: 0.3293
      CRPS: 0.2467
  Completed: 1 series × 6 windows
  Output: /fslarge/scratch/users/h61084/codes/improved/outputs/channels_comparison/tasks/multivariate/chronos2/multivariate/MetroPT-3/5T/medium/run_0

--- Term: long ---
  Config: prediction_length=576, test_length=1728, val_length=1728
TIME run allocation action=recompute reuse_source=/scratch/users/h61084/codes/improved/outputs/foundation_models/tasks/chronos2/multivariate reason=No completed reuse source has the expected identity and scientific configuration below /fslarge/scratch/users/h61084/codes/improved/outputs/foundation_models/tasks/chronos2/multivariate
TIME run allocation action=new run=/fslarge/scratch/users/h61084/codes/improved/outputs/channels_comparison/tasks/multivariate/chronos2/multivariate/MetroPT-3/5T/long/run_0 launch_id=selena_channels_20260907T230635Z_3518 slurm_job_id=3221291 launched_at=2026-09-07T23:14:12.570402+00:00
  Initializing Chronos pipeline (/fslarge/scratch/users/h61084/weights/chronos2)...
  Dataset info:
    - Frequency: 5T
    - Num series: 1
    - Target dim: 6
    - Target mode: multivariate
    - Covariate channels: 0
    - Series length: min=17809, max=17809, avg=17809.0
    - Test split: 1728 steps
    - Prediction length: 576
    - Windows: 3
    Total instances: 3, Series during experiment: 1, Windows: 3
    Collecting ground truth and context...
    Organizing data into arrays...
    Saved predictions (quantiles) to /fslarge/scratch/users/h61084/codes/improved/outputs/channels_comparison/tasks/multivariate/chronos2/multivariate/MetroPT-3/5T/long/run_0/predictions.npz
    Computing per-window metrics...
    Saved metrics to /fslarge/scratch/users/h61084/codes/improved/outputs/channels_comparison/tasks/multivariate/chronos2/multivariate/MetroPT-3/5T/long/run_0/metrics.npz
    Saved config to /fslarge/scratch/users/h61084/codes/improved/outputs/channels_comparison/tasks/multivariate/chronos2/multivariate/MetroPT-3/5T/long/run_0/config.json
    Saved aggregate metrics to /fslarge/scratch/users/h61084/codes/improved/outputs/channels_comparison/tasks/multivariate/chronos2/multivariate/MetroPT-3/5T/long/run_0/metrics_summary.json
    Metrics summary (averaged over all series/windows/variates):
      MSE: 3.4375
      MAE: 1.1598
      RMSE: 1.5399
      MAPE: 3.1675
      sMAPE: 0.5179
      MASE: 0.6686
      ND: 0.3326
      CRPS: 0.2493
  Completed: 1 series × 3 windows
  Output: /fslarge/scratch/users/h61084/codes/improved/outputs/channels_comparison/tasks/multivariate/chronos2/multivariate/MetroPT-3/5T/long/run_0

============================================================
All experiments completed!
Results saved to: /scratch/users/h61084/codes/improved/outputs/channels_comparison/tasks/multivariate
============================================================

############################################################
# All 38 dataset(s) completed!
############################################################
2026-09-08 01:14:14 | task chronos2 comparison=multivariate covariate_mode=none target_mode=multivariate completed status=success
2026-09-08 01:14:14 | stage evaluate completed status=success
2026-09-08 01:14:14 | stage summarize started
