2026-09-08 01:06:36 | workflow foundation_models started launch_id=selena_20260907T230635Z_3389 task=chronos_bolt slurm_job_id=3221286 slurm_array_job_id=none slurm_array_task_id=none
2026-09-08 01:06:36 | stage evaluate started
2026-09-08 01:06:37 | task model=chronos_bolt runner=run_chronos_bolt.sh environment=uv covariate_mode=none target_mode=auto started
[2026-09-08 01:06:37] TIME runner: run_chronos_bolt.sh
[2026-09-08 01:06:37] datasets: /scratch/users/h61084/datasets/hf_dataset
[2026-09-08 01:06:37] weights: /scratch/users/h61084/weights
[2026-09-08 01:06:37] outputs: /scratch/users/h61084/codes/improved/outputs
[2026-09-08 01:06:37] covariate mode: none
[2026-09-08 01:06:37] target mode: auto

############################################################
# Dataset 1/1: Water_Quality_Darwin/15T
############################################################
Loading configuration...

============================================================
Dataset: Water_Quality_Darwin/15T
Model: amazon/chronos-bolt-base
Terms: ['short', 'medium', 'long']
============================================================
Loading Chronos-Bolt model: amazon/chronos-bolt-base from /fslarge/scratch/users/h61084/weights/chronos-bolt-base...

--- Term: short ---
  Config: prediction_length=16, test_length=1440, val_length=1440
  Dataset info:
    - Frequency: 15T
    - Num series: 7
    - Target dim: 6
    - Target mode: univariate
    - Series length: min=8662, max=18985, avg=15229.4
    - Test split: 1440 steps
    - Prediction length: 16
    - Windows: 90
TIME run allocation action=new run=/fslarge/scratch/users/h61084/codes/improved/outputs/foundation_models/tasks/chronos_bolt/univariate/Water_Quality_Darwin/15T/short/run_0 launch_id=selena_20260907T230635Z_3389 slurm_job_id=3221286 launched_at=2026-09-07T23:07:49.546225+00:00
  Preparing input batches from Test split data...
    Total instances to forecast: 3780
  Running predictions (Batch size: 16)...
    Processed 160/3780...
    Processed 320/3780...
    Processed 480/3780...
    Processed 640/3780...
    Processed 800/3780...
    Processed 960/3780...
    Processed 1120/3780...
    Processed 1280/3780...
    Processed 1440/3780...
    Processed 1600/3780...
    Processed 1760/3780...
    Processed 1920/3780...
    Processed 2080/3780...
    Processed 2240/3780...
    Processed 2400/3780...
    Processed 2560/3780...
    Processed 2720/3780...
    Processed 2880/3780...
    Processed 3040/3780...
    Processed 3200/3780...
    Processed 3360/3780...
    Processed 3520/3780...
    Processed 3680/3780...
    Total instances: 3780, Series during experiment: 42, Windows: 90
    Collecting ground truth and context...
    Detected to_univariate case: 42 flat series -> 7 series x 6 variates
    Organizing data into arrays...
    Saved predictions (quantiles) to /fslarge/scratch/users/h61084/codes/improved/outputs/foundation_models/tasks/chronos_bolt/univariate/Water_Quality_Darwin/15T/short/run_0/predictions.npz
    Computing per-window metrics...
    Saved metrics to /fslarge/scratch/users/h61084/codes/improved/outputs/foundation_models/tasks/chronos_bolt/univariate/Water_Quality_Darwin/15T/short/run_0/metrics.npz
    Saved config to /fslarge/scratch/users/h61084/codes/improved/outputs/foundation_models/tasks/chronos_bolt/univariate/Water_Quality_Darwin/15T/short/run_0/config.json
    Saved aggregate metrics to /fslarge/scratch/users/h61084/codes/improved/outputs/foundation_models/tasks/chronos_bolt/univariate/Water_Quality_Darwin/15T/short/run_0/metrics_summary.json
    Metrics summary (averaged over all series/windows/variates):
      MSE: 2.4861
      MAE: 0.4787
      RMSE: 0.5676
      MAPE: 0.0604
      sMAPE: 0.0574
      MASE: 0.6716
      ND: 0.0583
      CRPS: 0.0461
  Output: /fslarge/scratch/users/h61084/codes/improved/outputs/foundation_models/tasks/chronos_bolt/univariate/Water_Quality_Darwin/15T/short/run_0

--- Term: medium ---
  Config: prediction_length=96, test_length=1440, val_length=1440
  Dataset info:
    - Frequency: 15T
    - Num series: 7
    - Target dim: 6
    - Target mode: univariate
    - Series length: min=8662, max=18985, avg=15229.4
    - Test split: 1440 steps
    - Prediction length: 96
    - Windows: 15
TIME run allocation action=new run=/fslarge/scratch/users/h61084/codes/improved/outputs/foundation_models/tasks/chronos_bolt/univariate/Water_Quality_Darwin/15T/medium/run_0 launch_id=selena_20260907T230635Z_3389 slurm_job_id=3221286 launched_at=2026-09-07T23:07:58.245421+00:00
  Preparing input batches from Test split data...
    Total instances to forecast: 630
  Running predictions (Batch size: 16)...
    Processed 160/630...
    Processed 320/630...
    Processed 480/630...
    Processed 630/630...
    Total instances: 630, Series during experiment: 42, Windows: 15
    Collecting ground truth and context...
    Detected to_univariate case: 42 flat series -> 7 series x 6 variates
    Organizing data into arrays...
    Saved predictions (quantiles) to /fslarge/scratch/users/h61084/codes/improved/outputs/foundation_models/tasks/chronos_bolt/univariate/Water_Quality_Darwin/15T/medium/run_0/predictions.npz
    Computing per-window metrics...
    Saved metrics to /fslarge/scratch/users/h61084/codes/improved/outputs/foundation_models/tasks/chronos_bolt/univariate/Water_Quality_Darwin/15T/medium/run_0/metrics.npz
    Saved config to /fslarge/scratch/users/h61084/codes/improved/outputs/foundation_models/tasks/chronos_bolt/univariate/Water_Quality_Darwin/15T/medium/run_0/config.json
    Saved aggregate metrics to /fslarge/scratch/users/h61084/codes/improved/outputs/foundation_models/tasks/chronos_bolt/univariate/Water_Quality_Darwin/15T/medium/run_0/metrics_summary.json
    Metrics summary (averaged over all series/windows/variates):
      MSE: 3.7326
      MAE: 0.6411
      RMSE: 0.8156
      MAPE: 0.0820
      sMAPE: 0.0749
      MASE: 0.9366
      ND: 0.0750
      CRPS: 0.0596
  Output: /fslarge/scratch/users/h61084/codes/improved/outputs/foundation_models/tasks/chronos_bolt/univariate/Water_Quality_Darwin/15T/medium/run_0

--- Term: long ---
  Config: prediction_length=288, test_length=1440, val_length=1440
  Dataset info:
    - Frequency: 15T
    - Num series: 7
    - Target dim: 6
    - Target mode: univariate
    - Series length: min=8662, max=18985, avg=15229.4
    - Test split: 1440 steps
    - Prediction length: 288
    - Windows: 5
TIME run allocation action=new run=/fslarge/scratch/users/h61084/codes/improved/outputs/foundation_models/tasks/chronos_bolt/univariate/Water_Quality_Darwin/15T/long/run_0 launch_id=selena_20260907T230635Z_3389 slurm_job_id=3221286 launched_at=2026-09-07T23:08:05.636732+00:00
  Preparing input batches from Test split data...
    Total instances to forecast: 210
  Running predictions (Batch size: 16)...
    Processed 160/210...
    Total instances: 210, Series during experiment: 42, Windows: 5
    Collecting ground truth and context...
    Detected to_univariate case: 42 flat series -> 7 series x 6 variates
    Organizing data into arrays...
    Saved predictions (quantiles) to /fslarge/scratch/users/h61084/codes/improved/outputs/foundation_models/tasks/chronos_bolt/univariate/Water_Quality_Darwin/15T/long/run_0/predictions.npz
    Computing per-window metrics...
    Saved metrics to /fslarge/scratch/users/h61084/codes/improved/outputs/foundation_models/tasks/chronos_bolt/univariate/Water_Quality_Darwin/15T/long/run_0/metrics.npz
    Saved config to /fslarge/scratch/users/h61084/codes/improved/outputs/foundation_models/tasks/chronos_bolt/univariate/Water_Quality_Darwin/15T/long/run_0/config.json
    Saved aggregate metrics to /fslarge/scratch/users/h61084/codes/improved/outputs/foundation_models/tasks/chronos_bolt/univariate/Water_Quality_Darwin/15T/long/run_0/metrics_summary.json
    Metrics summary (averaged over all series/windows/variates):
      MSE: 8.6272
      MAE: 0.9885
      RMSE: 1.2461
      MAPE: 0.1323
      sMAPE: 0.1098
      MASE: 1.4996
      ND: 0.1119
      CRPS: 0.0931
  Output: /fslarge/scratch/users/h61084/codes/improved/outputs/foundation_models/tasks/chronos_bolt/univariate/Water_Quality_Darwin/15T/long/run_0

============================================================
All experiments completed!
Results saved to: /scratch/users/h61084/codes/improved/outputs/foundation_models/tasks
============================================================

############################################################
# All datasets completed!
############################################################

############################################################
# Dataset 1/1: current_velocity/5T
############################################################
Loading configuration...

============================================================
Dataset: current_velocity/5T
Model: amazon/chronos-bolt-base
Terms: ['short', 'medium', 'long']
============================================================
Loading Chronos-Bolt model: amazon/chronos-bolt-base from /fslarge/scratch/users/h61084/weights/chronos-bolt-base...

--- Term: short ---
  Config: prediction_length=36, test_length=4320, val_length=4320
  Dataset info:
    - Frequency: 5T
    - Num series: 1
    - Target dim: 6
    - Target mode: univariate
    - Series length: min=26486, max=26486, avg=26486.0
    - Test split: 4320 steps
    - Prediction length: 36
    - Windows: 120
TIME run allocation action=new run=/fslarge/scratch/users/h61084/codes/improved/outputs/foundation_models/tasks/chronos_bolt/univariate/current_velocity/5T/short/run_0 launch_id=selena_20260907T230635Z_3389 slurm_job_id=3221286 launched_at=2026-09-07T23:08:24.366140+00:00
  Preparing input batches from Test split data...
    Total instances to forecast: 720
  Running predictions (Batch size: 16)...
    Processed 160/720...
    Processed 320/720...
    Processed 480/720...
    Processed 640/720...
    Total instances: 720, Series during experiment: 6, Windows: 120
    Collecting ground truth and context...
    Detected to_univariate case: 6 flat series -> 1 series x 6 variates
    Organizing data into arrays...
    Saved predictions (quantiles) to /fslarge/scratch/users/h61084/codes/improved/outputs/foundation_models/tasks/chronos_bolt/univariate/current_velocity/5T/short/run_0/predictions.npz
    Computing per-window metrics...
    Saved metrics to /fslarge/scratch/users/h61084/codes/improved/outputs/foundation_models/tasks/chronos_bolt/univariate/current_velocity/5T/short/run_0/metrics.npz
    Saved config to /fslarge/scratch/users/h61084/codes/improved/outputs/foundation_models/tasks/chronos_bolt/univariate/current_velocity/5T/short/run_0/config.json
    Saved aggregate metrics to /fslarge/scratch/users/h61084/codes/improved/outputs/foundation_models/tasks/chronos_bolt/univariate/current_velocity/5T/short/run_0/metrics_summary.json
    Metrics summary (averaged over all series/windows/variates):
      MSE: 3.0384
      MAE: 0.5639
      RMSE: 0.6738
      MAPE: 0.4497
      sMAPE: 0.3494
      MASE: 0.4309
      ND: 0.3037
      CRPS: 0.2377
  Output: /fslarge/scratch/users/h61084/codes/improved/outputs/foundation_models/tasks/chronos_bolt/univariate/current_velocity/5T/short/run_0

--- Term: medium ---
  Config: prediction_length=288, test_length=4320, val_length=4320
  Dataset info:
    - Frequency: 5T
    - Num series: 1
    - Target dim: 6
    - Target mode: univariate
    - Series length: min=26486, max=26486, avg=26486.0
    - Test split: 4320 steps
    - Prediction length: 288
    - Windows: 15
TIME run allocation action=new run=/fslarge/scratch/users/h61084/codes/improved/outputs/foundation_models/tasks/chronos_bolt/univariate/current_velocity/5T/medium/run_0 launch_id=selena_20260907T230635Z_3389 slurm_job_id=3221286 launched_at=2026-09-07T23:08:25.906312+00:00
  Preparing input batches from Test split data...
    Total instances to forecast: 90
  Running predictions (Batch size: 16)...
    Total instances: 90, Series during experiment: 6, Windows: 15
    Collecting ground truth and context...
    Detected to_univariate case: 6 flat series -> 1 series x 6 variates
    Organizing data into arrays...
    Saved predictions (quantiles) to /fslarge/scratch/users/h61084/codes/improved/outputs/foundation_models/tasks/chronos_bolt/univariate/current_velocity/5T/medium/run_0/predictions.npz
    Computing per-window metrics...
    Saved metrics to /fslarge/scratch/users/h61084/codes/improved/outputs/foundation_models/tasks/chronos_bolt/univariate/current_velocity/5T/medium/run_0/metrics.npz
    Saved config to /fslarge/scratch/users/h61084/codes/improved/outputs/foundation_models/tasks/chronos_bolt/univariate/current_velocity/5T/medium/run_0/config.json
    Saved aggregate metrics to /fslarge/scratch/users/h61084/codes/improved/outputs/foundation_models/tasks/chronos_bolt/univariate/current_velocity/5T/medium/run_0/metrics_summary.json
    Metrics summary (averaged over all series/windows/variates):
      MSE: 5.5105
      MAE: 0.8233
      RMSE: 1.0373
      MAPE: 0.7174
      sMAPE: 0.4182
      MASE: 0.7323
      ND: 0.3717
      CRPS: 0.2976
  Output: /fslarge/scratch/users/h61084/codes/improved/outputs/foundation_models/tasks/chronos_bolt/univariate/current_velocity/5T/medium/run_0

--- Term: long ---
  Config: prediction_length=864, test_length=4320, val_length=4320
  Dataset info:
    - Frequency: 5T
    - Num series: 1
    - Target dim: 6
    - Target mode: univariate
    - Series length: min=26486, max=26486, avg=26486.0
    - Test split: 4320 steps
    - Prediction length: 864
    - Windows: 5
TIME run allocation action=new run=/fslarge/scratch/users/h61084/codes/improved/outputs/foundation_models/tasks/chronos_bolt/univariate/current_velocity/5T/long/run_0 launch_id=selena_20260907T230635Z_3389 slurm_job_id=3221286 launched_at=2026-09-07T23:08:29.359643+00:00
  Preparing input batches from Test split data...
    Total instances to forecast: 30
  Running predictions (Batch size: 16)...
    Total instances: 30, Series during experiment: 6, Windows: 5
    Collecting ground truth and context...
    Detected to_univariate case: 6 flat series -> 1 series x 6 variates
    Organizing data into arrays...
    Saved predictions (quantiles) to /fslarge/scratch/users/h61084/codes/improved/outputs/foundation_models/tasks/chronos_bolt/univariate/current_velocity/5T/long/run_0/predictions.npz
    Computing per-window metrics...
    Saved metrics to /fslarge/scratch/users/h61084/codes/improved/outputs/foundation_models/tasks/chronos_bolt/univariate/current_velocity/5T/long/run_0/metrics.npz
    Saved config to /fslarge/scratch/users/h61084/codes/improved/outputs/foundation_models/tasks/chronos_bolt/univariate/current_velocity/5T/long/run_0/config.json
    Saved aggregate metrics to /fslarge/scratch/users/h61084/codes/improved/outputs/foundation_models/tasks/chronos_bolt/univariate/current_velocity/5T/long/run_0/metrics_summary.json
    Metrics summary (averaged over all series/windows/variates):
      MSE: 7.2960
      MAE: 0.9679
      RMSE: 1.2202
      MAPE: 0.9376
      sMAPE: 0.5434
      MASE: 1.0665
      ND: 0.4727
      CRPS: 0.4211
  Output: /fslarge/scratch/users/h61084/codes/improved/outputs/foundation_models/tasks/chronos_bolt/univariate/current_velocity/5T/long/run_0

============================================================
All experiments completed!
Results saved to: /scratch/users/h61084/codes/improved/outputs/foundation_models/tasks
============================================================

############################################################
# All datasets completed!
############################################################

############################################################
# Dataset 1/1: current_velocity/10T
############################################################
Loading configuration...

============================================================
Dataset: current_velocity/10T
Model: amazon/chronos-bolt-base
Terms: ['short', 'medium', 'long']
============================================================
Loading Chronos-Bolt model: amazon/chronos-bolt-base from /fslarge/scratch/users/h61084/weights/chronos-bolt-base...

--- Term: short ---
  Config: prediction_length=18, test_length=2160, val_length=2160
  Dataset info:
    - Frequency: 10T
    - Num series: 10
    - Target dim: 6
    - Target mode: univariate
    - Series length: min=7481, max=31957, avg=20668.5
    - Test split: 2160 steps
    - Prediction length: 18
    - Windows: 120
TIME run allocation action=new run=/fslarge/scratch/users/h61084/codes/improved/outputs/foundation_models/tasks/chronos_bolt/univariate/current_velocity/10T/short/run_0 launch_id=selena_20260907T230635Z_3389 slurm_job_id=3221286 launched_at=2026-09-07T23:08:41.710645+00:00
  Preparing input batches from Test split data...
    Total instances to forecast: 7200
  Running predictions (Batch size: 16)...
    Processed 160/7200...
    Processed 320/7200...
    Processed 480/7200...
    Processed 640/7200...
    Processed 800/7200...
    Processed 960/7200...
    Processed 1120/7200...
    Processed 1280/7200...
    Processed 1440/7200...
    Processed 1600/7200...
    Processed 1760/7200...
    Processed 1920/7200...
    Processed 2080/7200...
    Processed 2240/7200...
    Processed 2400/7200...
    Processed 2560/7200...
    Processed 2720/7200...
    Processed 2880/7200...
    Processed 3040/7200...
    Processed 3200/7200...
    Processed 3360/7200...
    Processed 3520/7200...
    Processed 3680/7200...
    Processed 3840/7200...
    Processed 4000/7200...
    Processed 4160/7200...
    Processed 4320/7200...
    Processed 4480/7200...
    Processed 4640/7200...
    Processed 4800/7200...
    Processed 4960/7200...
    Processed 5120/7200...
    Processed 5280/7200...
    Processed 5440/7200...
    Processed 5600/7200...
    Processed 5760/7200...
    Processed 5920/7200...
    Processed 6080/7200...
    Processed 6240/7200...
    Processed 6400/7200...
    Processed 6560/7200...
    Processed 6720/7200...
    Processed 6880/7200...
    Processed 7040/7200...
    Processed 7200/7200...
    Total instances: 7200, Series during experiment: 60, Windows: 120
    Collecting ground truth and context...
    Detected to_univariate case: 60 flat series -> 10 series x 6 variates
    Organizing data into arrays...
    Saved predictions (quantiles) to /fslarge/scratch/users/h61084/codes/improved/outputs/foundation_models/tasks/chronos_bolt/univariate/current_velocity/10T/short/run_0/predictions.npz
    Computing per-window metrics...
    Saved metrics to /fslarge/scratch/users/h61084/codes/improved/outputs/foundation_models/tasks/chronos_bolt/univariate/current_velocity/10T/short/run_0/metrics.npz
    Saved config to /fslarge/scratch/users/h61084/codes/improved/outputs/foundation_models/tasks/chronos_bolt/univariate/current_velocity/10T/short/run_0/config.json
    Saved aggregate metrics to /fslarge/scratch/users/h61084/codes/improved/outputs/foundation_models/tasks/chronos_bolt/univariate/current_velocity/10T/short/run_0/metrics_summary.json
    Metrics summary (averaged over all series/windows/variates):
      MSE: 7.9602
      MAE: 0.7884
      RMSE: 0.9842
      MAPE: 3153.9640
      sMAPE: 0.4770
      MASE: 0.6438
      ND: 0.3664
      CRPS: 0.2891
  Output: /fslarge/scratch/users/h61084/codes/improved/outputs/foundation_models/tasks/chronos_bolt/univariate/current_velocity/10T/short/run_0

--- Term: medium ---
  Config: prediction_length=144, test_length=2160, val_length=2160
  Dataset info:
    - Frequency: 10T
    - Num series: 10
    - Target dim: 6
    - Target mode: univariate
    - Series length: min=7481, max=31957, avg=20668.5
    - Test split: 2160 steps
    - Prediction length: 144
    - Windows: 15
TIME run allocation action=new run=/fslarge/scratch/users/h61084/codes/improved/outputs/foundation_models/tasks/chronos_bolt/univariate/current_velocity/10T/medium/run_0 launch_id=selena_20260907T230635Z_3389 slurm_job_id=3221286 launched_at=2026-09-07T23:08:54.567779+00:00
  Preparing input batches from Test split data...
    Total instances to forecast: 900
  Running predictions (Batch size: 16)...
    Processed 160/900...
    Processed 320/900...
    Processed 480/900...
    Processed 640/900...
    Processed 800/900...
    Total instances: 900, Series during experiment: 60, Windows: 15
    Collecting ground truth and context...
    Detected to_univariate case: 60 flat series -> 10 series x 6 variates
    Organizing data into arrays...
    Saved predictions (quantiles) to /fslarge/scratch/users/h61084/codes/improved/outputs/foundation_models/tasks/chronos_bolt/univariate/current_velocity/10T/medium/run_0/predictions.npz
    Computing per-window metrics...
    Saved metrics to /fslarge/scratch/users/h61084/codes/improved/outputs/foundation_models/tasks/chronos_bolt/univariate/current_velocity/10T/medium/run_0/metrics.npz
    Saved config to /fslarge/scratch/users/h61084/codes/improved/outputs/foundation_models/tasks/chronos_bolt/univariate/current_velocity/10T/medium/run_0/config.json
    Saved aggregate metrics to /fslarge/scratch/users/h61084/codes/improved/outputs/foundation_models/tasks/chronos_bolt/univariate/current_velocity/10T/medium/run_0/metrics_summary.json
    Metrics summary (averaged over all series/windows/variates):
      MSE: 11.3586
      MAE: 1.0474
      RMSE: 1.3689
      MAPE: 3522.4399
      sMAPE: 0.5790
      MASE: 1.0028
      ND: 0.4063
      CRPS: 0.3247
  Output: /fslarge/scratch/users/h61084/codes/improved/outputs/foundation_models/tasks/chronos_bolt/univariate/current_velocity/10T/medium/run_0

--- Term: long ---
  Config: prediction_length=432, test_length=2160, val_length=2160
  Dataset info:
    - Frequency: 10T
    - Num series: 10
    - Target dim: 6
    - Target mode: univariate
    - Series length: min=7481, max=31957, avg=20668.5
    - Test split: 2160 steps
    - Prediction length: 432
    - Windows: 5
TIME run allocation action=new run=/fslarge/scratch/users/h61084/codes/improved/outputs/foundation_models/tasks/chronos_bolt/univariate/current_velocity/10T/long/run_0 launch_id=selena_20260907T230635Z_3389 slurm_job_id=3221286 launched_at=2026-09-07T23:09:12.375032+00:00
  Preparing input batches from Test split data...
    Total instances to forecast: 300
  Running predictions (Batch size: 16)...
    Processed 160/300...
    Total instances: 300, Series during experiment: 60, Windows: 5
    Collecting ground truth and context...
    Detected to_univariate case: 60 flat series -> 10 series x 6 variates
    Organizing data into arrays...
    Saved predictions (quantiles) to /fslarge/scratch/users/h61084/codes/improved/outputs/foundation_models/tasks/chronos_bolt/univariate/current_velocity/10T/long/run_0/predictions.npz
    Computing per-window metrics...
    Saved metrics to /fslarge/scratch/users/h61084/codes/improved/outputs/foundation_models/tasks/chronos_bolt/univariate/current_velocity/10T/long/run_0/metrics.npz
    Saved config to /fslarge/scratch/users/h61084/codes/improved/outputs/foundation_models/tasks/chronos_bolt/univariate/current_velocity/10T/long/run_0/config.json
    Saved aggregate metrics to /fslarge/scratch/users/h61084/codes/improved/outputs/foundation_models/tasks/chronos_bolt/univariate/current_velocity/10T/long/run_0/metrics_summary.json
    Metrics summary (averaged over all series/windows/variates):
      MSE: 15.1093
      MAE: 1.2842
      RMSE: 1.6389
      MAPE: 3748.8331
      sMAPE: 0.6637
      MASE: 1.3770
      ND: 0.4700
      CRPS: 0.3896
  Output: /fslarge/scratch/users/h61084/codes/improved/outputs/foundation_models/tasks/chronos_bolt/univariate/current_velocity/10T/long/run_0

============================================================
All experiments completed!
Results saved to: /scratch/users/h61084/codes/improved/outputs/foundation_models/tasks
============================================================

############################################################
# All datasets completed!
############################################################

############################################################
# Dataset 1/1: current_velocity/15T
############################################################
Loading configuration...

============================================================
Dataset: current_velocity/15T
Model: amazon/chronos-bolt-base
Terms: ['short', 'medium', 'long']
============================================================
Loading Chronos-Bolt model: amazon/chronos-bolt-base from /fslarge/scratch/users/h61084/weights/chronos-bolt-base...

--- Term: short ---
  Config: prediction_length=12, test_length=1440, val_length=1440
  Dataset info:
    - Frequency: 15T
    - Num series: 5
    - Target dim: 6
    - Target mode: univariate
    - Series length: min=3710, max=17953, avg=8503.2
    - Test split: 1440 steps
    - Prediction length: 12
    - Windows: 120
TIME run allocation action=new run=/fslarge/scratch/users/h61084/codes/improved/outputs/foundation_models/tasks/chronos_bolt/univariate/current_velocity/15T/short/run_0 launch_id=selena_20260907T230635Z_3389 slurm_job_id=3221286 launched_at=2026-09-07T23:09:38.575560+00:00
  Preparing input batches from Test split data...
    Total instances to forecast: 3600
  Running predictions (Batch size: 16)...
    Processed 160/3600...
    Processed 320/3600...
    Processed 480/3600...
    Processed 640/3600...
    Processed 800/3600...
    Processed 960/3600...
    Processed 1120/3600...
    Processed 1280/3600...
    Processed 1440/3600...
    Processed 1600/3600...
    Processed 1760/3600...
    Processed 1920/3600...
    Processed 2080/3600...
    Processed 2240/3600...
    Processed 2400/3600...
    Processed 2560/3600...
    Processed 2720/3600...
    Processed 2880/3600...
    Processed 3040/3600...
    Processed 3200/3600...
    Processed 3360/3600...
    Processed 3520/3600...
    Total instances: 3600, Series during experiment: 30, Windows: 120
    Collecting ground truth and context...
    Detected to_univariate case: 30 flat series -> 5 series x 6 variates
    Organizing data into arrays...
    Saved predictions (quantiles) to /fslarge/scratch/users/h61084/codes/improved/outputs/foundation_models/tasks/chronos_bolt/univariate/current_velocity/15T/short/run_0/predictions.npz
    Computing per-window metrics...
    Saved metrics to /fslarge/scratch/users/h61084/codes/improved/outputs/foundation_models/tasks/chronos_bolt/univariate/current_velocity/15T/short/run_0/metrics.npz
    Saved config to /fslarge/scratch/users/h61084/codes/improved/outputs/foundation_models/tasks/chronos_bolt/univariate/current_velocity/15T/short/run_0/config.json
    Saved aggregate metrics to /fslarge/scratch/users/h61084/codes/improved/outputs/foundation_models/tasks/chronos_bolt/univariate/current_velocity/15T/short/run_0/metrics_summary.json
    Metrics summary (averaged over all series/windows/variates):
      MSE: 6.1848
      MAE: 0.7491
      RMSE: 0.9121
      MAPE: 122084.3238
      sMAPE: 0.4684
      MASE: 0.5264
      ND: 0.3921
      CRPS: 0.3074
  Output: /fslarge/scratch/users/h61084/codes/improved/outputs/foundation_models/tasks/chronos_bolt/univariate/current_velocity/15T/short/run_0

--- Term: medium ---
  Config: prediction_length=96, test_length=1440, val_length=1440
  Dataset info:
    - Frequency: 15T
    - Num series: 5
    - Target dim: 6
    - Target mode: univariate
    - Series length: min=3710, max=17953, avg=8503.2
    - Test split: 1440 steps
    - Prediction length: 96
    - Windows: 15
TIME run allocation action=new run=/fslarge/scratch/users/h61084/codes/improved/outputs/foundation_models/tasks/chronos_bolt/univariate/current_velocity/15T/medium/run_0 launch_id=selena_20260907T230635Z_3389 slurm_job_id=3221286 launched_at=2026-09-07T23:09:45.175773+00:00
  Preparing input batches from Test split data...
    Total instances to forecast: 450
  Running predictions (Batch size: 16)...
    Processed 160/450...
    Processed 320/450...
    Total instances: 450, Series during experiment: 30, Windows: 15
    Collecting ground truth and context...
    Detected to_univariate case: 30 flat series -> 5 series x 6 variates
    Organizing data into arrays...
    Saved predictions (quantiles) to /fslarge/scratch/users/h61084/codes/improved/outputs/foundation_models/tasks/chronos_bolt/univariate/current_velocity/15T/medium/run_0/predictions.npz
    Computing per-window metrics...
    Saved metrics to /fslarge/scratch/users/h61084/codes/improved/outputs/foundation_models/tasks/chronos_bolt/univariate/current_velocity/15T/medium/run_0/metrics.npz
    Saved config to /fslarge/scratch/users/h61084/codes/improved/outputs/foundation_models/tasks/chronos_bolt/univariate/current_velocity/15T/medium/run_0/config.json
    Saved aggregate metrics to /fslarge/scratch/users/h61084/codes/improved/outputs/foundation_models/tasks/chronos_bolt/univariate/current_velocity/15T/medium/run_0/metrics_summary.json
    Metrics summary (averaged over all series/windows/variates):
      MSE: 9.1512
      MAE: 0.9650
      RMSE: 1.2224
      MAPE: 139731.8603
      sMAPE: 0.5753
      MASE: 0.7820
      ND: 0.4432
      CRPS: 0.3476
  Output: /fslarge/scratch/users/h61084/codes/improved/outputs/foundation_models/tasks/chronos_bolt/univariate/current_velocity/15T/medium/run_0

--- Term: long ---
  Config: prediction_length=288, test_length=1440, val_length=1440
  Dataset info:
    - Frequency: 15T
    - Num series: 5
    - Target dim: 6
    - Target mode: univariate
    - Series length: min=3710, max=17953, avg=8503.2
    - Test split: 1440 steps
    - Prediction length: 288
    - Windows: 5
TIME run allocation action=new run=/fslarge/scratch/users/h61084/codes/improved/outputs/foundation_models/tasks/chronos_bolt/univariate/current_velocity/15T/long/run_0 launch_id=selena_20260907T230635Z_3389 slurm_job_id=3221286 launched_at=2026-09-07T23:09:50.129540+00:00
  Preparing input batches from Test split data...
    Total instances to forecast: 150
  Running predictions (Batch size: 16)...
    Processed 150/150...
    Total instances: 150, Series during experiment: 30, Windows: 5
    Collecting ground truth and context...
    Detected to_univariate case: 30 flat series -> 5 series x 6 variates
    Organizing data into arrays...
    Saved predictions (quantiles) to /fslarge/scratch/users/h61084/codes/improved/outputs/foundation_models/tasks/chronos_bolt/univariate/current_velocity/15T/long/run_0/predictions.npz
    Computing per-window metrics...
    Saved metrics to /fslarge/scratch/users/h61084/codes/improved/outputs/foundation_models/tasks/chronos_bolt/univariate/current_velocity/15T/long/run_0/metrics.npz
    Saved config to /fslarge/scratch/users/h61084/codes/improved/outputs/foundation_models/tasks/chronos_bolt/univariate/current_velocity/15T/long/run_0/config.json
    Saved aggregate metrics to /fslarge/scratch/users/h61084/codes/improved/outputs/foundation_models/tasks/chronos_bolt/univariate/current_velocity/15T/long/run_0/metrics_summary.json
    Metrics summary (averaged over all series/windows/variates):
      MSE: 10.5123
      MAE: 1.0601
      RMSE: 1.3442
      MAPE: 130329.3416
      sMAPE: 0.5984
      MASE: 0.9310
      ND: 0.4659
      CRPS: 0.3745
  Output: /fslarge/scratch/users/h61084/codes/improved/outputs/foundation_models/tasks/chronos_bolt/univariate/current_velocity/15T/long/run_0

============================================================
All experiments completed!
Results saved to: /scratch/users/h61084/codes/improved/outputs/foundation_models/tasks
============================================================

############################################################
# All datasets completed!
############################################################

############################################################
# Dataset 1/1: current_velocity/20T
############################################################
Loading configuration...

============================================================
Dataset: current_velocity/20T
Model: amazon/chronos-bolt-base
Terms: ['short', 'medium', 'long']
============================================================
Loading Chronos-Bolt model: amazon/chronos-bolt-base from /fslarge/scratch/users/h61084/weights/chronos-bolt-base...

--- Term: short ---
  Config: prediction_length=9, test_length=1080, val_length=1080
  Dataset info:
    - Frequency: 20T
    - Num series: 27
    - Target dim: 6
    - Target mode: univariate
    - Series length: min=2529, max=16759, avg=6460.2
    - Test split: 1080 steps
    - Prediction length: 9
    - Windows: 120
TIME run allocation action=new run=/fslarge/scratch/users/h61084/codes/improved/outputs/foundation_models/tasks/chronos_bolt/univariate/current_velocity/20T/short/run_0 launch_id=selena_20260907T230635Z_3389 slurm_job_id=3221286 launched_at=2026-09-07T23:10:06.355889+00:00
  Preparing input batches from Test split data...
    Total instances to forecast: 19440
  Running predictions (Batch size: 16)...
    Processed 160/19440...
    Processed 320/19440...
    Processed 480/19440...
    Processed 640/19440...
    Processed 800/19440...
    Processed 960/19440...
    Processed 1120/19440...
    Processed 1280/19440...
    Processed 1440/19440...
    Processed 1600/19440...
    Processed 1760/19440...
    Processed 1920/19440...
    Processed 2080/19440...
    Processed 2240/19440...
    Processed 2400/19440...
    Processed 2560/19440...
    Processed 2720/19440...
    Processed 2880/19440...
    Processed 3040/19440...
    Processed 3200/19440...
    Processed 3360/19440...
    Processed 3520/19440...
    Processed 3680/19440...
    Processed 3840/19440...
    Processed 4000/19440...
    Processed 4160/19440...
    Processed 4320/19440...
    Processed 4480/19440...
    Processed 4640/19440...
    Processed 4800/19440...
    Processed 4960/19440...
    Processed 5120/19440...
    Processed 5280/19440...
    Processed 5440/19440...
    Processed 5600/19440...
    Processed 5760/19440...
    Processed 5920/19440...
    Processed 6080/19440...
    Processed 6240/19440...
    Processed 6400/19440...
    Processed 6560/19440...
    Processed 6720/19440...
    Processed 6880/19440...
    Processed 7040/19440...
    Processed 7200/19440...
    Processed 7360/19440...
    Processed 7520/19440...
    Processed 7680/19440...
    Processed 7840/19440...
    Processed 8000/19440...
    Processed 8160/19440...
    Processed 8320/19440...
    Processed 8480/19440...
    Processed 8640/19440...
    Processed 8800/19440...
    Processed 8960/19440...
    Processed 9120/19440...
    Processed 9280/19440...
    Processed 9440/19440...
    Processed 9600/19440...
    Processed 9760/19440...
    Processed 9920/19440...
    Processed 10080/19440...
    Processed 10240/19440...
    Processed 10400/19440...
    Processed 10560/19440...
    Processed 10720/19440...
    Processed 10880/19440...
    Processed 11040/19440...
    Processed 11200/19440...
    Processed 11360/19440...
    Processed 11520/19440...
    Processed 11680/19440...
    Processed 11840/19440...
    Processed 12000/19440...
    Processed 12160/19440...
    Processed 12320/19440...
    Processed 12480/19440...
    Processed 12640/19440...
    Processed 12800/19440...
    Processed 12960/19440...
    Processed 13120/19440...
    Processed 13280/19440...
    Processed 13440/19440...
    Processed 13600/19440...
    Processed 13760/19440...
    Processed 13920/19440...
    Processed 14080/19440...
    Processed 14240/19440...
    Processed 14400/19440...
    Processed 14560/19440...
    Processed 14720/19440...
    Processed 14880/19440...
    Processed 15040/19440...
    Processed 15200/19440...
    Processed 15360/19440...
    Processed 15520/19440...
    Processed 15680/19440...
    Processed 15840/19440...
    Processed 16000/19440...
    Processed 16160/19440...
    Processed 16320/19440...
    Processed 16480/19440...
    Processed 16640/19440...
    Processed 16800/19440...
    Processed 16960/19440...
    Processed 17120/19440...
    Processed 17280/19440...
    Processed 17440/19440...
    Processed 17600/19440...
    Processed 17760/19440...
    Processed 17920/19440...
    Processed 18080/19440...
    Processed 18240/19440...
    Processed 18400/19440...
    Processed 18560/19440...
    Processed 18720/19440...
    Processed 18880/19440...
    Processed 19040/19440...
    Processed 19200/19440...
    Processed 19360/19440...
    Total instances: 19440, Series during experiment: 162, Windows: 120
    Collecting ground truth and context...
    Detected to_univariate case: 162 flat series -> 27 series x 6 variates
    Organizing data into arrays...
    Saved predictions (quantiles) to /fslarge/scratch/users/h61084/codes/improved/outputs/foundation_models/tasks/chronos_bolt/univariate/current_velocity/20T/short/run_0/predictions.npz
    Computing per-window metrics...
    Saved metrics to /fslarge/scratch/users/h61084/codes/improved/outputs/foundation_models/tasks/chronos_bolt/univariate/current_velocity/20T/short/run_0/metrics.npz
    Saved config to /fslarge/scratch/users/h61084/codes/improved/outputs/foundation_models/tasks/chronos_bolt/univariate/current_velocity/20T/short/run_0/config.json
    Saved aggregate metrics to /fslarge/scratch/users/h61084/codes/improved/outputs/foundation_models/tasks/chronos_bolt/univariate/current_velocity/20T/short/run_0/metrics_summary.json
    Metrics summary (averaged over all series/windows/variates):
      MSE: 4.9386
      MAE: 0.6696
      RMSE: 0.7826
      MAPE: 1.1323
      sMAPE: 0.4496
      MASE: 0.5820
      ND: 0.3743
      CRPS: 0.2940
  Output: /fslarge/scratch/users/h61084/codes/improved/outputs/foundation_models/tasks/chronos_bolt/univariate/current_velocity/20T/short/run_0

--- Term: medium ---
  Config: prediction_length=72, test_length=1080, val_length=1080
  Dataset info:
    - Frequency: 20T
    - Num series: 27
    - Target dim: 6
    - Target mode: univariate
    - Series length: min=2529, max=16759, avg=6460.2
    - Test split: 1080 steps
    - Prediction length: 72
    - Windows: 15
TIME run allocation action=new run=/fslarge/scratch/users/h61084/codes/improved/outputs/foundation_models/tasks/chronos_bolt/univariate/current_velocity/20T/medium/run_0 launch_id=selena_20260907T230635Z_3389 slurm_job_id=3221286 launched_at=2026-09-07T23:10:39.327970+00:00
  Preparing input batches from Test split data...
    Total instances to forecast: 2430
  Running predictions (Batch size: 16)...
    Processed 160/2430...
    Processed 320/2430...
    Processed 480/2430...
    Processed 640/2430...
    Processed 800/2430...
    Processed 960/2430...
    Processed 1120/2430...
    Processed 1280/2430...
    Processed 1440/2430...
    Processed 1600/2430...
    Processed 1760/2430...
    Processed 1920/2430...
    Processed 2080/2430...
    Processed 2240/2430...
    Processed 2400/2430...
    Total instances: 2430, Series during experiment: 162, Windows: 15
    Collecting ground truth and context...
    Detected to_univariate case: 162 flat series -> 27 series x 6 variates
    Organizing data into arrays...
    Saved predictions (quantiles) to /fslarge/scratch/users/h61084/codes/improved/outputs/foundation_models/tasks/chronos_bolt/univariate/current_velocity/20T/medium/run_0/predictions.npz
    Computing per-window metrics...
    Saved metrics to /fslarge/scratch/users/h61084/codes/improved/outputs/foundation_models/tasks/chronos_bolt/univariate/current_velocity/20T/medium/run_0/metrics.npz
    Saved config to /fslarge/scratch/users/h61084/codes/improved/outputs/foundation_models/tasks/chronos_bolt/univariate/current_velocity/20T/medium/run_0/config.json
    Saved aggregate metrics to /fslarge/scratch/users/h61084/codes/improved/outputs/foundation_models/tasks/chronos_bolt/univariate/current_velocity/20T/medium/run_0/metrics_summary.json
    Metrics summary (averaged over all series/windows/variates):
      MSE: 10.0368
      MAE: 1.0548
      RMSE: 1.2921
      MAPE: 1.3245
      sMAPE: 0.6086
      MASE: 1.1047
      ND: 0.4631
      CRPS: 0.3641
  Output: /fslarge/scratch/users/h61084/codes/improved/outputs/foundation_models/tasks/chronos_bolt/univariate/current_velocity/20T/medium/run_0

--- Term: long ---
  Config: prediction_length=216, test_length=1080, val_length=1080
  Dataset info:
    - Frequency: 20T
    - Num series: 27
    - Target dim: 6
    - Target mode: univariate
    - Series length: min=2529, max=16759, avg=6460.2
    - Test split: 1080 steps
    - Prediction length: 216
    - Windows: 5
TIME run allocation action=new run=/fslarge/scratch/users/h61084/codes/improved/outputs/foundation_models/tasks/chronos_bolt/univariate/current_velocity/20T/long/run_0 launch_id=selena_20260907T230635Z_3389 slurm_job_id=3221286 launched_at=2026-09-07T23:11:05.048015+00:00
  Preparing input batches from Test split data...
    Total instances to forecast: 810
  Running predictions (Batch size: 16)...
    Processed 160/810...
    Processed 320/810...
    Processed 480/810...
    Processed 640/810...
    Processed 800/810...
    Total instances: 810, Series during experiment: 162, Windows: 5
    Collecting ground truth and context...
    Detected to_univariate case: 162 flat series -> 27 series x 6 variates
    Organizing data into arrays...
    Saved predictions (quantiles) to /fslarge/scratch/users/h61084/codes/improved/outputs/foundation_models/tasks/chronos_bolt/univariate/current_velocity/20T/long/run_0/predictions.npz
    Computing per-window metrics...
    Saved metrics to /fslarge/scratch/users/h61084/codes/improved/outputs/foundation_models/tasks/chronos_bolt/univariate/current_velocity/20T/long/run_0/metrics.npz
    Saved config to /fslarge/scratch/users/h61084/codes/improved/outputs/foundation_models/tasks/chronos_bolt/univariate/current_velocity/20T/long/run_0/config.json
    Saved aggregate metrics to /fslarge/scratch/users/h61084/codes/improved/outputs/foundation_models/tasks/chronos_bolt/univariate/current_velocity/20T/long/run_0/metrics_summary.json
    Metrics summary (averaged over all series/windows/variates):
      MSE: 11.4772
      MAE: 1.1742
      RMSE: 1.4539
      MAPE: 1.6089
      sMAPE: 0.6889
      MASE: 1.3658
      ND: 0.5210
      CRPS: 0.4172
  Output: /fslarge/scratch/users/h61084/codes/improved/outputs/foundation_models/tasks/chronos_bolt/univariate/current_velocity/20T/long/run_0

============================================================
All experiments completed!
Results saved to: /scratch/users/h61084/codes/improved/outputs/foundation_models/tasks
============================================================

############################################################
# All datasets completed!
############################################################

############################################################
# Dataset 1/1: current_velocity/H
############################################################
Loading configuration...

============================================================
Dataset: current_velocity/H
Model: amazon/chronos-bolt-base
Terms: ['short', 'medium', 'long']
============================================================
Loading Chronos-Bolt model: amazon/chronos-bolt-base from /fslarge/scratch/users/h61084/weights/chronos-bolt-base...

--- Term: short ---
  Config: prediction_length=24, test_length=672, val_length=672
  Dataset info:
    - Frequency: H
    - Num series: 21
    - Target dim: 6
    - Target mode: univariate
    - Series length: min=2208, max=5587, avg=3502.3
    - Test split: 672 steps
    - Prediction length: 24
    - Windows: 28
TIME run allocation action=new run=/fslarge/scratch/users/h61084/codes/improved/outputs/foundation_models/tasks/chronos_bolt/univariate/current_velocity/H/short/run_0 launch_id=selena_20260907T230635Z_3389 slurm_job_id=3221286 launched_at=2026-09-07T23:11:37.200202+00:00
  Preparing input batches from Test split data...
    Total instances to forecast: 3528
  Running predictions (Batch size: 16)...
    Processed 160/3528...
    Processed 320/3528...
    Processed 480/3528...
    Processed 640/3528...
    Processed 800/3528...
    Processed 960/3528...
    Processed 1120/3528...
    Processed 1280/3528...
    Processed 1440/3528...
    Processed 1600/3528...
    Processed 1760/3528...
    Processed 1920/3528...
    Processed 2080/3528...
    Processed 2240/3528...
    Processed 2400/3528...
    Processed 2560/3528...
    Processed 2720/3528...
    Processed 2880/3528...
    Processed 3040/3528...
    Processed 3200/3528...
    Processed 3360/3528...
    Processed 3520/3528...
    Total instances: 3528, Series during experiment: 126, Windows: 28
    Collecting ground truth and context...
    Detected to_univariate case: 126 flat series -> 21 series x 6 variates
    Organizing data into arrays...
    Saved predictions (quantiles) to /fslarge/scratch/users/h61084/codes/improved/outputs/foundation_models/tasks/chronos_bolt/univariate/current_velocity/H/short/run_0/predictions.npz
    Computing per-window metrics...
    Saved metrics to /fslarge/scratch/users/h61084/codes/improved/outputs/foundation_models/tasks/chronos_bolt/univariate/current_velocity/H/short/run_0/metrics.npz
    Saved config to /fslarge/scratch/users/h61084/codes/improved/outputs/foundation_models/tasks/chronos_bolt/univariate/current_velocity/H/short/run_0/config.json
    Saved aggregate metrics to /fslarge/scratch/users/h61084/codes/improved/outputs/foundation_models/tasks/chronos_bolt/univariate/current_velocity/H/short/run_0/metrics_summary.json
    Metrics summary (averaged over all series/windows/variates):
      MSE: 6.7285
      MAE: 0.8328
      RMSE: 1.0341
      MAPE: 2160691016966.5737
      sMAPE: 0.4754
      MASE: 0.8281
      ND: 0.3649
      CRPS: 0.2873
  Output: /fslarge/scratch/users/h61084/codes/improved/outputs/foundation_models/tasks/chronos_bolt/univariate/current_velocity/H/short/run_0

--- Term: medium ---
  Config: prediction_length=168, test_length=672, val_length=672
  Dataset info:
    - Frequency: H
    - Num series: 21
    - Target dim: 6
    - Target mode: univariate
    - Series length: min=2208, max=5587, avg=3502.3
    - Test split: 672 steps
    - Prediction length: 168
    - Windows: 4
TIME run allocation action=new run=/fslarge/scratch/users/h61084/codes/improved/outputs/foundation_models/tasks/chronos_bolt/univariate/current_velocity/H/medium/run_0 launch_id=selena_20260907T230635Z_3389 slurm_job_id=3221286 launched_at=2026-09-07T23:11:43.339654+00:00
  Preparing input batches from Test split data...
    Total instances to forecast: 504
  Running predictions (Batch size: 16)...
    Processed 160/504...
    Processed 320/504...
    Processed 480/504...
    Total instances: 504, Series during experiment: 126, Windows: 4
    Collecting ground truth and context...
    Detected to_univariate case: 126 flat series -> 21 series x 6 variates
    Organizing data into arrays...
    Saved predictions (quantiles) to /fslarge/scratch/users/h61084/codes/improved/outputs/foundation_models/tasks/chronos_bolt/univariate/current_velocity/H/medium/run_0/predictions.npz
    Computing per-window metrics...
    Saved metrics to /fslarge/scratch/users/h61084/codes/improved/outputs/foundation_models/tasks/chronos_bolt/univariate/current_velocity/H/medium/run_0/metrics.npz
    Saved config to /fslarge/scratch/users/h61084/codes/improved/outputs/foundation_models/tasks/chronos_bolt/univariate/current_velocity/H/medium/run_0/config.json
    Saved aggregate metrics to /fslarge/scratch/users/h61084/codes/improved/outputs/foundation_models/tasks/chronos_bolt/univariate/current_velocity/H/medium/run_0/metrics_summary.json
    Metrics summary (averaged over all series/windows/variates):
      MSE: 10.8432
      MAE: 1.1585
      RMSE: 1.4553
      MAPE: 2082794889119.6157
      sMAPE: 0.6425
      MASE: 1.4834
      ND: 0.4845
      CRPS: 0.3849
  Output: /fslarge/scratch/users/h61084/codes/improved/outputs/foundation_models/tasks/chronos_bolt/univariate/current_velocity/H/medium/run_0

--- Term: long ---
  Config: prediction_length=336, test_length=672, val_length=672
  Dataset info:
    - Frequency: H
    - Num series: 21
    - Target dim: 6
    - Target mode: univariate
    - Series length: min=2208, max=5587, avg=3502.3
    - Test split: 672 steps
    - Prediction length: 336
    - Windows: 2
TIME run allocation action=new run=/fslarge/scratch/users/h61084/codes/improved/outputs/foundation_models/tasks/chronos_bolt/univariate/current_velocity/H/long/run_0 launch_id=selena_20260907T230635Z_3389 slurm_job_id=3221286 launched_at=2026-09-07T23:11:53.313522+00:00
  Preparing input batches from Test split data...
    Total instances to forecast: 252
  Running predictions (Batch size: 16)...
    Processed 160/252...
    Total instances: 252, Series during experiment: 126, Windows: 2
    Collecting ground truth and context...
    Detected to_univariate case: 126 flat series -> 21 series x 6 variates
    Organizing data into arrays...
    Saved predictions (quantiles) to /fslarge/scratch/users/h61084/codes/improved/outputs/foundation_models/tasks/chronos_bolt/univariate/current_velocity/H/long/run_0/predictions.npz
    Computing per-window metrics...
    Saved metrics to /fslarge/scratch/users/h61084/codes/improved/outputs/foundation_models/tasks/chronos_bolt/univariate/current_velocity/H/long/run_0/metrics.npz
    Saved config to /fslarge/scratch/users/h61084/codes/improved/outputs/foundation_models/tasks/chronos_bolt/univariate/current_velocity/H/long/run_0/config.json
    Saved aggregate metrics to /fslarge/scratch/users/h61084/codes/improved/outputs/foundation_models/tasks/chronos_bolt/univariate/current_velocity/H/long/run_0/metrics_summary.json
    Metrics summary (averaged over all series/windows/variates):
      MSE: 11.8038
      MAE: 1.2344
      RMSE: 1.5632
      MAPE: 2119241934854.8811
      sMAPE: 0.6646
      MASE: 1.6267
      ND: 0.4879
      CRPS: 0.3939
  Output: /fslarge/scratch/users/h61084/codes/improved/outputs/foundation_models/tasks/chronos_bolt/univariate/current_velocity/H/long/run_0

============================================================
All experiments completed!
Results saved to: /scratch/users/h61084/codes/improved/outputs/foundation_models/tasks
============================================================

############################################################
# All datasets completed!
############################################################

############################################################
# Dataset 1/1: CPHL/15T
############################################################
Loading configuration...

============================================================
Dataset: CPHL/15T
Model: amazon/chronos-bolt-base
Terms: ['short', 'medium', 'long']
============================================================
Loading Chronos-Bolt model: amazon/chronos-bolt-base from /fslarge/scratch/users/h61084/weights/chronos-bolt-base...

--- Term: short ---
  Config: prediction_length=12, test_length=1440, val_length=1440
  Dataset info:
    - Frequency: 15T
    - Num series: 2
    - Target dim: 1
    - Target mode: univariate
    - Series length: min=9956, max=10831, avg=10393.5
    - Test split: 1440 steps
    - Prediction length: 12
    - Windows: 120
TIME run allocation action=new run=/fslarge/scratch/users/h61084/codes/improved/outputs/foundation_models/tasks/chronos_bolt/univariate/CPHL/15T/short/run_0 launch_id=selena_20260907T230635Z_3389 slurm_job_id=3221286 launched_at=2026-09-07T23:12:14.330857+00:00
  Preparing input batches from Test split data...
    Total instances to forecast: 240
  Running predictions (Batch size: 16)...
    Processed 160/240...
    Total instances: 240, Series during experiment: 2, Windows: 120
    Collecting ground truth and context...
    Organizing data into arrays...
    Saved predictions (quantiles) to /fslarge/scratch/users/h61084/codes/improved/outputs/foundation_models/tasks/chronos_bolt/univariate/CPHL/15T/short/run_0/predictions.npz
    Computing per-window metrics...
    Saved metrics to /fslarge/scratch/users/h61084/codes/improved/outputs/foundation_models/tasks/chronos_bolt/univariate/CPHL/15T/short/run_0/metrics.npz
    Saved config to /fslarge/scratch/users/h61084/codes/improved/outputs/foundation_models/tasks/chronos_bolt/univariate/CPHL/15T/short/run_0/config.json
    Saved aggregate metrics to /fslarge/scratch/users/h61084/codes/improved/outputs/foundation_models/tasks/chronos_bolt/univariate/CPHL/15T/short/run_0/metrics_summary.json
    Metrics summary (averaged over all series/windows/variates):
      MSE: 0.0652
      MAE: 0.1387
      RMSE: 0.1624
      MAPE: 0.1952
      sMAPE: 0.1801
      MASE: 0.6561
      ND: 0.1871
      CRPS: 0.1492
  Output: /fslarge/scratch/users/h61084/codes/improved/outputs/foundation_models/tasks/chronos_bolt/univariate/CPHL/15T/short/run_0

--- Term: medium ---
  Config: prediction_length=96, test_length=1440, val_length=1440
  Dataset info:
    - Frequency: 15T
    - Num series: 2
    - Target dim: 1
    - Target mode: univariate
    - Series length: min=9956, max=10831, avg=10393.5
    - Test split: 1440 steps
    - Prediction length: 96
    - Windows: 15
TIME run allocation action=new run=/fslarge/scratch/users/h61084/codes/improved/outputs/foundation_models/tasks/chronos_bolt/univariate/CPHL/15T/medium/run_0 launch_id=selena_20260907T230635Z_3389 slurm_job_id=3221286 launched_at=2026-09-07T23:12:14.940105+00:00
  Preparing input batches from Test split data...
    Total instances to forecast: 30
  Running predictions (Batch size: 16)...
    Total instances: 30, Series during experiment: 2, Windows: 15
    Collecting ground truth and context...
    Organizing data into arrays...
    Saved predictions (quantiles) to /fslarge/scratch/users/h61084/codes/improved/outputs/foundation_models/tasks/chronos_bolt/univariate/CPHL/15T/medium/run_0/predictions.npz
    Computing per-window metrics...
    Saved metrics to /fslarge/scratch/users/h61084/codes/improved/outputs/foundation_models/tasks/chronos_bolt/univariate/CPHL/15T/medium/run_0/metrics.npz
    Saved config to /fslarge/scratch/users/h61084/codes/improved/outputs/foundation_models/tasks/chronos_bolt/univariate/CPHL/15T/medium/run_0/config.json
    Saved aggregate metrics to /fslarge/scratch/users/h61084/codes/improved/outputs/foundation_models/tasks/chronos_bolt/univariate/CPHL/15T/medium/run_0/metrics_summary.json
    Metrics summary (averaged over all series/windows/variates):
      MSE: 0.1237
      MAE: 0.2165
      RMSE: 0.2740
      MAPE: 0.3424
      sMAPE: 0.2924
      MASE: 1.0637
      ND: 0.2915
      CRPS: 0.2346
  Output: /fslarge/scratch/users/h61084/codes/improved/outputs/foundation_models/tasks/chronos_bolt/univariate/CPHL/15T/medium/run_0

--- Term: long ---
  Config: prediction_length=288, test_length=1440, val_length=1440
  Dataset info:
    - Frequency: 15T
    - Num series: 2
    - Target dim: 1
    - Target mode: univariate
    - Series length: min=9956, max=10831, avg=10393.5
    - Test split: 1440 steps
    - Prediction length: 288
    - Windows: 5
TIME run allocation action=new run=/fslarge/scratch/users/h61084/codes/improved/outputs/foundation_models/tasks/chronos_bolt/univariate/CPHL/15T/long/run_0 launch_id=selena_20260907T230635Z_3389 slurm_job_id=3221286 launched_at=2026-09-07T23:12:15.283575+00:00
  Preparing input batches from Test split data...
    Total instances to forecast: 10
  Running predictions (Batch size: 16)...
    Total instances: 10, Series during experiment: 2, Windows: 5
    Collecting ground truth and context...
    Organizing data into arrays...
    Saved predictions (quantiles) to /fslarge/scratch/users/h61084/codes/improved/outputs/foundation_models/tasks/chronos_bolt/univariate/CPHL/15T/long/run_0/predictions.npz
    Computing per-window metrics...
    Saved metrics to /fslarge/scratch/users/h61084/codes/improved/outputs/foundation_models/tasks/chronos_bolt/univariate/CPHL/15T/long/run_0/metrics.npz
    Saved config to /fslarge/scratch/users/h61084/codes/improved/outputs/foundation_models/tasks/chronos_bolt/univariate/CPHL/15T/long/run_0/config.json
    Saved aggregate metrics to /fslarge/scratch/users/h61084/codes/improved/outputs/foundation_models/tasks/chronos_bolt/univariate/CPHL/15T/long/run_0/metrics_summary.json
    Metrics summary (averaged over all series/windows/variates):
      MSE: 0.1346
      MAE: 0.2401
      RMSE: 0.3164
      MAPE: 0.3809
      sMAPE: 0.3273
      MASE: 1.2028
      ND: 0.3301
      CRPS: 0.2688
  Output: /fslarge/scratch/users/h61084/codes/improved/outputs/foundation_models/tasks/chronos_bolt/univariate/CPHL/15T/long/run_0

============================================================
All experiments completed!
Results saved to: /scratch/users/h61084/codes/improved/outputs/foundation_models/tasks
============================================================

############################################################
# All datasets completed!
############################################################

############################################################
# Dataset 1/1: CPHL/30T
############################################################
Loading configuration...

============================================================
Dataset: CPHL/30T
Model: amazon/chronos-bolt-base
Terms: ['short', 'medium', 'long']
============================================================
Loading Chronos-Bolt model: amazon/chronos-bolt-base from /fslarge/scratch/users/h61084/weights/chronos-bolt-base...

--- Term: short ---
  Config: prediction_length=12, test_length=1440, val_length=1440
  Dataset info:
    - Frequency: 30T
    - Num series: 2
    - Target dim: 1
    - Target mode: univariate
    - Series length: min=11808, max=17566, avg=14687.0
    - Test split: 1440 steps
    - Prediction length: 12
    - Windows: 120
TIME run allocation action=new run=/fslarge/scratch/users/h61084/codes/improved/outputs/foundation_models/tasks/chronos_bolt/univariate/CPHL/30T/short/run_0 launch_id=selena_20260907T230635Z_3389 slurm_job_id=3221286 launched_at=2026-09-07T23:12:24.554961+00:00
  Preparing input batches from Test split data...
    Total instances to forecast: 240
  Running predictions (Batch size: 16)...
    Processed 160/240...
    Total instances: 240, Series during experiment: 2, Windows: 120
    Collecting ground truth and context...
    Organizing data into arrays...
    Saved predictions (quantiles) to /fslarge/scratch/users/h61084/codes/improved/outputs/foundation_models/tasks/chronos_bolt/univariate/CPHL/30T/short/run_0/predictions.npz
    Computing per-window metrics...
    Saved metrics to /fslarge/scratch/users/h61084/codes/improved/outputs/foundation_models/tasks/chronos_bolt/univariate/CPHL/30T/short/run_0/metrics.npz
    Saved config to /fslarge/scratch/users/h61084/codes/improved/outputs/foundation_models/tasks/chronos_bolt/univariate/CPHL/30T/short/run_0/config.json
    Saved aggregate metrics to /fslarge/scratch/users/h61084/codes/improved/outputs/foundation_models/tasks/chronos_bolt/univariate/CPHL/30T/short/run_0/metrics_summary.json
    Metrics summary (averaged over all series/windows/variates):
      MSE: 0.6439
      MAE: 0.4658
      RMSE: 0.5679
      MAPE: 0.3936
      sMAPE: 0.2999
      MASE: 1.4041
      ND: 0.2962
      CRPS: 0.2306
  Output: /fslarge/scratch/users/h61084/codes/improved/outputs/foundation_models/tasks/chronos_bolt/univariate/CPHL/30T/short/run_0

--- Term: medium ---
  Config: prediction_length=48, test_length=1440, val_length=1440
  Dataset info:
    - Frequency: 30T
    - Num series: 2
    - Target dim: 1
    - Target mode: univariate
    - Series length: min=11808, max=17566, avg=14687.0
    - Test split: 1440 steps
    - Prediction length: 48
    - Windows: 30
TIME run allocation action=new run=/fslarge/scratch/users/h61084/codes/improved/outputs/foundation_models/tasks/chronos_bolt/univariate/CPHL/30T/medium/run_0 launch_id=selena_20260907T230635Z_3389 slurm_job_id=3221286 launched_at=2026-09-07T23:12:25.181543+00:00
  Preparing input batches from Test split data...
    Total instances to forecast: 60
  Running predictions (Batch size: 16)...
    Total instances: 60, Series during experiment: 2, Windows: 30
    Collecting ground truth and context...
    Organizing data into arrays...
    Saved predictions (quantiles) to /fslarge/scratch/users/h61084/codes/improved/outputs/foundation_models/tasks/chronos_bolt/univariate/CPHL/30T/medium/run_0/predictions.npz
    Computing per-window metrics...
    Saved metrics to /fslarge/scratch/users/h61084/codes/improved/outputs/foundation_models/tasks/chronos_bolt/univariate/CPHL/30T/medium/run_0/metrics.npz
    Saved config to /fslarge/scratch/users/h61084/codes/improved/outputs/foundation_models/tasks/chronos_bolt/univariate/CPHL/30T/medium/run_0/config.json
    Saved aggregate metrics to /fslarge/scratch/users/h61084/codes/improved/outputs/foundation_models/tasks/chronos_bolt/univariate/CPHL/30T/medium/run_0/metrics_summary.json
    Metrics summary (averaged over all series/windows/variates):
      MSE: 0.7536
      MAE: 0.5195
      RMSE: 0.6372
      MAPE: 0.4635
      sMAPE: 0.3432
      MASE: 1.5695
      ND: 0.3360
      CRPS: 0.2576
  Output: /fslarge/scratch/users/h61084/codes/improved/outputs/foundation_models/tasks/chronos_bolt/univariate/CPHL/30T/medium/run_0

--- Term: long ---
  Config: prediction_length=144, test_length=1440, val_length=1440
  Dataset info:
    - Frequency: 30T
    - Num series: 2
    - Target dim: 1
    - Target mode: univariate
    - Series length: min=11808, max=17566, avg=14687.0
    - Test split: 1440 steps
    - Prediction length: 144
    - Windows: 10
TIME run allocation action=new run=/fslarge/scratch/users/h61084/codes/improved/outputs/foundation_models/tasks/chronos_bolt/univariate/CPHL/30T/long/run_0 launch_id=selena_20260907T230635Z_3389 slurm_job_id=3221286 launched_at=2026-09-07T23:12:25.310276+00:00
  Preparing input batches from Test split data...
    Total instances to forecast: 20
  Running predictions (Batch size: 16)...
    Total instances: 20, Series during experiment: 2, Windows: 10
    Collecting ground truth and context...
    Organizing data into arrays...
    Saved predictions (quantiles) to /fslarge/scratch/users/h61084/codes/improved/outputs/foundation_models/tasks/chronos_bolt/univariate/CPHL/30T/long/run_0/predictions.npz
    Computing per-window metrics...
    Saved metrics to /fslarge/scratch/users/h61084/codes/improved/outputs/foundation_models/tasks/chronos_bolt/univariate/CPHL/30T/long/run_0/metrics.npz
    Saved config to /fslarge/scratch/users/h61084/codes/improved/outputs/foundation_models/tasks/chronos_bolt/univariate/CPHL/30T/long/run_0/config.json
    Saved aggregate metrics to /fslarge/scratch/users/h61084/codes/improved/outputs/foundation_models/tasks/chronos_bolt/univariate/CPHL/30T/long/run_0/metrics_summary.json
    Metrics summary (averaged over all series/windows/variates):
      MSE: 1.0076
      MAE: 0.6106
      RMSE: 0.7453
      MAPE: 0.5646
      sMAPE: 0.4302
      MASE: 1.9159
      ND: 0.3980
      CRPS: 0.3165
  Output: /fslarge/scratch/users/h61084/codes/improved/outputs/foundation_models/tasks/chronos_bolt/univariate/CPHL/30T/long/run_0

============================================================
All experiments completed!
Results saved to: /scratch/users/h61084/codes/improved/outputs/foundation_models/tasks
============================================================

############################################################
# All datasets completed!
############################################################

############################################################
# Dataset 1/1: CPHL/H
############################################################
Loading configuration...

============================================================
Dataset: CPHL/H
Model: amazon/chronos-bolt-base
Terms: ['short', 'medium', 'long']
============================================================
Loading Chronos-Bolt model: amazon/chronos-bolt-base from /fslarge/scratch/users/h61084/weights/chronos-bolt-base...

--- Term: short ---
  Config: prediction_length=24, test_length=672, val_length=672
  Dataset info:
    - Frequency: H
    - Num series: 4
    - Target dim: 1
    - Target mode: univariate
    - Series length: min=2490, max=8783, avg=4971.2
    - Test split: 672 steps
    - Prediction length: 24
    - Windows: 28
TIME run allocation action=new run=/fslarge/scratch/users/h61084/codes/improved/outputs/foundation_models/tasks/chronos_bolt/univariate/CPHL/H/short/run_0 launch_id=selena_20260907T230635Z_3389 slurm_job_id=3221286 launched_at=2026-09-07T23:12:34.572916+00:00
  Preparing input batches from Test split data...
    Total instances to forecast: 112
  Running predictions (Batch size: 16)...
    Total instances: 112, Series during experiment: 4, Windows: 28
    Collecting ground truth and context...
    Organizing data into arrays...
    Saved predictions (quantiles) to /fslarge/scratch/users/h61084/codes/improved/outputs/foundation_models/tasks/chronos_bolt/univariate/CPHL/H/short/run_0/predictions.npz
    Computing per-window metrics...
    Saved metrics to /fslarge/scratch/users/h61084/codes/improved/outputs/foundation_models/tasks/chronos_bolt/univariate/CPHL/H/short/run_0/metrics.npz
    Saved config to /fslarge/scratch/users/h61084/codes/improved/outputs/foundation_models/tasks/chronos_bolt/univariate/CPHL/H/short/run_0/config.json
    Saved aggregate metrics to /fslarge/scratch/users/h61084/codes/improved/outputs/foundation_models/tasks/chronos_bolt/univariate/CPHL/H/short/run_0/metrics_summary.json
    Metrics summary (averaged over all series/windows/variates):
      MSE: 0.3898
      MAE: 0.3531
      RMSE: 0.4289
      MAPE: 0.3400
      sMAPE: 0.3042
      MASE: 1.3161
      ND: 0.2990
      CRPS: 0.2316
  Output: /fslarge/scratch/users/h61084/codes/improved/outputs/foundation_models/tasks/chronos_bolt/univariate/CPHL/H/short/run_0

--- Term: medium ---
  Config: prediction_length=168, test_length=672, val_length=672
  Dataset info:
    - Frequency: H
    - Num series: 4
    - Target dim: 1
    - Target mode: univariate
    - Series length: min=2490, max=8783, avg=4971.2
    - Test split: 672 steps
    - Prediction length: 168
    - Windows: 4
TIME run allocation action=new run=/fslarge/scratch/users/h61084/codes/improved/outputs/foundation_models/tasks/chronos_bolt/univariate/CPHL/H/medium/run_0 launch_id=selena_20260907T230635Z_3389 slurm_job_id=3221286 launched_at=2026-09-07T23:12:34.984223+00:00
  Preparing input batches from Test split data...
    Total instances to forecast: 16
  Running predictions (Batch size: 16)...
    Total instances: 16, Series during experiment: 4, Windows: 4
    Collecting ground truth and context...
    Organizing data into arrays...
    Saved predictions (quantiles) to /fslarge/scratch/users/h61084/codes/improved/outputs/foundation_models/tasks/chronos_bolt/univariate/CPHL/H/medium/run_0/predictions.npz
    Computing per-window metrics...
    Saved metrics to /fslarge/scratch/users/h61084/codes/improved/outputs/foundation_models/tasks/chronos_bolt/univariate/CPHL/H/medium/run_0/metrics.npz
    Saved config to /fslarge/scratch/users/h61084/codes/improved/outputs/foundation_models/tasks/chronos_bolt/univariate/CPHL/H/medium/run_0/config.json
    Saved aggregate metrics to /fslarge/scratch/users/h61084/codes/improved/outputs/foundation_models/tasks/chronos_bolt/univariate/CPHL/H/medium/run_0/metrics_summary.json
    Metrics summary (averaged over all series/windows/variates):
      MSE: 0.5275
      MAE: 0.4578
      RMSE: 0.5686
      MAPE: 0.4883
      sMAPE: 0.4368
      MASE: 1.9465
      ND: 0.4288
      CRPS: 0.3469
  Output: /fslarge/scratch/users/h61084/codes/improved/outputs/foundation_models/tasks/chronos_bolt/univariate/CPHL/H/medium/run_0

--- Term: long ---
  Config: prediction_length=336, test_length=672, val_length=672
  Dataset info:
    - Frequency: H
    - Num series: 4
    - Target dim: 1
    - Target mode: univariate
    - Series length: min=2490, max=8783, avg=4971.2
    - Test split: 672 steps
    - Prediction length: 336
    - Windows: 2
TIME run allocation action=new run=/fslarge/scratch/users/h61084/codes/improved/outputs/foundation_models/tasks/chronos_bolt/univariate/CPHL/H/long/run_0 launch_id=selena_20260907T230635Z_3389 slurm_job_id=3221286 launched_at=2026-09-07T23:12:35.328053+00:00
  Preparing input batches from Test split data...
    Total instances to forecast: 8
  Running predictions (Batch size: 16)...
    Total instances: 8, Series during experiment: 4, Windows: 2
    Collecting ground truth and context...
    Organizing data into arrays...
    Saved predictions (quantiles) to /fslarge/scratch/users/h61084/codes/improved/outputs/foundation_models/tasks/chronos_bolt/univariate/CPHL/H/long/run_0/predictions.npz
    Computing per-window metrics...
    Saved metrics to /fslarge/scratch/users/h61084/codes/improved/outputs/foundation_models/tasks/chronos_bolt/univariate/CPHL/H/long/run_0/metrics.npz
    Saved config to /fslarge/scratch/users/h61084/codes/improved/outputs/foundation_models/tasks/chronos_bolt/univariate/CPHL/H/long/run_0/config.json
    Saved aggregate metrics to /fslarge/scratch/users/h61084/codes/improved/outputs/foundation_models/tasks/chronos_bolt/univariate/CPHL/H/long/run_0/metrics_summary.json
    Metrics summary (averaged over all series/windows/variates):
      MSE: 0.5425
      MAE: 0.4768
      RMSE: 0.6004
      MAPE: 0.5200
      sMAPE: 0.4744
      MASE: 2.1538
      ND: 0.4488
      CRPS: 0.3751
  Output: /fslarge/scratch/users/h61084/codes/improved/outputs/foundation_models/tasks/chronos_bolt/univariate/CPHL/H/long/run_0

============================================================
All experiments completed!
Results saved to: /scratch/users/h61084/codes/improved/outputs/foundation_models/tasks
============================================================

############################################################
# All datasets completed!
############################################################

############################################################
# Dataset 1/1: Coastal_T_S/5T
############################################################
Loading configuration...

============================================================
Dataset: Coastal_T_S/5T
Model: amazon/chronos-bolt-base
Terms: ['short', 'medium', 'long']
============================================================
Loading Chronos-Bolt model: amazon/chronos-bolt-base from /fslarge/scratch/users/h61084/weights/chronos-bolt-base...

--- Term: short ---
  Config: prediction_length=36, test_length=4320, val_length=4320
  Dataset info:
    - Frequency: 5T
    - Num series: 18
    - Target dim: 3
    - Target mode: univariate
    - Series length: min=44614, max=105408, avg=68604.9
    - Test split: 4320 steps
    - Prediction length: 36
    - Windows: 120
TIME run allocation action=new run=/fslarge/scratch/users/h61084/codes/improved/outputs/foundation_models/tasks/chronos_bolt/univariate/Coastal_T_S/5T/short/run_0 launch_id=selena_20260907T230635Z_3389 slurm_job_id=3221286 launched_at=2026-09-07T23:12:44.798214+00:00
  Preparing input batches from Test split data...
    Total instances to forecast: 6480
  Running predictions (Batch size: 16)...
    Processed 160/6480...
    Processed 320/6480...
    Processed 480/6480...
    Processed 640/6480...
    Processed 800/6480...
    Processed 960/6480...
    Processed 1120/6480...
    Processed 1280/6480...
    Processed 1440/6480...
    Processed 1600/6480...
    Processed 1760/6480...
    Processed 1920/6480...
    Processed 2080/6480...
    Processed 2240/6480...
    Processed 2400/6480...
    Processed 2560/6480...
    Processed 2720/6480...
    Processed 2880/6480...
    Processed 3040/6480...
    Processed 3200/6480...
    Processed 3360/6480...
    Processed 3520/6480...
    Processed 3680/6480...
    Processed 3840/6480...
    Processed 4000/6480...
    Processed 4160/6480...
    Processed 4320/6480...
    Processed 4480/6480...
    Processed 4640/6480...
    Processed 4800/6480...
    Processed 4960/6480...
    Processed 5120/6480...
    Processed 5280/6480...
    Processed 5440/6480...
    Processed 5600/6480...
    Processed 5760/6480...
    Processed 5920/6480...
    Processed 6080/6480...
    Processed 6240/6480...
    Processed 6400/6480...
    Total instances: 6480, Series during experiment: 54, Windows: 120
    Collecting ground truth and context...
    Detected to_univariate case: 54 flat series -> 18 series x 3 variates
    Organizing data into arrays...
    Saved predictions (quantiles) to /fslarge/scratch/users/h61084/codes/improved/outputs/foundation_models/tasks/chronos_bolt/univariate/Coastal_T_S/5T/short/run_0/predictions.npz
    Computing per-window metrics...
    Saved metrics to /fslarge/scratch/users/h61084/codes/improved/outputs/foundation_models/tasks/chronos_bolt/univariate/Coastal_T_S/5T/short/run_0/metrics.npz
    Saved config to /fslarge/scratch/users/h61084/codes/improved/outputs/foundation_models/tasks/chronos_bolt/univariate/Coastal_T_S/5T/short/run_0/config.json
    Saved aggregate metrics to /fslarge/scratch/users/h61084/codes/improved/outputs/foundation_models/tasks/chronos_bolt/univariate/Coastal_T_S/5T/short/run_0/metrics_summary.json
    Metrics summary (averaged over all series/windows/variates):
      MSE: 114.9176
      MAE: 2.8691
      RMSE: 2.9847
      MAPE: 0.0882
      sMAPE: 0.0675
      MASE: 0.8189
      ND: 0.0625
      CRPS: 0.0408
  Output: /fslarge/scratch/users/h61084/codes/improved/outputs/foundation_models/tasks/chronos_bolt/univariate/Coastal_T_S/5T/short/run_0

--- Term: medium ---
  Config: prediction_length=288, test_length=4320, val_length=4320
  Dataset info:
    - Frequency: 5T
    - Num series: 18
    - Target dim: 3
    - Target mode: univariate
    - Series length: min=44614, max=105408, avg=68604.9
    - Test split: 4320 steps
    - Prediction length: 288
    - Windows: 15
TIME run allocation action=new run=/fslarge/scratch/users/h61084/codes/improved/outputs/foundation_models/tasks/chronos_bolt/univariate/Coastal_T_S/5T/medium/run_0 launch_id=selena_20260907T230635Z_3389 slurm_job_id=3221286 launched_at=2026-09-07T23:12:58.052304+00:00
  Preparing input batches from Test split data...
    Total instances to forecast: 810
  Running predictions (Batch size: 16)...
    Processed 160/810...
    Processed 320/810...
    Processed 480/810...
    Processed 640/810...
    Processed 800/810...
    Total instances: 810, Series during experiment: 54, Windows: 15
    Collecting ground truth and context...
    Detected to_univariate case: 54 flat series -> 18 series x 3 variates
    Organizing data into arrays...
    Saved predictions (quantiles) to /fslarge/scratch/users/h61084/codes/improved/outputs/foundation_models/tasks/chronos_bolt/univariate/Coastal_T_S/5T/medium/run_0/predictions.npz
    Computing per-window metrics...
    Saved metrics to /fslarge/scratch/users/h61084/codes/improved/outputs/foundation_models/tasks/chronos_bolt/univariate/Coastal_T_S/5T/medium/run_0/metrics.npz
    Saved config to /fslarge/scratch/users/h61084/codes/improved/outputs/foundation_models/tasks/chronos_bolt/univariate/Coastal_T_S/5T/medium/run_0/config.json
    Saved aggregate metrics to /fslarge/scratch/users/h61084/codes/improved/outputs/foundation_models/tasks/chronos_bolt/univariate/Coastal_T_S/5T/medium/run_0/metrics_summary.json
    Metrics summary (averaged over all series/windows/variates):
      MSE: 116.0076
      MAE: 3.0019
      RMSE: 3.1716
      MAPE: 0.0941
      sMAPE: 0.0718
      MASE: 1.0933
      ND: 0.0672
      CRPS: 0.0471
  Output: /fslarge/scratch/users/h61084/codes/improved/outputs/foundation_models/tasks/chronos_bolt/univariate/Coastal_T_S/5T/medium/run_0

--- Term: long ---
  Config: prediction_length=864, test_length=4320, val_length=4320
  Dataset info:
    - Frequency: 5T
    - Num series: 18
    - Target dim: 3
    - Target mode: univariate
    - Series length: min=44614, max=105408, avg=68604.9
    - Test split: 4320 steps
    - Prediction length: 864
    - Windows: 5
TIME run allocation action=new run=/fslarge/scratch/users/h61084/codes/improved/outputs/foundation_models/tasks/chronos_bolt/univariate/Coastal_T_S/5T/long/run_0 launch_id=selena_20260907T230635Z_3389 slurm_job_id=3221286 launched_at=2026-09-07T23:13:29.123697+00:00
  Preparing input batches from Test split data...
    Total instances to forecast: 270
  Running predictions (Batch size: 16)...
    Processed 160/270...
    Total instances: 270, Series during experiment: 54, Windows: 5
    Collecting ground truth and context...
    Detected to_univariate case: 54 flat series -> 18 series x 3 variates
    Organizing data into arrays...
    Saved predictions (quantiles) to /fslarge/scratch/users/h61084/codes/improved/outputs/foundation_models/tasks/chronos_bolt/univariate/Coastal_T_S/5T/long/run_0/predictions.npz
    Computing per-window metrics...
    Saved metrics to /fslarge/scratch/users/h61084/codes/improved/outputs/foundation_models/tasks/chronos_bolt/univariate/Coastal_T_S/5T/long/run_0/metrics.npz
    Saved config to /fslarge/scratch/users/h61084/codes/improved/outputs/foundation_models/tasks/chronos_bolt/univariate/Coastal_T_S/5T/long/run_0/config.json
    Saved aggregate metrics to /fslarge/scratch/users/h61084/codes/improved/outputs/foundation_models/tasks/chronos_bolt/univariate/Coastal_T_S/5T/long/run_0/metrics_summary.json
    Metrics summary (averaged over all series/windows/variates):
      MSE: 121.8216
      MAE: 3.1010
      RMSE: 3.3365
      MAPE: 0.0939
      sMAPE: 0.0748
      MASE: 1.3666
      ND: 0.0702
      CRPS: 0.0575
  Output: /fslarge/scratch/users/h61084/codes/improved/outputs/foundation_models/tasks/chronos_bolt/univariate/Coastal_T_S/5T/long/run_0

============================================================
All experiments completed!
Results saved to: /scratch/users/h61084/codes/improved/outputs/foundation_models/tasks
============================================================

############################################################
# All datasets completed!
############################################################

############################################################
# Dataset 1/1: Coastal_T_S/15T
############################################################
Loading configuration...

============================================================
Dataset: Coastal_T_S/15T
Model: amazon/chronos-bolt-base
Terms: ['short', 'medium', 'long']
============================================================
Loading Chronos-Bolt model: amazon/chronos-bolt-base from /fslarge/scratch/users/h61084/weights/chronos-bolt-base...

--- Term: short ---
  Config: prediction_length=12, test_length=1440, val_length=1440
  Dataset info:
    - Frequency: 15T
    - Num series: 5
    - Target dim: 3
    - Target mode: univariate
    - Series length: min=16686, max=23134, avg=20870.2
    - Test split: 1440 steps
    - Prediction length: 12
    - Windows: 120
TIME run allocation action=new run=/fslarge/scratch/users/h61084/codes/improved/outputs/foundation_models/tasks/chronos_bolt/univariate/Coastal_T_S/15T/short/run_0 launch_id=selena_20260907T230635Z_3389 slurm_job_id=3221286 launched_at=2026-09-07T23:14:10.582836+00:00
  Preparing input batches from Test split data...
    Total instances to forecast: 1800
  Running predictions (Batch size: 16)...
    Processed 160/1800...
    Processed 320/1800...
    Processed 480/1800...
    Processed 640/1800...
    Processed 800/1800...
    Processed 960/1800...
    Processed 1120/1800...
    Processed 1280/1800...
    Processed 1440/1800...
    Processed 1600/1800...
    Processed 1760/1800...
    Total instances: 1800, Series during experiment: 15, Windows: 120
    Collecting ground truth and context...
    Detected to_univariate case: 15 flat series -> 5 series x 3 variates
    Organizing data into arrays...
    Saved predictions (quantiles) to /fslarge/scratch/users/h61084/codes/improved/outputs/foundation_models/tasks/chronos_bolt/univariate/Coastal_T_S/15T/short/run_0/predictions.npz
    Computing per-window metrics...
    Saved metrics to /fslarge/scratch/users/h61084/codes/improved/outputs/foundation_models/tasks/chronos_bolt/univariate/Coastal_T_S/15T/short/run_0/metrics.npz
    Saved config to /fslarge/scratch/users/h61084/codes/improved/outputs/foundation_models/tasks/chronos_bolt/univariate/Coastal_T_S/15T/short/run_0/config.json
    Saved aggregate metrics to /fslarge/scratch/users/h61084/codes/improved/outputs/foundation_models/tasks/chronos_bolt/univariate/Coastal_T_S/15T/short/run_0/metrics_summary.json
    Metrics summary (averaged over all series/windows/variates):
      MSE: 113.6218
      MAE: 4.6778
      RMSE: 4.8684
      MAPE: 0.1344
      sMAPE: 0.1200
      MASE: 1.1376
      ND: 0.1154
      CRPS: 0.0738
  Output: /fslarge/scratch/users/h61084/codes/improved/outputs/foundation_models/tasks/chronos_bolt/univariate/Coastal_T_S/15T/short/run_0

--- Term: medium ---
  Config: prediction_length=96, test_length=1440, val_length=1440
  Dataset info:
    - Frequency: 15T
    - Num series: 5
    - Target dim: 3
    - Target mode: univariate
    - Series length: min=16686, max=23134, avg=20870.2
    - Test split: 1440 steps
    - Prediction length: 96
    - Windows: 15
TIME run allocation action=new run=/fslarge/scratch/users/h61084/codes/improved/outputs/foundation_models/tasks/chronos_bolt/univariate/Coastal_T_S/15T/medium/run_0 launch_id=selena_20260907T230635Z_3389 slurm_job_id=3221286 launched_at=2026-09-07T23:14:13.875325+00:00
  Preparing input batches from Test split data...
    Total instances to forecast: 225
  Running predictions (Batch size: 16)...
    Processed 160/225...
    Total instances: 225, Series during experiment: 15, Windows: 15
    Collecting ground truth and context...
    Detected to_univariate case: 15 flat series -> 5 series x 3 variates
    Organizing data into arrays...
    Saved predictions (quantiles) to /fslarge/scratch/users/h61084/codes/improved/outputs/foundation_models/tasks/chronos_bolt/univariate/Coastal_T_S/15T/medium/run_0/predictions.npz
    Computing per-window metrics...
    Saved metrics to /fslarge/scratch/users/h61084/codes/improved/outputs/foundation_models/tasks/chronos_bolt/univariate/Coastal_T_S/15T/medium/run_0/metrics.npz
    Saved config to /fslarge/scratch/users/h61084/codes/improved/outputs/foundation_models/tasks/chronos_bolt/univariate/Coastal_T_S/15T/medium/run_0/config.json
    Saved aggregate metrics to /fslarge/scratch/users/h61084/codes/improved/outputs/foundation_models/tasks/chronos_bolt/univariate/Coastal_T_S/15T/medium/run_0/metrics_summary.json
    Metrics summary (averaged over all series/windows/variates):
      MSE: 111.3977
      MAE: 4.7236
      RMSE: 4.8761
      MAPE: 0.1385
      sMAPE: 0.1215
      MASE: 1.2547
      ND: 0.1153
      CRPS: 0.0735
  Output: /fslarge/scratch/users/h61084/codes/improved/outputs/foundation_models/tasks/chronos_bolt/univariate/Coastal_T_S/15T/medium/run_0

--- Term: long ---
  Config: prediction_length=288, test_length=1440, val_length=1440
  Dataset info:
    - Frequency: 15T
    - Num series: 5
    - Target dim: 3
    - Target mode: univariate
    - Series length: min=16686, max=23134, avg=20870.2
    - Test split: 1440 steps
    - Prediction length: 288
    - Windows: 5
TIME run allocation action=new run=/fslarge/scratch/users/h61084/codes/improved/outputs/foundation_models/tasks/chronos_bolt/univariate/Coastal_T_S/15T/long/run_0 launch_id=selena_20260907T230635Z_3389 slurm_job_id=3221286 launched_at=2026-09-07T23:14:16.407130+00:00
  Preparing input batches from Test split data...
    Total instances to forecast: 75
  Running predictions (Batch size: 16)...
    Total instances: 75, Series during experiment: 15, Windows: 5
    Collecting ground truth and context...
    Detected to_univariate case: 15 flat series -> 5 series x 3 variates
    Organizing data into arrays...
    Saved predictions (quantiles) to /fslarge/scratch/users/h61084/codes/improved/outputs/foundation_models/tasks/chronos_bolt/univariate/Coastal_T_S/15T/long/run_0/predictions.npz
    Computing per-window metrics...
    Saved metrics to /fslarge/scratch/users/h61084/codes/improved/outputs/foundation_models/tasks/chronos_bolt/univariate/Coastal_T_S/15T/long/run_0/metrics.npz
    Saved config to /fslarge/scratch/users/h61084/codes/improved/outputs/foundation_models/tasks/chronos_bolt/univariate/Coastal_T_S/15T/long/run_0/config.json
    Saved aggregate metrics to /fslarge/scratch/users/h61084/codes/improved/outputs/foundation_models/tasks/chronos_bolt/univariate/Coastal_T_S/15T/long/run_0/metrics_summary.json
    Metrics summary (averaged over all series/windows/variates):
      MSE: 110.1648
      MAE: 4.7410
      RMSE: 4.8775
      MAPE: 0.1414
      sMAPE: 0.1223
      MASE: 1.3759
      ND: 0.1160
      CRPS: 0.0776
  Output: /fslarge/scratch/users/h61084/codes/improved/outputs/foundation_models/tasks/chronos_bolt/univariate/Coastal_T_S/15T/long/run_0

============================================================
All experiments completed!
Results saved to: /scratch/users/h61084/codes/improved/outputs/foundation_models/tasks
============================================================

############################################################
# All datasets completed!
############################################################

############################################################
# Dataset 1/1: Coastal_T_S/20T
############################################################
Loading configuration...

============================================================
Dataset: Coastal_T_S/20T
Model: amazon/chronos-bolt-base
Terms: ['short', 'medium', 'long']
============================================================
Loading Chronos-Bolt model: amazon/chronos-bolt-base from /fslarge/scratch/users/h61084/weights/chronos-bolt-base...

--- Term: short ---
  Config: prediction_length=9, test_length=1080, val_length=1080
  Dataset info:
    - Frequency: 20T
    - Num series: 1
    - Target dim: 3
    - Target mode: univariate
    - Series length: min=8198, max=8198, avg=8198.0
    - Test split: 1080 steps
    - Prediction length: 9
    - Windows: 120
TIME run allocation action=new run=/fslarge/scratch/users/h61084/codes/improved/outputs/foundation_models/tasks/chronos_bolt/univariate/Coastal_T_S/20T/short/run_0 launch_id=selena_20260907T230635Z_3389 slurm_job_id=3221286 launched_at=2026-09-07T23:14:28.061478+00:00
  Preparing input batches from Test split data...
    Total instances to forecast: 360
  Running predictions (Batch size: 16)...
    Processed 160/360...
    Processed 320/360...
    Total instances: 360, Series during experiment: 3, Windows: 120
    Collecting ground truth and context...
    Detected to_univariate case: 3 flat series -> 1 series x 3 variates
    Organizing data into arrays...
    Saved predictions (quantiles) to /fslarge/scratch/users/h61084/codes/improved/outputs/foundation_models/tasks/chronos_bolt/univariate/Coastal_T_S/20T/short/run_0/predictions.npz
    Computing per-window metrics...
    Saved metrics to /fslarge/scratch/users/h61084/codes/improved/outputs/foundation_models/tasks/chronos_bolt/univariate/Coastal_T_S/20T/short/run_0/metrics.npz
    Saved config to /fslarge/scratch/users/h61084/codes/improved/outputs/foundation_models/tasks/chronos_bolt/univariate/Coastal_T_S/20T/short/run_0/config.json
    Saved aggregate metrics to /fslarge/scratch/users/h61084/codes/improved/outputs/foundation_models/tasks/chronos_bolt/univariate/Coastal_T_S/20T/short/run_0/metrics_summary.json
    Metrics summary (averaged over all series/windows/variates):
      MSE: 0.0147
      MAE: 0.0821
      RMSE: 0.0951
      MAPE: 0.0035
      sMAPE: 0.0035
      MASE: 0.6112
      ND: 0.0035
      CRPS: 0.0028
  Output: /fslarge/scratch/users/h61084/codes/improved/outputs/foundation_models/tasks/chronos_bolt/univariate/Coastal_T_S/20T/short/run_0

--- Term: medium ---
  Config: prediction_length=72, test_length=1080, val_length=1080
  Dataset info:
    - Frequency: 20T
    - Num series: 1
    - Target dim: 3
    - Target mode: univariate
    - Series length: min=8198, max=8198, avg=8198.0
    - Test split: 1080 steps
    - Prediction length: 72
    - Windows: 15
TIME run allocation action=new run=/fslarge/scratch/users/h61084/codes/improved/outputs/foundation_models/tasks/chronos_bolt/univariate/Coastal_T_S/20T/medium/run_0 launch_id=selena_20260907T230635Z_3389 slurm_job_id=3221286 launched_at=2026-09-07T23:14:28.882037+00:00
  Preparing input batches from Test split data...
    Total instances to forecast: 45
  Running predictions (Batch size: 16)...
    Total instances: 45, Series during experiment: 3, Windows: 15
    Collecting ground truth and context...
    Detected to_univariate case: 3 flat series -> 1 series x 3 variates
    Organizing data into arrays...
    Saved predictions (quantiles) to /fslarge/scratch/users/h61084/codes/improved/outputs/foundation_models/tasks/chronos_bolt/univariate/Coastal_T_S/20T/medium/run_0/predictions.npz
    Computing per-window metrics...
    Saved metrics to /fslarge/scratch/users/h61084/codes/improved/outputs/foundation_models/tasks/chronos_bolt/univariate/Coastal_T_S/20T/medium/run_0/metrics.npz
    Saved config to /fslarge/scratch/users/h61084/codes/improved/outputs/foundation_models/tasks/chronos_bolt/univariate/Coastal_T_S/20T/medium/run_0/config.json
    Saved aggregate metrics to /fslarge/scratch/users/h61084/codes/improved/outputs/foundation_models/tasks/chronos_bolt/univariate/Coastal_T_S/20T/medium/run_0/metrics_summary.json
    Metrics summary (averaged over all series/windows/variates):
      MSE: 0.1288
      MAE: 0.2530
      RMSE: 0.3104
      MAPE: 0.0115
      sMAPE: 0.0114
      MASE: 1.7548
      ND: 0.0114
      CRPS: 0.0090
  Output: /fslarge/scratch/users/h61084/codes/improved/outputs/foundation_models/tasks/chronos_bolt/univariate/Coastal_T_S/20T/medium/run_0

--- Term: long ---
  Config: prediction_length=216, test_length=1080, val_length=1080
  Dataset info:
    - Frequency: 20T
    - Num series: 1
    - Target dim: 3
    - Target mode: univariate
    - Series length: min=8198, max=8198, avg=8198.0
    - Test split: 1080 steps
    - Prediction length: 216
    - Windows: 5
TIME run allocation action=new run=/fslarge/scratch/users/h61084/codes/improved/outputs/foundation_models/tasks/chronos_bolt/univariate/Coastal_T_S/20T/long/run_0 launch_id=selena_20260907T230635Z_3389 slurm_job_id=3221286 launched_at=2026-09-07T23:14:29.388109+00:00
  Preparing input batches from Test split data...
    Total instances to forecast: 15
  Running predictions (Batch size: 16)...
    Total instances: 15, Series during experiment: 3, Windows: 5
    Collecting ground truth and context...
    Detected to_univariate case: 3 flat series -> 1 series x 3 variates
    Organizing data into arrays...
    Saved predictions (quantiles) to /fslarge/scratch/users/h61084/codes/improved/outputs/foundation_models/tasks/chronos_bolt/univariate/Coastal_T_S/20T/long/run_0/predictions.npz
    Computing per-window metrics...
    Saved metrics to /fslarge/scratch/users/h61084/codes/improved/outputs/foundation_models/tasks/chronos_bolt/univariate/Coastal_T_S/20T/long/run_0/metrics.npz
    Saved config to /fslarge/scratch/users/h61084/codes/improved/outputs/foundation_models/tasks/chronos_bolt/univariate/Coastal_T_S/20T/long/run_0/config.json
    Saved aggregate metrics to /fslarge/scratch/users/h61084/codes/improved/outputs/foundation_models/tasks/chronos_bolt/univariate/Coastal_T_S/20T/long/run_0/metrics_summary.json
    Metrics summary (averaged over all series/windows/variates):
      MSE: 0.2062
      MAE: 0.3311
      RMSE: 0.4023
      MAPE: 0.0147
      sMAPE: 0.0147
      MASE: 2.3705
      ND: 0.0147
      CRPS: 0.0119
  Output: /fslarge/scratch/users/h61084/codes/improved/outputs/foundation_models/tasks/chronos_bolt/univariate/Coastal_T_S/20T/long/run_0

============================================================
All experiments completed!
Results saved to: /scratch/users/h61084/codes/improved/outputs/foundation_models/tasks
============================================================

############################################################
# All datasets completed!
############################################################

############################################################
# Dataset 1/1: Coastal_T_S/H
############################################################
Loading configuration...

============================================================
Dataset: Coastal_T_S/H
Model: amazon/chronos-bolt-base
Terms: ['short', 'medium', 'long']
============================================================
Loading Chronos-Bolt model: amazon/chronos-bolt-base from /fslarge/scratch/users/h61084/weights/chronos-bolt-base...

--- Term: short ---
  Config: prediction_length=24, test_length=672, val_length=672
  Dataset info:
    - Frequency: H
    - Num series: 24
    - Target dim: 3
    - Target mode: univariate
    - Series length: min=2733, max=8784, avg=5488.8
    - Test split: 672 steps
    - Prediction length: 24
    - Windows: 28
TIME run allocation action=new run=/fslarge/scratch/users/h61084/codes/improved/outputs/foundation_models/tasks/chronos_bolt/univariate/Coastal_T_S/H/short/run_0 launch_id=selena_20260907T230635Z_3389 slurm_job_id=3221286 launched_at=2026-09-07T23:14:39.075412+00:00
  Preparing input batches from Test split data...
    Total instances to forecast: 2016
  Running predictions (Batch size: 16)...
    Processed 160/2016...
    Processed 320/2016...
    Processed 480/2016...
    Processed 640/2016...
    Processed 800/2016...
    Processed 960/2016...
    Processed 1120/2016...
    Processed 1280/2016...
    Processed 1440/2016...
    Processed 1600/2016...
    Processed 1760/2016...
    Processed 1920/2016...
    Total instances: 2016, Series during experiment: 72, Windows: 28
    Collecting ground truth and context...
    Detected to_univariate case: 72 flat series -> 24 series x 3 variates
    Organizing data into arrays...
    Saved predictions (quantiles) to /fslarge/scratch/users/h61084/codes/improved/outputs/foundation_models/tasks/chronos_bolt/univariate/Coastal_T_S/H/short/run_0/predictions.npz
    Computing per-window metrics...
    Saved metrics to /fslarge/scratch/users/h61084/codes/improved/outputs/foundation_models/tasks/chronos_bolt/univariate/Coastal_T_S/H/short/run_0/metrics.npz
    Saved config to /fslarge/scratch/users/h61084/codes/improved/outputs/foundation_models/tasks/chronos_bolt/univariate/Coastal_T_S/H/short/run_0/config.json
    Saved aggregate metrics to /fslarge/scratch/users/h61084/codes/improved/outputs/foundation_models/tasks/chronos_bolt/univariate/Coastal_T_S/H/short/run_0/metrics_summary.json
    Metrics summary (averaged over all series/windows/variates):
      MSE: 15.3482
      MAE: 1.1244
      RMSE: 1.3869
      MAPE: 0.0307
      sMAPE: 0.0289
      MASE: 0.9819
      ND: 0.0285
      CRPS: 0.0226
  Output: /fslarge/scratch/users/h61084/codes/improved/outputs/foundation_models/tasks/chronos_bolt/univariate/Coastal_T_S/H/short/run_0

--- Term: medium ---
  Config: prediction_length=168, test_length=672, val_length=672
  Dataset info:
    - Frequency: H
    - Num series: 24
    - Target dim: 3
    - Target mode: univariate
    - Series length: min=2733, max=8784, avg=5488.8
    - Test split: 672 steps
    - Prediction length: 168
    - Windows: 4
TIME run allocation action=new run=/fslarge/scratch/users/h61084/codes/improved/outputs/foundation_models/tasks/chronos_bolt/univariate/Coastal_T_S/H/medium/run_0 launch_id=selena_20260907T230635Z_3389 slurm_job_id=3221286 launched_at=2026-09-07T23:14:42.745100+00:00
  Preparing input batches from Test split data...
    Total instances to forecast: 288
  Running predictions (Batch size: 16)...
    Processed 160/288...
    Total instances: 288, Series during experiment: 72, Windows: 4
    Collecting ground truth and context...
    Detected to_univariate case: 72 flat series -> 24 series x 3 variates
    Organizing data into arrays...
    Saved predictions (quantiles) to /fslarge/scratch/users/h61084/codes/improved/outputs/foundation_models/tasks/chronos_bolt/univariate/Coastal_T_S/H/medium/run_0/predictions.npz
    Computing per-window metrics...
    Saved metrics to /fslarge/scratch/users/h61084/codes/improved/outputs/foundation_models/tasks/chronos_bolt/univariate/Coastal_T_S/H/medium/run_0/metrics.npz
    Saved config to /fslarge/scratch/users/h61084/codes/improved/outputs/foundation_models/tasks/chronos_bolt/univariate/Coastal_T_S/H/medium/run_0/config.json
    Saved aggregate metrics to /fslarge/scratch/users/h61084/codes/improved/outputs/foundation_models/tasks/chronos_bolt/univariate/Coastal_T_S/H/medium/run_0/metrics_summary.json
    Metrics summary (averaged over all series/windows/variates):
      MSE: 21.9113
      MAE: 1.4095
      RMSE: 1.7617
      MAPE: 0.0429
      sMAPE: 0.0380
      MASE: 1.7441
      ND: 0.0406
      CRPS: 0.0335
  Output: /fslarge/scratch/users/h61084/codes/improved/outputs/foundation_models/tasks/chronos_bolt/univariate/Coastal_T_S/H/medium/run_0

--- Term: long ---
  Config: prediction_length=336, test_length=672, val_length=672
  Dataset info:
    - Frequency: H
    - Num series: 24
    - Target dim: 3
    - Target mode: univariate
    - Series length: min=2733, max=8784, avg=5488.8
    - Test split: 672 steps
    - Prediction length: 336
    - Windows: 2
TIME run allocation action=new run=/fslarge/scratch/users/h61084/codes/improved/outputs/foundation_models/tasks/chronos_bolt/univariate/Coastal_T_S/H/long/run_0 launch_id=selena_20260907T230635Z_3389 slurm_job_id=3221286 launched_at=2026-09-07T23:14:48.436317+00:00
  Preparing input batches from Test split data...
    Total instances to forecast: 144
  Running predictions (Batch size: 16)...
    Total instances: 144, Series during experiment: 72, Windows: 2
    Collecting ground truth and context...
    Detected to_univariate case: 72 flat series -> 24 series x 3 variates
    Organizing data into arrays...
    Saved predictions (quantiles) to /fslarge/scratch/users/h61084/codes/improved/outputs/foundation_models/tasks/chronos_bolt/univariate/Coastal_T_S/H/long/run_0/predictions.npz
    Computing per-window metrics...
    Saved metrics to /fslarge/scratch/users/h61084/codes/improved/outputs/foundation_models/tasks/chronos_bolt/univariate/Coastal_T_S/H/long/run_0/metrics.npz
    Saved config to /fslarge/scratch/users/h61084/codes/improved/outputs/foundation_models/tasks/chronos_bolt/univariate/Coastal_T_S/H/long/run_0/config.json
    Saved aggregate metrics to /fslarge/scratch/users/h61084/codes/improved/outputs/foundation_models/tasks/chronos_bolt/univariate/Coastal_T_S/H/long/run_0/metrics_summary.json
    Metrics summary (averaged over all series/windows/variates):
      MSE: 22.8227
      MAE: 1.5095
      RMSE: 1.9304
      MAPE: 0.0476
      sMAPE: 0.0428
      MASE: 2.4030
      ND: 0.0428
      CRPS: 0.0362
  Output: /fslarge/scratch/users/h61084/codes/improved/outputs/foundation_models/tasks/chronos_bolt/univariate/Coastal_T_S/H/long/run_0

============================================================
All experiments completed!
Results saved to: /scratch/users/h61084/codes/improved/outputs/foundation_models/tasks
============================================================

############################################################
# All datasets completed!
############################################################

############################################################
# Dataset 1/1: SG_Weather/D
############################################################
Loading configuration...

============================================================
Dataset: SG_Weather/D
Model: amazon/chronos-bolt-base
Terms: ['short', 'medium', 'long']
============================================================
Loading Chronos-Bolt model: amazon/chronos-bolt-base from /fslarge/scratch/users/h61084/weights/chronos-bolt-base...

--- Term: short ---
  Config: prediction_length=3, test_length=366, val_length=366
  Dataset info:
    - Frequency: D
    - Num series: 6
    - Target dim: 4
    - Target mode: univariate
    - Series length: min=2953, max=2953, avg=2953.0
    - Test split: 366 steps
    - Prediction length: 3
    - Windows: 122
TIME run allocation action=new run=/fslarge/scratch/users/h61084/codes/improved/outputs/foundation_models/tasks/chronos_bolt/univariate/SG_Weather/D/short/run_0 launch_id=selena_20260907T230635Z_3389 slurm_job_id=3221286 launched_at=2026-09-07T23:15:04.029231+00:00
  Preparing input batches from Test split data...
    Total instances to forecast: 2928
  Running predictions (Batch size: 16)...
    Processed 160/2928...
    Processed 320/2928...
    Processed 480/2928...
    Processed 640/2928...
    Processed 800/2928...
    Processed 960/2928...
    Processed 1120/2928...
    Processed 1280/2928...
    Processed 1440/2928...
    Processed 1600/2928...
    Processed 1760/2928...
    Processed 1920/2928...
    Processed 2080/2928...
    Processed 2240/2928...
    Processed 2400/2928...
    Processed 2560/2928...
    Processed 2720/2928...
    Processed 2880/2928...
    Total instances: 2928, Series during experiment: 24, Windows: 122
    Collecting ground truth and context...
    Detected to_univariate case: 24 flat series -> 6 series x 4 variates
    Organizing data into arrays...
    Saved predictions (quantiles) to /fslarge/scratch/users/h61084/codes/improved/outputs/foundation_models/tasks/chronos_bolt/univariate/SG_Weather/D/short/run_0/predictions.npz
    Computing per-window metrics...
    Saved metrics to /fslarge/scratch/users/h61084/codes/improved/outputs/foundation_models/tasks/chronos_bolt/univariate/SG_Weather/D/short/run_0/metrics.npz
    Saved config to /fslarge/scratch/users/h61084/codes/improved/outputs/foundation_models/tasks/chronos_bolt/univariate/SG_Weather/D/short/run_0/config.json
    Saved aggregate metrics to /fslarge/scratch/users/h61084/codes/improved/outputs/foundation_models/tasks/chronos_bolt/univariate/SG_Weather/D/short/run_0/metrics_summary.json
    Metrics summary (averaged over all series/windows/variates):
      MSE: 2187.5583
      MAE: 17.8336
      RMSE: 20.5050
      MAPE: 0.3912
      sMAPE: 0.2273
      MASE: 0.8705
      ND: 0.2521
      CRPS: 0.1974
  Output: /fslarge/scratch/users/h61084/codes/improved/outputs/foundation_models/tasks/chronos_bolt/univariate/SG_Weather/D/short/run_0

--- Term: medium ---
  Config: prediction_length=7, test_length=366, val_length=366
  Dataset info:
    - Frequency: D
    - Num series: 6
    - Target dim: 4
    - Target mode: univariate
    - Series length: min=2953, max=2953, avg=2953.0
    - Test split: 366 steps
    - Prediction length: 7
    - Windows: 52
TIME run allocation action=new run=/fslarge/scratch/users/h61084/codes/improved/outputs/foundation_models/tasks/chronos_bolt/univariate/SG_Weather/D/medium/run_0 launch_id=selena_20260907T230635Z_3389 slurm_job_id=3221286 launched_at=2026-09-07T23:15:09.066636+00:00
  Preparing input batches from Test split data...
    Total instances to forecast: 1248
  Running predictions (Batch size: 16)...
    Processed 160/1248...
    Processed 320/1248...
    Processed 480/1248...
    Processed 640/1248...
    Processed 800/1248...
    Processed 960/1248...
    Processed 1120/1248...
    Total instances: 1248, Series during experiment: 24, Windows: 52
    Collecting ground truth and context...
    Detected to_univariate case: 24 flat series -> 6 series x 4 variates
    Organizing data into arrays...
    Saved predictions (quantiles) to /fslarge/scratch/users/h61084/codes/improved/outputs/foundation_models/tasks/chronos_bolt/univariate/SG_Weather/D/medium/run_0/predictions.npz
    Computing per-window metrics...
    Saved metrics to /fslarge/scratch/users/h61084/codes/improved/outputs/foundation_models/tasks/chronos_bolt/univariate/SG_Weather/D/medium/run_0/metrics.npz
    Saved config to /fslarge/scratch/users/h61084/codes/improved/outputs/foundation_models/tasks/chronos_bolt/univariate/SG_Weather/D/medium/run_0/config.json
    Saved aggregate metrics to /fslarge/scratch/users/h61084/codes/improved/outputs/foundation_models/tasks/chronos_bolt/univariate/SG_Weather/D/medium/run_0/metrics_summary.json
    Metrics summary (averaged over all series/windows/variates):
      MSE: 2264.9417
      MAE: 18.3903
      RMSE: 22.3920
      MAPE: 0.3959
      sMAPE: 0.2331
      MASE: 0.9120
      ND: 0.2322
      CRPS: 0.1819
  Output: /fslarge/scratch/users/h61084/codes/improved/outputs/foundation_models/tasks/chronos_bolt/univariate/SG_Weather/D/medium/run_0

--- Term: long ---
  Config: prediction_length=14, test_length=366, val_length=366
  Dataset info:
    - Frequency: D
    - Num series: 6
    - Target dim: 4
    - Target mode: univariate
    - Series length: min=2953, max=2953, avg=2953.0
    - Test split: 366 steps
    - Prediction length: 14
    - Windows: 26
TIME run allocation action=new run=/fslarge/scratch/users/h61084/codes/improved/outputs/foundation_models/tasks/chronos_bolt/univariate/SG_Weather/D/long/run_0 launch_id=selena_20260907T230635Z_3389 slurm_job_id=3221286 launched_at=2026-09-07T23:15:11.150003+00:00
  Preparing input batches from Test split data...
    Total instances to forecast: 624
  Running predictions (Batch size: 16)...
    Processed 160/624...
    Processed 320/624...
    Processed 480/624...
    Total instances: 624, Series during experiment: 24, Windows: 26
    Collecting ground truth and context...
    Detected to_univariate case: 24 flat series -> 6 series x 4 variates
    Organizing data into arrays...
    Saved predictions (quantiles) to /fslarge/scratch/users/h61084/codes/improved/outputs/foundation_models/tasks/chronos_bolt/univariate/SG_Weather/D/long/run_0/predictions.npz
    Computing per-window metrics...
    Saved metrics to /fslarge/scratch/users/h61084/codes/improved/outputs/foundation_models/tasks/chronos_bolt/univariate/SG_Weather/D/long/run_0/metrics.npz
    Saved config to /fslarge/scratch/users/h61084/codes/improved/outputs/foundation_models/tasks/chronos_bolt/univariate/SG_Weather/D/long/run_0/config.json
    Saved aggregate metrics to /fslarge/scratch/users/h61084/codes/improved/outputs/foundation_models/tasks/chronos_bolt/univariate/SG_Weather/D/long/run_0/metrics_summary.json
    Metrics summary (averaged over all series/windows/variates):
      MSE: 2282.6128
      MAE: 18.5438
      RMSE: 23.2289
      MAPE: 0.4004
      sMAPE: 0.2365
      MASE: 0.9297
      ND: 0.2298
      CRPS: 0.1799
  Output: /fslarge/scratch/users/h61084/codes/improved/outputs/foundation_models/tasks/chronos_bolt/univariate/SG_Weather/D/long/run_0

============================================================
All experiments completed!
Results saved to: /scratch/users/h61084/codes/improved/outputs/foundation_models/tasks
============================================================

############################################################
# All datasets completed!
############################################################

############################################################
# Dataset 1/1: SG_PM25/H
############################################################
Loading configuration...

============================================================
Dataset: SG_PM25/H
Model: amazon/chronos-bolt-base
Terms: ['short', 'medium', 'long']
============================================================
Loading Chronos-Bolt model: amazon/chronos-bolt-base from /fslarge/scratch/users/h61084/weights/chronos-bolt-base...

--- Term: short ---
  Config: prediction_length=24, test_length=2208, val_length=2160
  Dataset info:
    - Frequency: H
    - Num series: 1
    - Target dim: 5
    - Target mode: univariate
    - Series length: min=38688, max=38688, avg=38688.0
    - Test split: 2208 steps
    - Prediction length: 24
    - Windows: 92
TIME run allocation action=new run=/fslarge/scratch/users/h61084/codes/improved/outputs/foundation_models/tasks/chronos_bolt/univariate/SG_PM25/H/short/run_0 launch_id=selena_20260907T230635Z_3389 slurm_job_id=3221286 launched_at=2026-09-07T23:15:21.257596+00:00
  Preparing input batches from Test split data...
    Total instances to forecast: 460
  Running predictions (Batch size: 16)...
    Processed 160/460...
    Processed 320/460...
    Total instances: 460, Series during experiment: 5, Windows: 92
    Collecting ground truth and context...
    Detected to_univariate case: 5 flat series -> 1 series x 5 variates
    Organizing data into arrays...
    Saved predictions (quantiles) to /fslarge/scratch/users/h61084/codes/improved/outputs/foundation_models/tasks/chronos_bolt/univariate/SG_PM25/H/short/run_0/predictions.npz
    Computing per-window metrics...
    Saved metrics to /fslarge/scratch/users/h61084/codes/improved/outputs/foundation_models/tasks/chronos_bolt/univariate/SG_PM25/H/short/run_0/metrics.npz
    Saved config to /fslarge/scratch/users/h61084/codes/improved/outputs/foundation_models/tasks/chronos_bolt/univariate/SG_PM25/H/short/run_0/config.json
    Saved aggregate metrics to /fslarge/scratch/users/h61084/codes/improved/outputs/foundation_models/tasks/chronos_bolt/univariate/SG_PM25/H/short/run_0/metrics_summary.json
    Metrics summary (averaged over all series/windows/variates):
      MSE: 44.0598
      MAE: 4.7375
      RMSE: 5.8469
      MAPE: 0.5007
      sMAPE: 0.4009
      MASE: 0.9001
      ND: 0.4028
      CRPS: 0.3149
  Output: /fslarge/scratch/users/h61084/codes/improved/outputs/foundation_models/tasks/chronos_bolt/univariate/SG_PM25/H/short/run_0

--- Term: medium ---
  Config: prediction_length=72, test_length=2208, val_length=2160
  Dataset info:
    - Frequency: H
    - Num series: 1
    - Target dim: 5
    - Target mode: univariate
    - Series length: min=38688, max=38688, avg=38688.0
    - Test split: 2208 steps
    - Prediction length: 72
    - Windows: 30
TIME run allocation action=new run=/fslarge/scratch/users/h61084/codes/improved/outputs/foundation_models/tasks/chronos_bolt/univariate/SG_PM25/H/medium/run_0 launch_id=selena_20260907T230635Z_3389 slurm_job_id=3221286 launched_at=2026-09-07T23:15:22.344169+00:00
  Preparing input batches from Test split data...
    Total instances to forecast: 150
  Running predictions (Batch size: 16)...
    Processed 150/150...
    Total instances: 150, Series during experiment: 5, Windows: 30
    Collecting ground truth and context...
    Detected to_univariate case: 5 flat series -> 1 series x 5 variates
    Organizing data into arrays...
    Saved predictions (quantiles) to /fslarge/scratch/users/h61084/codes/improved/outputs/foundation_models/tasks/chronos_bolt/univariate/SG_PM25/H/medium/run_0/predictions.npz
    Computing per-window metrics...
    Saved metrics to /fslarge/scratch/users/h61084/codes/improved/outputs/foundation_models/tasks/chronos_bolt/univariate/SG_PM25/H/medium/run_0/metrics.npz
    Saved config to /fslarge/scratch/users/h61084/codes/improved/outputs/foundation_models/tasks/chronos_bolt/univariate/SG_PM25/H/medium/run_0/config.json
    Saved aggregate metrics to /fslarge/scratch/users/h61084/codes/improved/outputs/foundation_models/tasks/chronos_bolt/univariate/SG_PM25/H/medium/run_0/metrics_summary.json
    Metrics summary (averaged over all series/windows/variates):
      MSE: 51.6239
      MAE: 5.1286
      RMSE: 6.5366
      MAPE: 0.5289
      sMAPE: 0.4297
      MASE: 0.9730
      ND: 0.4202
      CRPS: 0.3290
  Output: /fslarge/scratch/users/h61084/codes/improved/outputs/foundation_models/tasks/chronos_bolt/univariate/SG_PM25/H/medium/run_0

--- Term: long ---
  Config: prediction_length=168, test_length=2208, val_length=2160
  Dataset info:
    - Frequency: H
    - Num series: 1
    - Target dim: 5
    - Target mode: univariate
    - Series length: min=38688, max=38688, avg=38688.0
    - Test split: 2208 steps
    - Prediction length: 168
    - Windows: 13
TIME run allocation action=new run=/fslarge/scratch/users/h61084/codes/improved/outputs/foundation_models/tasks/chronos_bolt/univariate/SG_PM25/H/long/run_0 launch_id=selena_20260907T230635Z_3389 slurm_job_id=3221286 launched_at=2026-09-07T23:15:24.019334+00:00
  Preparing input batches from Test split data...
    Total instances to forecast: 65
  Running predictions (Batch size: 16)...
    Total instances: 65, Series during experiment: 5, Windows: 13
    Collecting ground truth and context...
    Detected to_univariate case: 5 flat series -> 1 series x 5 variates
    Organizing data into arrays...
    Saved predictions (quantiles) to /fslarge/scratch/users/h61084/codes/improved/outputs/foundation_models/tasks/chronos_bolt/univariate/SG_PM25/H/long/run_0/predictions.npz
    Computing per-window metrics...
    Saved metrics to /fslarge/scratch/users/h61084/codes/improved/outputs/foundation_models/tasks/chronos_bolt/univariate/SG_PM25/H/long/run_0/metrics.npz
    Saved config to /fslarge/scratch/users/h61084/codes/improved/outputs/foundation_models/tasks/chronos_bolt/univariate/SG_PM25/H/long/run_0/config.json
    Saved aggregate metrics to /fslarge/scratch/users/h61084/codes/improved/outputs/foundation_models/tasks/chronos_bolt/univariate/SG_PM25/H/long/run_0/metrics_summary.json
    Metrics summary (averaged over all series/windows/variates):
      MSE: 51.6894
      MAE: 5.1893
      RMSE: 6.8288
      MAPE: 0.5216
      sMAPE: 0.4365
      MASE: 0.9863
      ND: 0.4244
      CRPS: 0.3364
  Output: /fslarge/scratch/users/h61084/codes/improved/outputs/foundation_models/tasks/chronos_bolt/univariate/SG_PM25/H/long/run_0

============================================================
All experiments completed!
Results saved to: /scratch/users/h61084/codes/improved/outputs/foundation_models/tasks
============================================================

############################################################
# All datasets completed!
############################################################

############################################################
# Dataset 1/1: NE_China_Wind/H
############################################################
Loading configuration...

============================================================
Dataset: NE_China_Wind/H
Model: amazon/chronos-bolt-base
Terms: ['short', 'medium', 'long']
============================================================
Loading Chronos-Bolt model: amazon/chronos-bolt-base from /fslarge/scratch/users/h61084/weights/chronos-bolt-base...

--- Term: short ---
  Config: prediction_length=24, test_length=720, val_length=720
  Dataset info:
    - Frequency: H
    - Num series: 1
    - Target dim: 4
    - Target mode: univariate
    - Series length: min=8764, max=8764, avg=8764.0
    - Test split: 720 steps
    - Prediction length: 24
    - Windows: 30
TIME run allocation action=new run=/fslarge/scratch/users/h61084/codes/improved/outputs/foundation_models/tasks/chronos_bolt/univariate/NE_China_Wind/H/short/run_0 launch_id=selena_20260907T230635Z_3389 slurm_job_id=3221286 launched_at=2026-09-07T23:15:34.368478+00:00
  Preparing input batches from Test split data...
    Total instances to forecast: 120
  Running predictions (Batch size: 16)...
    Total instances: 120, Series during experiment: 4, Windows: 30
    Collecting ground truth and context...
    Detected to_univariate case: 4 flat series -> 1 series x 4 variates
    Organizing data into arrays...
    Saved predictions (quantiles) to /fslarge/scratch/users/h61084/codes/improved/outputs/foundation_models/tasks/chronos_bolt/univariate/NE_China_Wind/H/short/run_0/predictions.npz
    Computing per-window metrics...
    Saved metrics to /fslarge/scratch/users/h61084/codes/improved/outputs/foundation_models/tasks/chronos_bolt/univariate/NE_China_Wind/H/short/run_0/metrics.npz
    Saved config to /fslarge/scratch/users/h61084/codes/improved/outputs/foundation_models/tasks/chronos_bolt/univariate/NE_China_Wind/H/short/run_0/config.json
    Saved aggregate metrics to /fslarge/scratch/users/h61084/codes/improved/outputs/foundation_models/tasks/chronos_bolt/univariate/NE_China_Wind/H/short/run_0/metrics_summary.json
    Metrics summary (averaged over all series/windows/variates):
      MSE: 0.1024
      MAE: 0.2177
      RMSE: 0.2547
      MAPE: 0.8341
      sMAPE: 0.4933
      MASE: 0.5333
      ND: 0.4345
      CRPS: 0.3381
  Output: /fslarge/scratch/users/h61084/codes/improved/outputs/foundation_models/tasks/chronos_bolt/univariate/NE_China_Wind/H/short/run_0

--- Term: medium ---
  Config: prediction_length=72, test_length=720, val_length=720
  Dataset info:
    - Frequency: H
    - Num series: 1
    - Target dim: 4
    - Target mode: univariate
    - Series length: min=8764, max=8764, avg=8764.0
    - Test split: 720 steps
    - Prediction length: 72
    - Windows: 10
TIME run allocation action=new run=/fslarge/scratch/users/h61084/codes/improved/outputs/foundation_models/tasks/chronos_bolt/univariate/NE_China_Wind/H/medium/run_0 launch_id=selena_20260907T230635Z_3389 slurm_job_id=3221286 launched_at=2026-09-07T23:15:34.837980+00:00
  Preparing input batches from Test split data...
    Total instances to forecast: 40
  Running predictions (Batch size: 16)...
    Total instances: 40, Series during experiment: 4, Windows: 10
    Collecting ground truth and context...
    Detected to_univariate case: 4 flat series -> 1 series x 4 variates
    Organizing data into arrays...
    Saved predictions (quantiles) to /fslarge/scratch/users/h61084/codes/improved/outputs/foundation_models/tasks/chronos_bolt/univariate/NE_China_Wind/H/medium/run_0/predictions.npz
    Computing per-window metrics...
    Saved metrics to /fslarge/scratch/users/h61084/codes/improved/outputs/foundation_models/tasks/chronos_bolt/univariate/NE_China_Wind/H/medium/run_0/metrics.npz
    Saved config to /fslarge/scratch/users/h61084/codes/improved/outputs/foundation_models/tasks/chronos_bolt/univariate/NE_China_Wind/H/medium/run_0/config.json
    Saved aggregate metrics to /fslarge/scratch/users/h61084/codes/improved/outputs/foundation_models/tasks/chronos_bolt/univariate/NE_China_Wind/H/medium/run_0/metrics_summary.json
    Metrics summary (averaged over all series/windows/variates):
      MSE: 0.2650
      MAE: 0.3702
      RMSE: 0.4323
      MAPE: 0.8880
      sMAPE: 0.7226
      MASE: 0.9417
      ND: 0.5539
      CRPS: 0.4487
  Output: /fslarge/scratch/users/h61084/codes/improved/outputs/foundation_models/tasks/chronos_bolt/univariate/NE_China_Wind/H/medium/run_0

--- Term: long ---
  Config: prediction_length=168, test_length=720, val_length=720
  Dataset info:
    - Frequency: H
    - Num series: 1
    - Target dim: 4
    - Target mode: univariate
    - Series length: min=8764, max=8764, avg=8764.0
    - Test split: 720 steps
    - Prediction length: 168
    - Windows: 4
TIME run allocation action=new run=/fslarge/scratch/users/h61084/codes/improved/outputs/foundation_models/tasks/chronos_bolt/univariate/NE_China_Wind/H/long/run_0 launch_id=selena_20260907T230635Z_3389 slurm_job_id=3221286 launched_at=2026-09-07T23:15:35.303977+00:00
  Preparing input batches from Test split data...
    Total instances to forecast: 16
  Running predictions (Batch size: 16)...
    Total instances: 16, Series during experiment: 4, Windows: 4
    Collecting ground truth and context...
    Detected to_univariate case: 4 flat series -> 1 series x 4 variates
    Organizing data into arrays...
    Saved predictions (quantiles) to /fslarge/scratch/users/h61084/codes/improved/outputs/foundation_models/tasks/chronos_bolt/univariate/NE_China_Wind/H/long/run_0/predictions.npz
    Computing per-window metrics...
    Saved metrics to /fslarge/scratch/users/h61084/codes/improved/outputs/foundation_models/tasks/chronos_bolt/univariate/NE_China_Wind/H/long/run_0/metrics.npz
    Saved config to /fslarge/scratch/users/h61084/codes/improved/outputs/foundation_models/tasks/chronos_bolt/univariate/NE_China_Wind/H/long/run_0/config.json
    Saved aggregate metrics to /fslarge/scratch/users/h61084/codes/improved/outputs/foundation_models/tasks/chronos_bolt/univariate/NE_China_Wind/H/long/run_0/metrics_summary.json
    Metrics summary (averaged over all series/windows/variates):
      MSE: 0.3511
      MAE: 0.4531
      RMSE: 0.5548
      MAPE: 1.0509
      sMAPE: 0.8280
      MASE: 1.2606
      ND: 0.6125
      CRPS: 0.4906
  Output: /fslarge/scratch/users/h61084/codes/improved/outputs/foundation_models/tasks/chronos_bolt/univariate/NE_China_Wind/H/long/run_0

============================================================
All experiments completed!
Results saved to: /scratch/users/h61084/codes/improved/outputs/foundation_models/tasks
============================================================

############################################################
# All datasets completed!
############################################################

############################################################
# Dataset 1/1: Australia_Solar/H
############################################################
Loading configuration...

============================================================
Dataset: Australia_Solar/H
Model: amazon/chronos-bolt-base
Terms: ['short', 'medium', 'long']
============================================================
Loading Chronos-Bolt model: amazon/chronos-bolt-base from /fslarge/scratch/users/h61084/weights/chronos-bolt-base...

--- Term: short ---
  Config: prediction_length=24, test_length=2520, val_length=2520
  Dataset info:
    - Frequency: H
    - Num series: 1
    - Target dim: 3
    - Target mode: univariate
    - Series length: min=35064, max=35064, avg=35064.0
    - Test split: 2520 steps
    - Prediction length: 24
    - Windows: 105
TIME run allocation action=new run=/fslarge/scratch/users/h61084/codes/improved/outputs/foundation_models/tasks/chronos_bolt/univariate/Australia_Solar/H/short/run_0 launch_id=selena_20260907T230635Z_3389 slurm_job_id=3221286 launched_at=2026-09-07T23:15:44.591284+00:00
  Preparing input batches from Test split data...
    Total instances to forecast: 315
  Running predictions (Batch size: 16)...
    Processed 160/315...
    Processed 315/315...
    Total instances: 315, Series during experiment: 3, Windows: 105
    Collecting ground truth and context...
    Detected to_univariate case: 3 flat series -> 1 series x 3 variates
    Organizing data into arrays...
    ⚠️  Predictions max value (2011714.62) exceeds float16 safe range.
    ⚠️  Applying scale factor: 100 (values will be divided)
    Saved predictions (quantiles) to /fslarge/scratch/users/h61084/codes/improved/outputs/foundation_models/tasks/chronos_bolt/univariate/Australia_Solar/H/short/run_0/predictions.npz
    Computing per-window metrics...
    Saved metrics to /fslarge/scratch/users/h61084/codes/improved/outputs/foundation_models/tasks/chronos_bolt/univariate/Australia_Solar/H/short/run_0/metrics.npz
    Saved config to /fslarge/scratch/users/h61084/codes/improved/outputs/foundation_models/tasks/chronos_bolt/univariate/Australia_Solar/H/short/run_0/config.json
    Saved aggregate metrics to /fslarge/scratch/users/h61084/codes/improved/outputs/foundation_models/tasks/chronos_bolt/univariate/Australia_Solar/H/short/run_0/metrics_summary.json
    Metrics summary (averaged over all series/windows/variates):
      MSE: 24319664550.3708
      MAE: 79146.9292
      RMSE: 103897.6770
      MAPE: 84.3251
      sMAPE: 0.5580
      MASE: 1.1027
      ND: 0.3368
      CRPS: 0.2716
  Output: /fslarge/scratch/users/h61084/codes/improved/outputs/foundation_models/tasks/chronos_bolt/univariate/Australia_Solar/H/short/run_0

--- Term: medium ---
  Config: prediction_length=72, test_length=2520, val_length=2520
  Dataset info:
    - Frequency: H
    - Num series: 1
    - Target dim: 3
    - Target mode: univariate
    - Series length: min=35064, max=35064, avg=35064.0
    - Test split: 2520 steps
    - Prediction length: 72
    - Windows: 35
TIME run allocation action=new run=/fslarge/scratch/users/h61084/codes/improved/outputs/foundation_models/tasks/chronos_bolt/univariate/Australia_Solar/H/medium/run_0 launch_id=selena_20260907T230635Z_3389 slurm_job_id=3221286 launched_at=2026-09-07T23:15:45.401995+00:00
  Preparing input batches from Test split data...
    Total instances to forecast: 105
  Running predictions (Batch size: 16)...
    Total instances: 105, Series during experiment: 3, Windows: 35
    Collecting ground truth and context...
    Detected to_univariate case: 3 flat series -> 1 series x 3 variates
    Organizing data into arrays...
    ⚠️  Predictions max value (2082131.25) exceeds float16 safe range.
    ⚠️  Applying scale factor: 100 (values will be divided)
    Saved predictions (quantiles) to /fslarge/scratch/users/h61084/codes/improved/outputs/foundation_models/tasks/chronos_bolt/univariate/Australia_Solar/H/medium/run_0/predictions.npz
    Computing per-window metrics...
    Saved metrics to /fslarge/scratch/users/h61084/codes/improved/outputs/foundation_models/tasks/chronos_bolt/univariate/Australia_Solar/H/medium/run_0/metrics.npz
    Saved config to /fslarge/scratch/users/h61084/codes/improved/outputs/foundation_models/tasks/chronos_bolt/univariate/Australia_Solar/H/medium/run_0/config.json
    Saved aggregate metrics to /fslarge/scratch/users/h61084/codes/improved/outputs/foundation_models/tasks/chronos_bolt/univariate/Australia_Solar/H/medium/run_0/metrics_summary.json
    Metrics summary (averaged over all series/windows/variates):
      MSE: 25772969698.9003
      MAE: 82552.6843
      RMSE: 122263.7341
      MAPE: 84.2986
      sMAPE: 0.5705
      MASE: 1.1873
      ND: 0.3012
      CRPS: 0.2406
  Output: /fslarge/scratch/users/h61084/codes/improved/outputs/foundation_models/tasks/chronos_bolt/univariate/Australia_Solar/H/medium/run_0

--- Term: long ---
  Config: prediction_length=168, test_length=2520, val_length=2520
  Dataset info:
    - Frequency: H
    - Num series: 1
    - Target dim: 3
    - Target mode: univariate
    - Series length: min=35064, max=35064, avg=35064.0
    - Test split: 2520 steps
    - Prediction length: 168
    - Windows: 15
TIME run allocation action=new run=/fslarge/scratch/users/h61084/codes/improved/outputs/foundation_models/tasks/chronos_bolt/univariate/Australia_Solar/H/long/run_0 launch_id=selena_20260907T230635Z_3389 slurm_job_id=3221286 launched_at=2026-09-07T23:15:46.569648+00:00
  Preparing input batches from Test split data...
    Total instances to forecast: 45
  Running predictions (Batch size: 16)...
    Total instances: 45, Series during experiment: 3, Windows: 15
    Collecting ground truth and context...
    Detected to_univariate case: 3 flat series -> 1 series x 3 variates
    Organizing data into arrays...
    ⚠️  Predictions max value (2030222.00) exceeds float16 safe range.
    ⚠️  Applying scale factor: 100 (values will be divided)
    Saved predictions (quantiles) to /fslarge/scratch/users/h61084/codes/improved/outputs/foundation_models/tasks/chronos_bolt/univariate/Australia_Solar/H/long/run_0/predictions.npz
    Computing per-window metrics...
    Saved metrics to /fslarge/scratch/users/h61084/codes/improved/outputs/foundation_models/tasks/chronos_bolt/univariate/Australia_Solar/H/long/run_0/metrics.npz
    Saved config to /fslarge/scratch/users/h61084/codes/improved/outputs/foundation_models/tasks/chronos_bolt/univariate/Australia_Solar/H/long/run_0/config.json
    Saved aggregate metrics to /fslarge/scratch/users/h61084/codes/improved/outputs/foundation_models/tasks/chronos_bolt/univariate/Australia_Solar/H/long/run_0/metrics_summary.json
    Metrics summary (averaged over all series/windows/variates):
      MSE: 24593359652.9910
      MAE: 81252.4831
      RMSE: 125718.3052
      MAPE: 118.6876
      sMAPE: 0.5792
      MASE: 1.2014
      ND: 0.2758
      CRPS: 0.2228
  Output: /fslarge/scratch/users/h61084/codes/improved/outputs/foundation_models/tasks/chronos_bolt/univariate/Australia_Solar/H/long/run_0

============================================================
All experiments completed!
Results saved to: /scratch/users/h61084/codes/improved/outputs/foundation_models/tasks
============================================================

############################################################
# All datasets completed!
############################################################

############################################################
# Dataset 1/1: epf_electricity_price/H
############################################################
Loading configuration...

============================================================
Dataset: epf_electricity_price/H
Model: amazon/chronos-bolt-base
Terms: ['short', 'medium', 'long']
============================================================
Loading Chronos-Bolt model: amazon/chronos-bolt-base from /fslarge/scratch/users/h61084/weights/chronos-bolt-base...

--- Term: short ---
  Config: prediction_length=24, test_length=2520, val_length=2520
  Dataset info:
    - Frequency: H
    - Num series: 5
    - Target dim: 1
    - Target mode: univariate
    - Series length: min=52416, max=52416, avg=52416.0
    - Test split: 2520 steps
    - Prediction length: 24
    - Windows: 105
TIME run allocation action=new run=/fslarge/scratch/users/h61084/codes/improved/outputs/foundation_models/tasks/chronos_bolt/univariate/epf_electricity_price/H/short/run_0 launch_id=selena_20260907T230635Z_3389 slurm_job_id=3221286 launched_at=2026-09-07T23:15:56.248383+00:00
  Preparing input batches from Test split data...
    Total instances to forecast: 525
  Running predictions (Batch size: 16)...
    Processed 160/525...
    Processed 320/525...
    Processed 480/525...
    Total instances: 525, Series during experiment: 5, Windows: 105
    Collecting ground truth and context...
    Organizing data into arrays...
    Saved predictions (quantiles) to /fslarge/scratch/users/h61084/codes/improved/outputs/foundation_models/tasks/chronos_bolt/univariate/epf_electricity_price/H/short/run_0/predictions.npz
    Computing per-window metrics...
    Saved metrics to /fslarge/scratch/users/h61084/codes/improved/outputs/foundation_models/tasks/chronos_bolt/univariate/epf_electricity_price/H/short/run_0/metrics.npz
    Saved config to /fslarge/scratch/users/h61084/codes/improved/outputs/foundation_models/tasks/chronos_bolt/univariate/epf_electricity_price/H/short/run_0/config.json
    Saved aggregate metrics to /fslarge/scratch/users/h61084/codes/improved/outputs/foundation_models/tasks/chronos_bolt/univariate/epf_electricity_price/H/short/run_0/metrics_summary.json
    Metrics summary (averaged over all series/windows/variates):
      MSE: 126.7529
      MAE: 6.2887
      RMSE: 7.8819
      MAPE: 1.1943
      sMAPE: 0.1605
      MASE: 0.9865
      ND: 0.1631
      CRPS: 0.1305
  Output: /fslarge/scratch/users/h61084/codes/improved/outputs/foundation_models/tasks/chronos_bolt/univariate/epf_electricity_price/H/short/run_0

--- Term: medium ---
  Config: prediction_length=72, test_length=2520, val_length=2520
  Dataset info:
    - Frequency: H
    - Num series: 5
    - Target dim: 1
    - Target mode: univariate
    - Series length: min=52416, max=52416, avg=52416.0
    - Test split: 2520 steps
    - Prediction length: 72
    - Windows: 35
TIME run allocation action=new run=/fslarge/scratch/users/h61084/codes/improved/outputs/foundation_models/tasks/chronos_bolt/univariate/epf_electricity_price/H/medium/run_0 launch_id=selena_20260907T230635Z_3389 slurm_job_id=3221286 launched_at=2026-09-07T23:15:57.487973+00:00
  Preparing input batches from Test split data...
    Total instances to forecast: 175
  Running predictions (Batch size: 16)...
    Processed 160/175...
    Total instances: 175, Series during experiment: 5, Windows: 35
    Collecting ground truth and context...
    Organizing data into arrays...
    Saved predictions (quantiles) to /fslarge/scratch/users/h61084/codes/improved/outputs/foundation_models/tasks/chronos_bolt/univariate/epf_electricity_price/H/medium/run_0/predictions.npz
    Computing per-window metrics...
    Saved metrics to /fslarge/scratch/users/h61084/codes/improved/outputs/foundation_models/tasks/chronos_bolt/univariate/epf_electricity_price/H/medium/run_0/metrics.npz
    Saved config to /fslarge/scratch/users/h61084/codes/improved/outputs/foundation_models/tasks/chronos_bolt/univariate/epf_electricity_price/H/medium/run_0/config.json
    Saved aggregate metrics to /fslarge/scratch/users/h61084/codes/improved/outputs/foundation_models/tasks/chronos_bolt/univariate/epf_electricity_price/H/medium/run_0/metrics_summary.json
    Metrics summary (averaged over all series/windows/variates):
      MSE: 196.4117
      MAE: 7.8488
      RMSE: 10.3060
      MAPE: 1.6921
      sMAPE: 0.1945
      MASE: 1.2502
      ND: 0.1935
      CRPS: 0.1560
  Output: /fslarge/scratch/users/h61084/codes/improved/outputs/foundation_models/tasks/chronos_bolt/univariate/epf_electricity_price/H/medium/run_0

--- Term: long ---
  Config: prediction_length=168, test_length=2520, val_length=2520
  Dataset info:
    - Frequency: H
    - Num series: 5
    - Target dim: 1
    - Target mode: univariate
    - Series length: min=52416, max=52416, avg=52416.0
    - Test split: 2520 steps
    - Prediction length: 168
    - Windows: 15
TIME run allocation action=new run=/fslarge/scratch/users/h61084/codes/improved/outputs/foundation_models/tasks/chronos_bolt/univariate/epf_electricity_price/H/long/run_0 launch_id=selena_20260907T230635Z_3389 slurm_job_id=3221286 launched_at=2026-09-07T23:15:59.427177+00:00
  Preparing input batches from Test split data...
    Total instances to forecast: 75
  Running predictions (Batch size: 16)...
    Total instances: 75, Series during experiment: 5, Windows: 15
    Collecting ground truth and context...
    Organizing data into arrays...
    Saved predictions (quantiles) to /fslarge/scratch/users/h61084/codes/improved/outputs/foundation_models/tasks/chronos_bolt/univariate/epf_electricity_price/H/long/run_0/predictions.npz
    Computing per-window metrics...
    Saved metrics to /fslarge/scratch/users/h61084/codes/improved/outputs/foundation_models/tasks/chronos_bolt/univariate/epf_electricity_price/H/long/run_0/metrics.npz
    Saved config to /fslarge/scratch/users/h61084/codes/improved/outputs/foundation_models/tasks/chronos_bolt/univariate/epf_electricity_price/H/long/run_0/config.json
    Saved aggregate metrics to /fslarge/scratch/users/h61084/codes/improved/outputs/foundation_models/tasks/chronos_bolt/univariate/epf_electricity_price/H/long/run_0/metrics_summary.json
    Metrics summary (averaged over all series/windows/variates):
      MSE: 241.9496
      MAE: 9.0736
      RMSE: 12.4090
      MAPE: 1.6789
      sMAPE: 0.2250
      MASE: 1.4696
      ND: 0.2150
      CRPS: 0.1742
  Output: /fslarge/scratch/users/h61084/codes/improved/outputs/foundation_models/tasks/chronos_bolt/univariate/epf_electricity_price/H/long/run_0

============================================================
All experiments completed!
Results saved to: /scratch/users/h61084/codes/improved/outputs/foundation_models/tasks
============================================================

############################################################
# All datasets completed!
############################################################

############################################################
# Dataset 1/1: OpenElectricity_NEM/5T
############################################################
Loading configuration...

============================================================
Dataset: OpenElectricity_NEM/5T
Model: amazon/chronos-bolt-base
Terms: ['short', 'medium', 'long']
============================================================
Loading Chronos-Bolt model: amazon/chronos-bolt-base from /fslarge/scratch/users/h61084/weights/chronos-bolt-base...

--- Term: short ---
  Config: prediction_length=24, test_length=4032, val_length=4032
  Dataset info:
    - Frequency: 5T
    - Num series: 1
    - Target dim: 10
    - Target mode: univariate
    - Series length: min=43488, max=43488, avg=43488.0
    - Test split: 4032 steps
    - Prediction length: 24
    - Windows: 168
TIME run allocation action=new run=/fslarge/scratch/users/h61084/codes/improved/outputs/foundation_models/tasks/chronos_bolt/univariate/OpenElectricity_NEM/5T/short/run_0 launch_id=selena_20260907T230635Z_3389 slurm_job_id=3221286 launched_at=2026-09-07T23:16:10.012941+00:00
  Preparing input batches from Test split data...
    Total instances to forecast: 1680
  Running predictions (Batch size: 16)...
    Processed 160/1680...
    Processed 320/1680...
    Processed 480/1680...
    Processed 640/1680...
    Processed 800/1680...
    Processed 960/1680...
    Processed 1120/1680...
    Processed 1280/1680...
    Processed 1440/1680...
    Processed 1600/1680...
    Total instances: 1680, Series during experiment: 10, Windows: 168
    Collecting ground truth and context...
    Detected to_univariate case: 10 flat series -> 1 series x 10 variates
    Organizing data into arrays...
    Saved predictions (quantiles) to /fslarge/scratch/users/h61084/codes/improved/outputs/foundation_models/tasks/chronos_bolt/univariate/OpenElectricity_NEM/5T/short/run_0/predictions.npz
    Computing per-window metrics...
    Saved metrics to /fslarge/scratch/users/h61084/codes/improved/outputs/foundation_models/tasks/chronos_bolt/univariate/OpenElectricity_NEM/5T/short/run_0/metrics.npz
    Saved config to /fslarge/scratch/users/h61084/codes/improved/outputs/foundation_models/tasks/chronos_bolt/univariate/OpenElectricity_NEM/5T/short/run_0/config.json
    Saved aggregate metrics to /fslarge/scratch/users/h61084/codes/improved/outputs/foundation_models/tasks/chronos_bolt/univariate/OpenElectricity_NEM/5T/short/run_0/metrics_summary.json
    Metrics summary (averaged over all series/windows/variates):
      MSE: 14827.2294
      MAE: 64.8012
      RMSE: 75.2163
      MAPE: 3.8644
      sMAPE: 0.1772
      MASE: 0.4593
      ND: 0.1687
      CRPS: 0.1372
  Output: /fslarge/scratch/users/h61084/codes/improved/outputs/foundation_models/tasks/chronos_bolt/univariate/OpenElectricity_NEM/5T/short/run_0

--- Term: medium ---
  Config: prediction_length=96, test_length=4032, val_length=4032
  Dataset info:
    - Frequency: 5T
    - Num series: 1
    - Target dim: 10
    - Target mode: univariate
    - Series length: min=43488, max=43488, avg=43488.0
    - Test split: 4032 steps
    - Prediction length: 96
    - Windows: 42
TIME run allocation action=new run=/fslarge/scratch/users/h61084/codes/improved/outputs/foundation_models/tasks/chronos_bolt/univariate/OpenElectricity_NEM/5T/medium/run_0 launch_id=selena_20260907T230635Z_3389 slurm_job_id=3221286 launched_at=2026-09-07T23:16:13.326089+00:00
  Preparing input batches from Test split data...
    Total instances to forecast: 420
  Running predictions (Batch size: 16)...
    Processed 160/420...
    Processed 320/420...
    Total instances: 420, Series during experiment: 10, Windows: 42
    Collecting ground truth and context...
    Detected to_univariate case: 10 flat series -> 1 series x 10 variates
    Organizing data into arrays...
    Saved predictions (quantiles) to /fslarge/scratch/users/h61084/codes/improved/outputs/foundation_models/tasks/chronos_bolt/univariate/OpenElectricity_NEM/5T/medium/run_0/predictions.npz
    Computing per-window metrics...
    Saved metrics to /fslarge/scratch/users/h61084/codes/improved/outputs/foundation_models/tasks/chronos_bolt/univariate/OpenElectricity_NEM/5T/medium/run_0/metrics.npz
    Saved config to /fslarge/scratch/users/h61084/codes/improved/outputs/foundation_models/tasks/chronos_bolt/univariate/OpenElectricity_NEM/5T/medium/run_0/config.json
    Saved aggregate metrics to /fslarge/scratch/users/h61084/codes/improved/outputs/foundation_models/tasks/chronos_bolt/univariate/OpenElectricity_NEM/5T/medium/run_0/metrics_summary.json
    Metrics summary (averaged over all series/windows/variates):
      MSE: 64592.1884
      MAE: 121.2493
      RMSE: 148.6895
      MAPE: 6.1688
      sMAPE: 0.2385
      MASE: 0.7173
      ND: 0.2411
      CRPS: 0.1958
  Output: /fslarge/scratch/users/h61084/codes/improved/outputs/foundation_models/tasks/chronos_bolt/univariate/OpenElectricity_NEM/5T/medium/run_0

--- Term: long ---
  Config: prediction_length=288, test_length=4032, val_length=4032
  Dataset info:
    - Frequency: 5T
    - Num series: 1
    - Target dim: 10
    - Target mode: univariate
    - Series length: min=43488, max=43488, avg=43488.0
    - Test split: 4032 steps
    - Prediction length: 288
    - Windows: 14
TIME run allocation action=new run=/fslarge/scratch/users/h61084/codes/improved/outputs/foundation_models/tasks/chronos_bolt/univariate/OpenElectricity_NEM/5T/long/run_0 launch_id=selena_20260907T230635Z_3389 slurm_job_id=3221286 launched_at=2026-09-07T23:16:17.958145+00:00
  Preparing input batches from Test split data...
    Total instances to forecast: 140
  Running predictions (Batch size: 16)...
    Total instances: 140, Series during experiment: 10, Windows: 14
    Collecting ground truth and context...
    Detected to_univariate case: 10 flat series -> 1 series x 10 variates
    Organizing data into arrays...
    Saved predictions (quantiles) to /fslarge/scratch/users/h61084/codes/improved/outputs/foundation_models/tasks/chronos_bolt/univariate/OpenElectricity_NEM/5T/long/run_0/predictions.npz
    Computing per-window metrics...
    Saved metrics to /fslarge/scratch/users/h61084/codes/improved/outputs/foundation_models/tasks/chronos_bolt/univariate/OpenElectricity_NEM/5T/long/run_0/metrics.npz
    Saved config to /fslarge/scratch/users/h61084/codes/improved/outputs/foundation_models/tasks/chronos_bolt/univariate/OpenElectricity_NEM/5T/long/run_0/config.json
    Saved aggregate metrics to /fslarge/scratch/users/h61084/codes/improved/outputs/foundation_models/tasks/chronos_bolt/univariate/OpenElectricity_NEM/5T/long/run_0/metrics_summary.json
    Metrics summary (averaged over all series/windows/variates):
      MSE: 83413.1905
      MAE: 147.8150
      RMSE: 189.0113
      MAPE: 5.1860
      sMAPE: 0.3021
      MASE: 0.8973
      ND: 0.2679
      CRPS: 0.2163
  Output: /fslarge/scratch/users/h61084/codes/improved/outputs/foundation_models/tasks/chronos_bolt/univariate/OpenElectricity_NEM/5T/long/run_0

============================================================
All experiments completed!
Results saved to: /scratch/users/h61084/codes/improved/outputs/foundation_models/tasks
============================================================

############################################################
# All datasets completed!
############################################################

############################################################
# Dataset 1/1: EWELD_Load/15T
############################################################
Loading configuration...

============================================================
Dataset: EWELD_Load/15T
Model: amazon/chronos-bolt-base
Terms: ['short', 'medium', 'long']
============================================================
Loading Chronos-Bolt model: amazon/chronos-bolt-base from /fslarge/scratch/users/h61084/weights/chronos-bolt-base...

--- Term: short ---
  Config: prediction_length=24, test_length=1344, val_length=1344
  Dataset info:
    - Frequency: 15T
    - Num series: 1
    - Target dim: 10
    - Target mode: univariate
    - Series length: min=20544, max=20544, avg=20544.0
    - Test split: 1344 steps
    - Prediction length: 24
    - Windows: 56
TIME run allocation action=new run=/fslarge/scratch/users/h61084/codes/improved/outputs/foundation_models/tasks/chronos_bolt/univariate/EWELD_Load/15T/short/run_0 launch_id=selena_20260907T230635Z_3389 slurm_job_id=3221286 launched_at=2026-09-07T23:16:32.177377+00:00
  Preparing input batches from Test split data...
    Total instances to forecast: 560
  Running predictions (Batch size: 16)...
    Processed 160/560...
    Processed 320/560...
    Processed 480/560...
    Total instances: 560, Series during experiment: 10, Windows: 56
    Collecting ground truth and context...
    Detected to_univariate case: 10 flat series -> 1 series x 10 variates
    Organizing data into arrays...
    Saved predictions (quantiles) to /fslarge/scratch/users/h61084/codes/improved/outputs/foundation_models/tasks/chronos_bolt/univariate/EWELD_Load/15T/short/run_0/predictions.npz
    Computing per-window metrics...
    Saved metrics to /fslarge/scratch/users/h61084/codes/improved/outputs/foundation_models/tasks/chronos_bolt/univariate/EWELD_Load/15T/short/run_0/metrics.npz
    Saved config to /fslarge/scratch/users/h61084/codes/improved/outputs/foundation_models/tasks/chronos_bolt/univariate/EWELD_Load/15T/short/run_0/config.json
    Saved aggregate metrics to /fslarge/scratch/users/h61084/codes/improved/outputs/foundation_models/tasks/chronos_bolt/univariate/EWELD_Load/15T/short/run_0/metrics_summary.json
    Metrics summary (averaged over all series/windows/variates):
      MSE: 1147.2521
      MAE: 13.1730
      RMSE: 16.5028
      MAPE: 0.3457
      sMAPE: 0.2953
      MASE: 0.5702
      ND: 0.3824
      CRPS: 0.3532
  Output: /fslarge/scratch/users/h61084/codes/improved/outputs/foundation_models/tasks/chronos_bolt/univariate/EWELD_Load/15T/short/run_0

--- Term: medium ---
  Config: prediction_length=96, test_length=1344, val_length=1344
  Dataset info:
    - Frequency: 15T
    - Num series: 1
    - Target dim: 10
    - Target mode: univariate
    - Series length: min=20544, max=20544, avg=20544.0
    - Test split: 1344 steps
    - Prediction length: 96
    - Windows: 14
TIME run allocation action=new run=/fslarge/scratch/users/h61084/codes/improved/outputs/foundation_models/tasks/chronos_bolt/univariate/EWELD_Load/15T/medium/run_0 launch_id=selena_20260907T230635Z_3389 slurm_job_id=3221286 launched_at=2026-09-07T23:16:33.393446+00:00
  Preparing input batches from Test split data...
    Total instances to forecast: 140
  Running predictions (Batch size: 16)...
    Total instances: 140, Series during experiment: 10, Windows: 14
    Collecting ground truth and context...
    Detected to_univariate case: 10 flat series -> 1 series x 10 variates
    Organizing data into arrays...
    Saved predictions (quantiles) to /fslarge/scratch/users/h61084/codes/improved/outputs/foundation_models/tasks/chronos_bolt/univariate/EWELD_Load/15T/medium/run_0/predictions.npz
    Computing per-window metrics...
    Saved metrics to /fslarge/scratch/users/h61084/codes/improved/outputs/foundation_models/tasks/chronos_bolt/univariate/EWELD_Load/15T/medium/run_0/metrics.npz
    Saved config to /fslarge/scratch/users/h61084/codes/improved/outputs/foundation_models/tasks/chronos_bolt/univariate/EWELD_Load/15T/medium/run_0/config.json
    Saved aggregate metrics to /fslarge/scratch/users/h61084/codes/improved/outputs/foundation_models/tasks/chronos_bolt/univariate/EWELD_Load/15T/medium/run_0/metrics_summary.json
    Metrics summary (averaged over all series/windows/variates):
      MSE: 1284.3564
      MAE: 14.8336
      RMSE: 19.5553
      MAPE: 0.3850
      sMAPE: 0.3212
      MASE: 0.6762
      ND: 0.2255
      CRPS: 0.1811
  Output: /fslarge/scratch/users/h61084/codes/improved/outputs/foundation_models/tasks/chronos_bolt/univariate/EWELD_Load/15T/medium/run_0

--- Term: long ---
  Config: prediction_length=672, test_length=1344, val_length=1344
  Dataset info:
    - Frequency: 15T
    - Num series: 1
    - Target dim: 10
    - Target mode: univariate
    - Series length: min=20544, max=20544, avg=20544.0
    - Test split: 1344 steps
    - Prediction length: 672
    - Windows: 2
TIME run allocation action=new run=/fslarge/scratch/users/h61084/codes/improved/outputs/foundation_models/tasks/chronos_bolt/univariate/EWELD_Load/15T/long/run_0 launch_id=selena_20260907T230635Z_3389 slurm_job_id=3221286 launched_at=2026-09-07T23:16:34.955990+00:00
  Preparing input batches from Test split data...
    Total instances to forecast: 20
  Running predictions (Batch size: 16)...
    Total instances: 20, Series during experiment: 10, Windows: 2
    Collecting ground truth and context...
    Detected to_univariate case: 10 flat series -> 1 series x 10 variates
    Organizing data into arrays...
    Saved predictions (quantiles) to /fslarge/scratch/users/h61084/codes/improved/outputs/foundation_models/tasks/chronos_bolt/univariate/EWELD_Load/15T/long/run_0/predictions.npz
    Computing per-window metrics...
    Saved metrics to /fslarge/scratch/users/h61084/codes/improved/outputs/foundation_models/tasks/chronos_bolt/univariate/EWELD_Load/15T/long/run_0/metrics.npz
    Saved config to /fslarge/scratch/users/h61084/codes/improved/outputs/foundation_models/tasks/chronos_bolt/univariate/EWELD_Load/15T/long/run_0/config.json
    Saved aggregate metrics to /fslarge/scratch/users/h61084/codes/improved/outputs/foundation_models/tasks/chronos_bolt/univariate/EWELD_Load/15T/long/run_0/metrics_summary.json
    Metrics summary (averaged over all series/windows/variates):
      MSE: 1397.1484
      MAE: 15.8503
      RMSE: 21.1440
      MAPE: 0.4748
      sMAPE: 0.3647
      MASE: 0.7765
      ND: 0.2426
      CRPS: 0.1999
  Output: /fslarge/scratch/users/h61084/codes/improved/outputs/foundation_models/tasks/chronos_bolt/univariate/EWELD_Load/15T/long/run_0

============================================================
All experiments completed!
Results saved to: /scratch/users/h61084/codes/improved/outputs/foundation_models/tasks
============================================================

############################################################
# All datasets completed!
############################################################

############################################################
# Dataset 1/1: SG_Carpark/15T
############################################################
Loading configuration...

============================================================
Dataset: SG_Carpark/15T
Model: amazon/chronos-bolt-base
Terms: ['short', 'medium', 'long']
============================================================
Loading Chronos-Bolt model: amazon/chronos-bolt-base from /fslarge/scratch/users/h61084/weights/chronos-bolt-base...

--- Term: short ---
  Config: prediction_length=16, test_length=672, val_length=672
  Dataset info:
    - Frequency: 15T
    - Num series: 354
    - Target dim: 1
    - Target mode: univariate
    - Series length: min=14495, max=14495, avg=14495.0
    - Test split: 672 steps
    - Prediction length: 16
    - Windows: 42
TIME run allocation action=new run=/fslarge/scratch/users/h61084/codes/improved/outputs/foundation_models/tasks/chronos_bolt/univariate/SG_Carpark/15T/short/run_0 launch_id=selena_20260907T230635Z_3389 slurm_job_id=3221286 launched_at=2026-09-07T23:16:46.081933+00:00
  Preparing input batches from Test split data...
    Total instances to forecast: 14868
  Running predictions (Batch size: 16)...
    Processed 160/14868...
    Processed 320/14868...
    Processed 480/14868...
    Processed 640/14868...
    Processed 800/14868...
    Processed 960/14868...
    Processed 1120/14868...
    Processed 1280/14868...
    Processed 1440/14868...
    Processed 1600/14868...
    Processed 1760/14868...
    Processed 1920/14868...
    Processed 2080/14868...
    Processed 2240/14868...
    Processed 2400/14868...
    Processed 2560/14868...
    Processed 2720/14868...
    Processed 2880/14868...
    Processed 3040/14868...
    Processed 3200/14868...
    Processed 3360/14868...
    Processed 3520/14868...
    Processed 3680/14868...
    Processed 3840/14868...
    Processed 4000/14868...
    Processed 4160/14868...
    Processed 4320/14868...
    Processed 4480/14868...
    Processed 4640/14868...
    Processed 4800/14868...
    Processed 4960/14868...
    Processed 5120/14868...
    Processed 5280/14868...
    Processed 5440/14868...
    Processed 5600/14868...
    Processed 5760/14868...
    Processed 5920/14868...
    Processed 6080/14868...
    Processed 6240/14868...
    Processed 6400/14868...
    Processed 6560/14868...
    Processed 6720/14868...
    Processed 6880/14868...
    Processed 7040/14868...
    Processed 7200/14868...
    Processed 7360/14868...
    Processed 7520/14868...
    Processed 7680/14868...
    Processed 7840/14868...
    Processed 8000/14868...
    Processed 8160/14868...
    Processed 8320/14868...
    Processed 8480/14868...
    Processed 8640/14868...
    Processed 8800/14868...
    Processed 8960/14868...
    Processed 9120/14868...
    Processed 9280/14868...
    Processed 9440/14868...
    Processed 9600/14868...
    Processed 9760/14868...
    Processed 9920/14868...
    Processed 10080/14868...
    Processed 10240/14868...
    Processed 10400/14868...
    Processed 10560/14868...
    Processed 10720/14868...
    Processed 10880/14868...
    Processed 11040/14868...
    Processed 11200/14868...
    Processed 11360/14868...
    Processed 11520/14868...
    Processed 11680/14868...
    Processed 11840/14868...
    Processed 12000/14868...
    Processed 12160/14868...
    Processed 12320/14868...
    Processed 12480/14868...
    Processed 12640/14868...
    Processed 12800/14868...
    Processed 12960/14868...
    Processed 13120/14868...
    Processed 13280/14868...
    Processed 13440/14868...
    Processed 13600/14868...
    Processed 13760/14868...
    Processed 13920/14868...
    Processed 14080/14868...
    Processed 14240/14868...
    Processed 14400/14868...
    Processed 14560/14868...
    Processed 14720/14868...
    Processed 14868/14868...
    Total instances: 14868, Series during experiment: 354, Windows: 42
    Collecting ground truth and context...
    Organizing data into arrays...
    Saved predictions (quantiles) to /fslarge/scratch/users/h61084/codes/improved/outputs/foundation_models/tasks/chronos_bolt/univariate/SG_Carpark/15T/short/run_0/predictions.npz
    Computing per-window metrics...
    Saved metrics to /fslarge/scratch/users/h61084/codes/improved/outputs/foundation_models/tasks/chronos_bolt/univariate/SG_Carpark/15T/short/run_0/metrics.npz
    Saved config to /fslarge/scratch/users/h61084/codes/improved/outputs/foundation_models/tasks/chronos_bolt/univariate/SG_Carpark/15T/short/run_0/config.json
    Saved aggregate metrics to /fslarge/scratch/users/h61084/codes/improved/outputs/foundation_models/tasks/chronos_bolt/univariate/SG_Carpark/15T/short/run_0/metrics_summary.json
    Metrics summary (averaged over all series/windows/variates):
      MSE: 220.1618
      MAE: 5.9515
      RMSE: 7.4339
      MAPE: 0.0375
      sMAPE: 0.0474
      MASE: 0.4072
      ND: 0.0370
      CRPS: 0.0293
  Output: /fslarge/scratch/users/h61084/codes/improved/outputs/foundation_models/tasks/chronos_bolt/univariate/SG_Carpark/15T/short/run_0

--- Term: medium ---
  Config: prediction_length=96, test_length=672, val_length=672
  Dataset info:
    - Frequency: 15T
    - Num series: 354
    - Target dim: 1
    - Target mode: univariate
    - Series length: min=14495, max=14495, avg=14495.0
    - Test split: 672 steps
    - Prediction length: 96
    - Windows: 7
TIME run allocation action=new run=/fslarge/scratch/users/h61084/codes/improved/outputs/foundation_models/tasks/chronos_bolt/univariate/SG_Carpark/15T/medium/run_0 launch_id=selena_20260907T230635Z_3389 slurm_job_id=3221286 launched_at=2026-09-07T23:17:11.798647+00:00
  Preparing input batches from Test split data...
    Total instances to forecast: 2478
  Running predictions (Batch size: 16)...
    Processed 160/2478...
    Processed 320/2478...
    Processed 480/2478...
    Processed 640/2478...
    Processed 800/2478...
    Processed 960/2478...
    Processed 1120/2478...
    Processed 1280/2478...
    Processed 1440/2478...
    Processed 1600/2478...
    Processed 1760/2478...
    Processed 1920/2478...
    Processed 2080/2478...
    Processed 2240/2478...
    Processed 2400/2478...
    Total instances: 2478, Series during experiment: 354, Windows: 7
    Collecting ground truth and context...
    Organizing data into arrays...
    Saved predictions (quantiles) to /fslarge/scratch/users/h61084/codes/improved/outputs/foundation_models/tasks/chronos_bolt/univariate/SG_Carpark/15T/medium/run_0/predictions.npz
    Computing per-window metrics...
    Saved metrics to /fslarge/scratch/users/h61084/codes/improved/outputs/foundation_models/tasks/chronos_bolt/univariate/SG_Carpark/15T/medium/run_0/metrics.npz
    Saved config to /fslarge/scratch/users/h61084/codes/improved/outputs/foundation_models/tasks/chronos_bolt/univariate/SG_Carpark/15T/medium/run_0/config.json
    Saved aggregate metrics to /fslarge/scratch/users/h61084/codes/improved/outputs/foundation_models/tasks/chronos_bolt/univariate/SG_Carpark/15T/medium/run_0/metrics_summary.json
    Metrics summary (averaged over all series/windows/variates):
      MSE: 468.2439
      MAE: 9.2279
      RMSE: 12.4567
      MAPE: 0.0534
      sMAPE: 0.0614
      MASE: 0.6111
      ND: 0.0495
      CRPS: 0.0393
  Output: /fslarge/scratch/users/h61084/codes/improved/outputs/foundation_models/tasks/chronos_bolt/univariate/SG_Carpark/15T/medium/run_0

--- Term: long ---
  Config: prediction_length=672, test_length=672, val_length=672
  Dataset info:
    - Frequency: 15T
    - Num series: 354
    - Target dim: 1
    - Target mode: univariate
    - Series length: min=14495, max=14495, avg=14495.0
    - Test split: 672 steps
    - Prediction length: 672
    - Windows: 1
TIME run allocation action=new run=/fslarge/scratch/users/h61084/codes/improved/outputs/foundation_models/tasks/chronos_bolt/univariate/SG_Carpark/15T/long/run_0 launch_id=selena_20260907T230635Z_3389 slurm_job_id=3221286 launched_at=2026-09-07T23:17:38.517285+00:00
  Preparing input batches from Test split data...
    Total instances to forecast: 354
  Running predictions (Batch size: 16)...
    Processed 160/354...
    Processed 320/354...
    Total instances: 354, Series during experiment: 354, Windows: 1
    Collecting ground truth and context...
    Organizing data into arrays...
    Saved predictions (quantiles) to /fslarge/scratch/users/h61084/codes/improved/outputs/foundation_models/tasks/chronos_bolt/univariate/SG_Carpark/15T/long/run_0/predictions.npz
    Computing per-window metrics...
    Saved metrics to /fslarge/scratch/users/h61084/codes/improved/outputs/foundation_models/tasks/chronos_bolt/univariate/SG_Carpark/15T/long/run_0/metrics.npz
    Saved config to /fslarge/scratch/users/h61084/codes/improved/outputs/foundation_models/tasks/chronos_bolt/univariate/SG_Carpark/15T/long/run_0/config.json
    Saved aggregate metrics to /fslarge/scratch/users/h61084/codes/improved/outputs/foundation_models/tasks/chronos_bolt/univariate/SG_Carpark/15T/long/run_0/metrics_summary.json
    Metrics summary (averaged over all series/windows/variates):
      MSE: 999.9019
      MAE: 15.0763
      RMSE: 20.4363
      MAPE: 0.0832
      sMAPE: 0.0864
      MASE: 0.9706
      ND: 0.0794
      CRPS: 0.0665
  Output: /fslarge/scratch/users/h61084/codes/improved/outputs/foundation_models/tasks/chronos_bolt/univariate/SG_Carpark/15T/long/run_0

============================================================
All experiments completed!
Results saved to: /scratch/users/h61084/codes/improved/outputs/foundation_models/tasks
============================================================

############################################################
# All datasets completed!
############################################################

############################################################
# Dataset 1/1: Finland_Traffic/15T
############################################################
Loading configuration...

============================================================
Dataset: Finland_Traffic/15T
Model: amazon/chronos-bolt-base
Terms: ['short', 'medium', 'long']
============================================================
Loading Chronos-Bolt model: amazon/chronos-bolt-base from /fslarge/scratch/users/h61084/weights/chronos-bolt-base...

--- Term: short ---
  Config: prediction_length=16, test_length=2976, val_length=2880
  Dataset info:
    - Frequency: 15T
    - Num series: 1
    - Target dim: 1
    - Target mode: univariate
    - Series length: min=35136, max=35136, avg=35136.0
    - Test split: 2976 steps
    - Prediction length: 16
    - Windows: 186
TIME run allocation action=new run=/fslarge/scratch/users/h61084/codes/improved/outputs/foundation_models/tasks/chronos_bolt/univariate/Finland_Traffic/15T/short/run_0 launch_id=selena_20260907T230635Z_3389 slurm_job_id=3221286 launched_at=2026-09-07T23:18:21.713992+00:00
  Preparing input batches from Test split data...
    Total instances to forecast: 186
  Running predictions (Batch size: 16)...
    Processed 160/186...
    Total instances: 186, Series during experiment: 1, Windows: 186
    Collecting ground truth and context...
    Organizing data into arrays...
    Saved predictions (quantiles) to /fslarge/scratch/users/h61084/codes/improved/outputs/foundation_models/tasks/chronos_bolt/univariate/Finland_Traffic/15T/short/run_0/predictions.npz
    Computing per-window metrics...
    Saved metrics to /fslarge/scratch/users/h61084/codes/improved/outputs/foundation_models/tasks/chronos_bolt/univariate/Finland_Traffic/15T/short/run_0/metrics.npz
    Saved config to /fslarge/scratch/users/h61084/codes/improved/outputs/foundation_models/tasks/chronos_bolt/univariate/Finland_Traffic/15T/short/run_0/config.json
    Saved aggregate metrics to /fslarge/scratch/users/h61084/codes/improved/outputs/foundation_models/tasks/chronos_bolt/univariate/Finland_Traffic/15T/short/run_0/metrics_summary.json
    Metrics summary (averaged over all series/windows/variates):
      MSE: 886.2001
      MAE: 18.3162
      RMSE: 22.2846
      MAPE: 0.2285
      sMAPE: 0.2034
      MASE: 0.4453
      ND: 0.2109
      CRPS: 0.1714
  Output: /fslarge/scratch/users/h61084/codes/improved/outputs/foundation_models/tasks/chronos_bolt/univariate/Finland_Traffic/15T/short/run_0

--- Term: medium ---
  Config: prediction_length=96, test_length=2976, val_length=2880
  Dataset info:
    - Frequency: 15T
    - Num series: 1
    - Target dim: 1
    - Target mode: univariate
    - Series length: min=35136, max=35136, avg=35136.0
    - Test split: 2976 steps
    - Prediction length: 96
    - Windows: 31
TIME run allocation action=new run=/fslarge/scratch/users/h61084/codes/improved/outputs/foundation_models/tasks/chronos_bolt/univariate/Finland_Traffic/15T/medium/run_0 launch_id=selena_20260907T230635Z_3389 slurm_job_id=3221286 launched_at=2026-09-07T23:18:22.264360+00:00
  Preparing input batches from Test split data...
    Total instances to forecast: 31
  Running predictions (Batch size: 16)...
    Total instances: 31, Series during experiment: 1, Windows: 31
    Collecting ground truth and context...
    Organizing data into arrays...
    Saved predictions (quantiles) to /fslarge/scratch/users/h61084/codes/improved/outputs/foundation_models/tasks/chronos_bolt/univariate/Finland_Traffic/15T/medium/run_0/predictions.npz
    Computing per-window metrics...
    Saved metrics to /fslarge/scratch/users/h61084/codes/improved/outputs/foundation_models/tasks/chronos_bolt/univariate/Finland_Traffic/15T/medium/run_0/metrics.npz
    Saved config to /fslarge/scratch/users/h61084/codes/improved/outputs/foundation_models/tasks/chronos_bolt/univariate/Finland_Traffic/15T/medium/run_0/config.json
    Saved aggregate metrics to /fslarge/scratch/users/h61084/codes/improved/outputs/foundation_models/tasks/chronos_bolt/univariate/Finland_Traffic/15T/medium/run_0/metrics_summary.json
    Metrics summary (averaged over all series/windows/variates):
      MSE: 1548.3610
      MAE: 24.5482
      RMSE: 34.5191
      MAPE: 0.2860
      sMAPE: 0.2410
      MASE: 0.5967
      ND: 0.1971
      CRPS: 0.1578
  Output: /fslarge/scratch/users/h61084/codes/improved/outputs/foundation_models/tasks/chronos_bolt/univariate/Finland_Traffic/15T/medium/run_0

--- Term: long ---
  Config: prediction_length=672, test_length=2976, val_length=2880
  Dataset info:
    - Frequency: 15T
    - Num series: 1
    - Target dim: 1
    - Target mode: univariate
    - Series length: min=35136, max=35136, avg=35136.0
    - Test split: 2976 steps
    - Prediction length: 672
    - Windows: 4
TIME run allocation action=new run=/fslarge/scratch/users/h61084/codes/improved/outputs/foundation_models/tasks/chronos_bolt/univariate/Finland_Traffic/15T/long/run_0 launch_id=selena_20260907T230635Z_3389 slurm_job_id=3221286 launched_at=2026-09-07T23:18:22.638580+00:00
  Preparing input batches from Test split data...
    Total instances to forecast: 4
  Running predictions (Batch size: 16)...
    Total instances: 4, Series during experiment: 1, Windows: 4
    Collecting ground truth and context...
    Organizing data into arrays...
    Saved predictions (quantiles) to /fslarge/scratch/users/h61084/codes/improved/outputs/foundation_models/tasks/chronos_bolt/univariate/Finland_Traffic/15T/long/run_0/predictions.npz
    Computing per-window metrics...
    Saved metrics to /fslarge/scratch/users/h61084/codes/improved/outputs/foundation_models/tasks/chronos_bolt/univariate/Finland_Traffic/15T/long/run_0/metrics.npz
    Saved config to /fslarge/scratch/users/h61084/codes/improved/outputs/foundation_models/tasks/chronos_bolt/univariate/Finland_Traffic/15T/long/run_0/config.json
    Saved aggregate metrics to /fslarge/scratch/users/h61084/codes/improved/outputs/foundation_models/tasks/chronos_bolt/univariate/Finland_Traffic/15T/long/run_0/metrics_summary.json
    Metrics summary (averaged over all series/windows/variates):
      MSE: 1905.4599
      MAE: 26.2331
      RMSE: 41.0546
      MAPE: 0.3631
      sMAPE: 0.2460
      MASE: 0.6364
      ND: 0.2025
      CRPS: 0.1682
  Output: /fslarge/scratch/users/h61084/codes/improved/outputs/foundation_models/tasks/chronos_bolt/univariate/Finland_Traffic/15T/long/run_0

============================================================
All experiments completed!
Results saved to: /scratch/users/h61084/codes/improved/outputs/foundation_models/tasks
============================================================

############################################################
# All datasets completed!
############################################################

############################################################
# Dataset 1/1: Port_Activity/D
############################################################
Loading configuration...

============================================================
Dataset: Port_Activity/D
Model: amazon/chronos-bolt-base
Terms: ['short']
============================================================
Loading Chronos-Bolt model: amazon/chronos-bolt-base from /fslarge/scratch/users/h61084/weights/chronos-bolt-base...

--- Term: short ---
  Config: prediction_length=30, test_length=365, val_length=90
  Dataset info:
    - Frequency: D
    - Num series: 99
    - Target dim: 2
    - Target mode: univariate
    - Series length: min=2127, max=2127, avg=2127.0
    - Test split: 365 steps
    - Prediction length: 30
    - Windows: 12
TIME run allocation action=new run=/fslarge/scratch/users/h61084/codes/improved/outputs/foundation_models/tasks/chronos_bolt/univariate/Port_Activity/D/short/run_0 launch_id=selena_20260907T230635Z_3389 slurm_job_id=3221286 launched_at=2026-09-07T23:18:31.917801+00:00
  Preparing input batches from Test split data...
    Total instances to forecast: 2376
  Running predictions (Batch size: 16)...
    Processed 160/2376...
    Processed 320/2376...
    Processed 480/2376...
    Processed 640/2376...
    Processed 800/2376...
    Processed 960/2376...
    Processed 1120/2376...
    Processed 1280/2376...
    Processed 1440/2376...
    Processed 1600/2376...
    Processed 1760/2376...
    Processed 1920/2376...
    Processed 2080/2376...
    Processed 2240/2376...
    Total instances: 2376, Series during experiment: 198, Windows: 12
    Collecting ground truth and context...
    Detected to_univariate case: 198 flat series -> 99 series x 2 variates
    Organizing data into arrays...
    ⚠️  Predictions max value (541586.44) exceeds float16 safe range.
    ⚠️  Applying scale factor: 10 (values will be divided)
    Saved predictions (quantiles) to /fslarge/scratch/users/h61084/codes/improved/outputs/foundation_models/tasks/chronos_bolt/univariate/Port_Activity/D/short/run_0/predictions.npz
    Computing per-window metrics...
    Saved metrics to /fslarge/scratch/users/h61084/codes/improved/outputs/foundation_models/tasks/chronos_bolt/univariate/Port_Activity/D/short/run_0/metrics.npz
    Saved config to /fslarge/scratch/users/h61084/codes/improved/outputs/foundation_models/tasks/chronos_bolt/univariate/Port_Activity/D/short/run_0/config.json
    Saved aggregate metrics to /fslarge/scratch/users/h61084/codes/improved/outputs/foundation_models/tasks/chronos_bolt/univariate/Port_Activity/D/short/run_0/metrics_summary.json
    Metrics summary (averaged over all series/windows/variates):
      MSE: 957024305.3891
      MAE: 15456.3284
      RMSE: 21287.8250
      MAPE: 2.6430
      sMAPE: 0.9476
      MASE: 0.6620
      ND: 0.7475
      CRPS: 0.5995
  Output: /fslarge/scratch/users/h61084/codes/improved/outputs/foundation_models/tasks/chronos_bolt/univariate/Port_Activity/D/short/run_0

============================================================
All experiments completed!
Results saved to: /scratch/users/h61084/codes/improved/outputs/foundation_models/tasks
============================================================

############################################################
# All datasets completed!
############################################################

############################################################
# Dataset 1/1: Port_Activity/W
############################################################
Loading configuration...

============================================================
Dataset: Port_Activity/W
Model: amazon/chronos-bolt-base
Terms: ['short']
============================================================
Loading Chronos-Bolt model: amazon/chronos-bolt-base from /fslarge/scratch/users/h61084/weights/chronos-bolt-base...

--- Term: short ---
  Config: prediction_length=13, test_length=52, val_length=13
  Dataset info:
    - Frequency: W
    - Num series: 99
    - Target dim: 2
    - Target mode: univariate
    - Series length: min=304, max=304, avg=304.0
    - Test split: 52 steps
    - Prediction length: 13
    - Windows: 4
TIME run allocation action=new run=/fslarge/scratch/users/h61084/codes/improved/outputs/foundation_models/tasks/chronos_bolt/univariate/Port_Activity/W/short/run_0 launch_id=selena_20260907T230635Z_3389 slurm_job_id=3221286 launched_at=2026-09-07T23:18:45.020759+00:00
  Preparing input batches from Test split data...
    Total instances to forecast: 792
  Running predictions (Batch size: 16)...
    Processed 160/792...
    Processed 320/792...
    Processed 480/792...
    Processed 640/792...
    Processed 792/792...
    Total instances: 792, Series during experiment: 198, Windows: 4
    Collecting ground truth and context...
    Detected to_univariate case: 198 flat series -> 99 series x 2 variates
    Organizing data into arrays...
    ⚠️  Predictions max value (3002587.50) exceeds float16 safe range.
    ⚠️  Applying scale factor: 100 (values will be divided)
    Saved predictions (quantiles) to /fslarge/scratch/users/h61084/codes/improved/outputs/foundation_models/tasks/chronos_bolt/univariate/Port_Activity/W/short/run_0/predictions.npz
    Computing per-window metrics...
    Saved metrics to /fslarge/scratch/users/h61084/codes/improved/outputs/foundation_models/tasks/chronos_bolt/univariate/Port_Activity/W/short/run_0/metrics.npz
    Saved config to /fslarge/scratch/users/h61084/codes/improved/outputs/foundation_models/tasks/chronos_bolt/univariate/Port_Activity/W/short/run_0/config.json
    Saved aggregate metrics to /fslarge/scratch/users/h61084/codes/improved/outputs/foundation_models/tasks/chronos_bolt/univariate/Port_Activity/W/short/run_0/metrics_summary.json
    Metrics summary (averaged over all series/windows/variates):
      MSE: 5952594017.6567
      MAE: 43928.4210
      RMSE: 53759.6599
      MAPE: 0.6903
      sMAPE: 0.3411
      MASE: 0.7834
      ND: 0.3434
      CRPS: 0.2671
  Output: /fslarge/scratch/users/h61084/codes/improved/outputs/foundation_models/tasks/chronos_bolt/univariate/Port_Activity/W/short/run_0

============================================================
All experiments completed!
Results saved to: /scratch/users/h61084/codes/improved/outputs/foundation_models/tasks
============================================================

############################################################
# All datasets completed!
############################################################

############################################################
# Dataset 1/1: ECDC_COVID/D
############################################################
Loading configuration...

============================================================
Dataset: ECDC_COVID/D
Model: amazon/chronos-bolt-base
Terms: ['short']
============================================================
Loading Chronos-Bolt model: amazon/chronos-bolt-base from /fslarge/scratch/users/h61084/weights/chronos-bolt-base...

--- Term: short ---
  Config: prediction_length=30, test_length=150, val_length=30
  Dataset info:
    - Frequency: D
    - Num series: 9
    - Target dim: 1
    - Target mode: univariate
    - Series length: min=794, max=1229, avg=1116.6
    - Test split: 150 steps
    - Prediction length: 30
    - Windows: 5
TIME run allocation action=new run=/fslarge/scratch/users/h61084/codes/improved/outputs/foundation_models/tasks/chronos_bolt/univariate/ECDC_COVID/D/short/run_0 launch_id=selena_20260907T230635Z_3389 slurm_job_id=3221286 launched_at=2026-09-07T23:18:55.013982+00:00
  Preparing input batches from Test split data...
    Total instances to forecast: 45
  Running predictions (Batch size: 16)...
    Total instances: 45, Series during experiment: 9, Windows: 5
    Collecting ground truth and context...
    Organizing data into arrays...
    Saved predictions (quantiles) to /fslarge/scratch/users/h61084/codes/improved/outputs/foundation_models/tasks/chronos_bolt/univariate/ECDC_COVID/D/short/run_0/predictions.npz
    Computing per-window metrics...
    Saved metrics to /fslarge/scratch/users/h61084/codes/improved/outputs/foundation_models/tasks/chronos_bolt/univariate/ECDC_COVID/D/short/run_0/metrics.npz
    Saved config to /fslarge/scratch/users/h61084/codes/improved/outputs/foundation_models/tasks/chronos_bolt/univariate/ECDC_COVID/D/short/run_0/config.json
    Saved aggregate metrics to /fslarge/scratch/users/h61084/codes/improved/outputs/foundation_models/tasks/chronos_bolt/univariate/ECDC_COVID/D/short/run_0/metrics_summary.json
    Metrics summary (averaged over all series/windows/variates):
      MSE: 60312.6465
      MAE: 134.3565
      RMSE: 156.9352
      MAPE: 0.5013
      sMAPE: 0.3378
      MASE: 3.5291
      ND: 0.3757
      CRPS: 0.3105
  Output: /fslarge/scratch/users/h61084/codes/improved/outputs/foundation_models/tasks/chronos_bolt/univariate/ECDC_COVID/D/short/run_0

============================================================
All experiments completed!
Results saved to: /scratch/users/h61084/codes/improved/outputs/foundation_models/tasks
============================================================

############################################################
# All datasets completed!
############################################################

############################################################
# Dataset 1/1: ECDC_COVID/W
############################################################
Loading configuration...

============================================================
Dataset: ECDC_COVID/W
Model: amazon/chronos-bolt-base
Terms: ['short']
============================================================
Loading Chronos-Bolt model: amazon/chronos-bolt-base from /fslarge/scratch/users/h61084/weights/chronos-bolt-base...

--- Term: short ---
  Config: prediction_length=13, test_length=52, val_length=13
  Dataset info:
    - Frequency: W
    - Num series: 16
    - Target dim: 1
    - Target mode: univariate
    - Series length: min=114, max=196, avg=165.4
    - Test split: 52 steps
    - Prediction length: 13
    - Windows: 4
TIME run allocation action=new run=/fslarge/scratch/users/h61084/codes/improved/outputs/foundation_models/tasks/chronos_bolt/univariate/ECDC_COVID/W/short/run_0 launch_id=selena_20260907T230635Z_3389 slurm_job_id=3221286 launched_at=2026-09-07T23:19:04.349262+00:00
  Preparing input batches from Test split data...
    Total instances to forecast: 64
  Running predictions (Batch size: 16)...
    Total instances: 64, Series during experiment: 16, Windows: 4
    Collecting ground truth and context...
    Organizing data into arrays...
    Saved predictions (quantiles) to /fslarge/scratch/users/h61084/codes/improved/outputs/foundation_models/tasks/chronos_bolt/univariate/ECDC_COVID/W/short/run_0/predictions.npz
    Computing per-window metrics...
    Saved metrics to /fslarge/scratch/users/h61084/codes/improved/outputs/foundation_models/tasks/chronos_bolt/univariate/ECDC_COVID/W/short/run_0/metrics.npz
    Saved config to /fslarge/scratch/users/h61084/codes/improved/outputs/foundation_models/tasks/chronos_bolt/univariate/ECDC_COVID/W/short/run_0/config.json
    Saved aggregate metrics to /fslarge/scratch/users/h61084/codes/improved/outputs/foundation_models/tasks/chronos_bolt/univariate/ECDC_COVID/W/short/run_0/metrics_summary.json
    Metrics summary (averaged over all series/windows/variates):
      MSE: 3144297.2215
      MAE: 570.0966
      RMSE: 646.4051
      MAPE: 0.9024
      sMAPE: 0.5312
      MASE: 1.3582
      ND: 0.5989
      CRPS: 0.4930
  Output: /fslarge/scratch/users/h61084/codes/improved/outputs/foundation_models/tasks/chronos_bolt/univariate/ECDC_COVID/W/short/run_0

============================================================
All experiments completed!
Results saved to: /scratch/users/h61084/codes/improved/outputs/foundation_models/tasks
============================================================

############################################################
# All datasets completed!
############################################################

############################################################
# Dataset 1/1: Global_Influenza/W
############################################################
Loading configuration...

============================================================
Dataset: Global_Influenza/W
Model: amazon/chronos-bolt-base
Terms: ['short']
============================================================
Loading Chronos-Bolt model: amazon/chronos-bolt-base from /fslarge/scratch/users/h61084/weights/chronos-bolt-base...

--- Term: short ---
  Config: prediction_length=13, test_length=52, val_length=13
  Dataset info:
    - Frequency: W
    - Num series: 15
    - Target dim: 4
    - Target mode: univariate
    - Series length: min=154, max=210, avg=205.6
    - Test split: 52 steps
    - Prediction length: 13
    - Windows: 4
TIME run allocation action=new run=/fslarge/scratch/users/h61084/codes/improved/outputs/foundation_models/tasks/chronos_bolt/univariate/Global_Influenza/W/short/run_0 launch_id=selena_20260907T230635Z_3389 slurm_job_id=3221286 launched_at=2026-09-07T23:19:13.491645+00:00
  Preparing input batches from Test split data...
    Total instances to forecast: 240
  Running predictions (Batch size: 16)...
    Processed 160/240...
    Total instances: 240, Series during experiment: 60, Windows: 4
    Collecting ground truth and context...
    Detected to_univariate case: 60 flat series -> 15 series x 4 variates
    Organizing data into arrays...
    ⚠️  Predictions max value (100229.82) exceeds float16 safe range.
    ⚠️  Applying scale factor: 10 (values will be divided)
    Saved predictions (quantiles) to /fslarge/scratch/users/h61084/codes/improved/outputs/foundation_models/tasks/chronos_bolt/univariate/Global_Influenza/W/short/run_0/predictions.npz
    Computing per-window metrics...
    Saved metrics to /fslarge/scratch/users/h61084/codes/improved/outputs/foundation_models/tasks/chronos_bolt/univariate/Global_Influenza/W/short/run_0/metrics.npz
    Saved config to /fslarge/scratch/users/h61084/codes/improved/outputs/foundation_models/tasks/chronos_bolt/univariate/Global_Influenza/W/short/run_0/config.json
    Saved aggregate metrics to /fslarge/scratch/users/h61084/codes/improved/outputs/foundation_models/tasks/chronos_bolt/univariate/Global_Influenza/W/short/run_0/metrics_summary.json
    Metrics summary (averaged over all series/windows/variates):
      MSE: 4573334.8822
      MAE: 530.6044
      RMSE: 658.5585
      MAPE: 0.7362
      sMAPE: 0.5172
      MASE: 2.8884
      ND: 0.5298
      CRPS: 0.4508
  Output: /fslarge/scratch/users/h61084/codes/improved/outputs/foundation_models/tasks/chronos_bolt/univariate/Global_Influenza/W/short/run_0

============================================================
All experiments completed!
Results saved to: /scratch/users/h61084/codes/improved/outputs/foundation_models/tasks
============================================================

############################################################
# All datasets completed!
############################################################

############################################################
# Dataset 1/1: Crypto/D
############################################################
Loading configuration...

============================================================
Dataset: Crypto/D
Model: amazon/chronos-bolt-base
Terms: ['short']
============================================================
Loading Chronos-Bolt model: amazon/chronos-bolt-base from /fslarge/scratch/users/h61084/weights/chronos-bolt-base...

--- Term: short ---
  Config: prediction_length=30, test_length=273, val_length=92
  Dataset info:
    - Frequency: D
    - Num series: 1
    - Target dim: 4
    - Target mode: univariate
    - Series length: min=2842, max=2842, avg=2842.0
    - Test split: 273 steps
    - Prediction length: 30
    - Windows: 9
TIME run allocation action=new run=/fslarge/scratch/users/h61084/codes/improved/outputs/foundation_models/tasks/chronos_bolt/univariate/Crypto/D/short/run_0 launch_id=selena_20260907T230635Z_3389 slurm_job_id=3221286 launched_at=2026-09-07T23:19:22.867599+00:00
  Preparing input batches from Test split data...
    Total instances to forecast: 36
  Running predictions (Batch size: 16)...
    Total instances: 36, Series during experiment: 4, Windows: 9
    Collecting ground truth and context...
    Detected to_univariate case: 4 flat series -> 1 series x 4 variates
    Organizing data into arrays...
    ⚠️  Predictions max value (130683.25) exceeds float16 safe range.
    ⚠️  Applying scale factor: 10 (values will be divided)
    Saved predictions (quantiles) to /fslarge/scratch/users/h61084/codes/improved/outputs/foundation_models/tasks/chronos_bolt/univariate/Crypto/D/short/run_0/predictions.npz
    Computing per-window metrics...
    Saved metrics to /fslarge/scratch/users/h61084/codes/improved/outputs/foundation_models/tasks/chronos_bolt/univariate/Crypto/D/short/run_0/metrics.npz
    Saved config to /fslarge/scratch/users/h61084/codes/improved/outputs/foundation_models/tasks/chronos_bolt/univariate/Crypto/D/short/run_0/config.json
    Saved aggregate metrics to /fslarge/scratch/users/h61084/codes/improved/outputs/foundation_models/tasks/chronos_bolt/univariate/Crypto/D/short/run_0/metrics_summary.json
    Metrics summary (averaged over all series/windows/variates):
      MSE: 11710810.8312
      MAE: 1443.1458
      RMSE: 1686.3650
      MAPE: 0.0998
      sMAPE: 0.1008
      MASE: 6.6506
      ND: 0.1011
      CRPS: 0.0811
  Output: /fslarge/scratch/users/h61084/codes/improved/outputs/foundation_models/tasks/chronos_bolt/univariate/Crypto/D/short/run_0

============================================================
All experiments completed!
Results saved to: /scratch/users/h61084/codes/improved/outputs/foundation_models/tasks
============================================================

############################################################
# All datasets completed!
############################################################

############################################################
# Dataset 1/1: US_Term_Structure/B
############################################################
Loading configuration...

============================================================
Dataset: US_Term_Structure/B
Model: amazon/chronos-bolt-base
Terms: ['short']
============================================================
Loading Chronos-Bolt model: amazon/chronos-bolt-base from /fslarge/scratch/users/h61084/weights/chronos-bolt-base...

--- Term: short ---
  Config: prediction_length=20, test_length=717, val_length=100
  Dataset info:
    - Frequency: B
    - Num series: 1
    - Target dim: 40
    - Target mode: univariate
    - Series length: min=9326, max=9326, avg=9326.0
    - Test split: 717 steps
    - Prediction length: 20
    - Windows: 35
TIME run allocation action=new run=/fslarge/scratch/users/h61084/codes/improved/outputs/foundation_models/tasks/chronos_bolt/univariate/US_Term_Structure/B/short/run_0 launch_id=selena_20260907T230635Z_3389 slurm_job_id=3221286 launched_at=2026-09-07T23:19:32.135079+00:00
  Preparing input batches from Test split data...
    Total instances to forecast: 1400
  Running predictions (Batch size: 16)...
    Processed 160/1400...
    Processed 320/1400...
    Processed 480/1400...
    Processed 640/1400...
    Processed 800/1400...
    Processed 960/1400...
    Processed 1120/1400...
    Processed 1280/1400...
    Total instances: 1400, Series during experiment: 40, Windows: 35
    Collecting ground truth and context...
    Detected to_univariate case: 40 flat series -> 1 series x 40 variates
    Organizing data into arrays...
    Saved predictions (quantiles) to /fslarge/scratch/users/h61084/codes/improved/outputs/foundation_models/tasks/chronos_bolt/univariate/US_Term_Structure/B/short/run_0/predictions.npz
    Computing per-window metrics...
    Saved metrics to /fslarge/scratch/users/h61084/codes/improved/outputs/foundation_models/tasks/chronos_bolt/univariate/US_Term_Structure/B/short/run_0/metrics.npz
    Saved config to /fslarge/scratch/users/h61084/codes/improved/outputs/foundation_models/tasks/chronos_bolt/univariate/US_Term_Structure/B/short/run_0/config.json
    Saved aggregate metrics to /fslarge/scratch/users/h61084/codes/improved/outputs/foundation_models/tasks/chronos_bolt/univariate/US_Term_Structure/B/short/run_0/metrics_summary.json
    Metrics summary (averaged over all series/windows/variates):
      MSE: 0.0236
      MAE: 0.1060
      RMSE: 0.1262
      MAPE: 1.0101
      sMAPE: 0.2906
      MASE: 1.5723
      ND: 0.2842
      CRPS: 0.2214
  Output: /fslarge/scratch/users/h61084/codes/improved/outputs/foundation_models/tasks/chronos_bolt/univariate/US_Term_Structure/B/short/run_0

============================================================
All experiments completed!
Results saved to: /scratch/users/h61084/codes/improved/outputs/foundation_models/tasks
============================================================

############################################################
# All datasets completed!
############################################################

############################################################
# Dataset 1/1: Oil_Price/B
############################################################
Loading configuration...

============================================================
Dataset: Oil_Price/B
Model: amazon/chronos-bolt-base
Terms: ['short']
============================================================
Loading Chronos-Bolt model: amazon/chronos-bolt-base from /fslarge/scratch/users/h61084/weights/chronos-bolt-base...

--- Term: short ---
  Config: prediction_length=20, test_length=717, val_length=100
  Dataset info:
    - Frequency: B
    - Num series: 1
    - Target dim: 12
    - Target mode: univariate
    - Series length: min=5035, max=5035, avg=5035.0
    - Test split: 717 steps
    - Prediction length: 20
    - Windows: 35
TIME run allocation action=new run=/fslarge/scratch/users/h61084/codes/improved/outputs/foundation_models/tasks/chronos_bolt/univariate/Oil_Price/B/short/run_0 launch_id=selena_20260907T230635Z_3389 slurm_job_id=3221286 launched_at=2026-09-07T23:19:43.540618+00:00
  Preparing input batches from Test split data...
    Total instances to forecast: 420
  Running predictions (Batch size: 16)...
    Processed 160/420...
    Processed 320/420...
    Total instances: 420, Series during experiment: 12, Windows: 35
    Collecting ground truth and context...
    Detected to_univariate case: 12 flat series -> 1 series x 12 variates
    Organizing data into arrays...
    Saved predictions (quantiles) to /fslarge/scratch/users/h61084/codes/improved/outputs/foundation_models/tasks/chronos_bolt/univariate/Oil_Price/B/short/run_0/predictions.npz
    Computing per-window metrics...
    Saved metrics to /fslarge/scratch/users/h61084/codes/improved/outputs/foundation_models/tasks/chronos_bolt/univariate/Oil_Price/B/short/run_0/metrics.npz
    Saved config to /fslarge/scratch/users/h61084/codes/improved/outputs/foundation_models/tasks/chronos_bolt/univariate/Oil_Price/B/short/run_0/config.json
    Saved aggregate metrics to /fslarge/scratch/users/h61084/codes/improved/outputs/foundation_models/tasks/chronos_bolt/univariate/Oil_Price/B/short/run_0/metrics_summary.json
    Metrics summary (averaged over all series/windows/variates):
      MSE: 3.1659
      MAE: 0.6828
      RMSE: 0.7864
      MAPE: 0.0590
      sMAPE: 0.0586
      MASE: 1.4220
      ND: 0.0588
      CRPS: 0.0461
  Output: /fslarge/scratch/users/h61084/codes/improved/outputs/foundation_models/tasks/chronos_bolt/univariate/Oil_Price/B/short/run_0

============================================================
All experiments completed!
Results saved to: /scratch/users/h61084/codes/improved/outputs/foundation_models/tasks
============================================================

############################################################
# All datasets completed!
############################################################

############################################################
# Dataset 1/1: Job_Claims/W
############################################################
Loading configuration...

============================================================
Dataset: Job_Claims/W
Model: amazon/chronos-bolt-base
Terms: ['short']
============================================================
Loading Chronos-Bolt model: amazon/chronos-bolt-base from /fslarge/scratch/users/h61084/weights/chronos-bolt-base...

--- Term: short ---
  Config: prediction_length=13, test_length=52, val_length=13
  Dataset info:
    - Frequency: W
    - Num series: 1
    - Target dim: 2
    - Target mode: univariate
    - Series length: min=196, max=196, avg=196.0
    - Test split: 52 steps
    - Prediction length: 13
    - Windows: 4
TIME run allocation action=new run=/fslarge/scratch/users/h61084/codes/improved/outputs/foundation_models/tasks/chronos_bolt/univariate/Job_Claims/W/short/run_0 launch_id=selena_20260907T230635Z_3389 slurm_job_id=3221286 launched_at=2026-09-07T23:19:53.303360+00:00
  Preparing input batches from Test split data...
    Total instances to forecast: 8
  Running predictions (Batch size: 16)...
    Total instances: 8, Series during experiment: 2, Windows: 4
    Collecting ground truth and context...
    Detected to_univariate case: 2 flat series -> 1 series x 2 variates
    Organizing data into arrays...
    ⚠️  Predictions max value (2102637.50) exceeds float16 safe range.
    ⚠️  Applying scale factor: 100 (values will be divided)
    Saved predictions (quantiles) to /fslarge/scratch/users/h61084/codes/improved/outputs/foundation_models/tasks/chronos_bolt/univariate/Job_Claims/W/short/run_0/predictions.npz
    Computing per-window metrics...
    Saved metrics to /fslarge/scratch/users/h61084/codes/improved/outputs/foundation_models/tasks/chronos_bolt/univariate/Job_Claims/W/short/run_0/metrics.npz
    Saved config to /fslarge/scratch/users/h61084/codes/improved/outputs/foundation_models/tasks/chronos_bolt/univariate/Job_Claims/W/short/run_0/config.json
    Saved aggregate metrics to /fslarge/scratch/users/h61084/codes/improved/outputs/foundation_models/tasks/chronos_bolt/univariate/Job_Claims/W/short/run_0/metrics_summary.json
    Metrics summary (averaged over all series/windows/variates):
      MSE: 1472408115.2955
      MAE: 25819.6809
      RMSE: 29300.8809
      MAPE: 0.0290
      sMAPE: 0.0290
      MASE: 4.1468
      ND: 0.0290
      CRPS: 0.0223
  Output: /fslarge/scratch/users/h61084/codes/improved/outputs/foundation_models/tasks/chronos_bolt/univariate/Job_Claims/W/short/run_0

============================================================
All experiments completed!
Results saved to: /scratch/users/h61084/codes/improved/outputs/foundation_models/tasks
============================================================

############################################################
# All datasets completed!
############################################################

############################################################
# Dataset 1/1: Uncertainty_1M/M
############################################################
Loading configuration...

============================================================
Dataset: Uncertainty_1M/M
Model: amazon/chronos-bolt-base
Terms: ['short']
============================================================
Loading Chronos-Bolt model: amazon/chronos-bolt-base from /fslarge/scratch/users/h61084/weights/chronos-bolt-base...

--- Term: short ---
  Config: prediction_length=6, test_length=42, val_length=18
  Dataset info:
    - Frequency: M
    - Num series: 1
    - Target dim: 3
    - Target mode: univariate
    - Series length: min=780, max=780, avg=780.0
    - Test split: 42 steps
    - Prediction length: 6
    - Windows: 7
TIME run allocation action=new run=/fslarge/scratch/users/h61084/codes/improved/outputs/foundation_models/tasks/chronos_bolt/univariate/Uncertainty_1M/M/short/run_0 launch_id=selena_20260907T230635Z_3389 slurm_job_id=3221286 launched_at=2026-09-07T23:20:02.387646+00:00
  Preparing input batches from Test split data...
    Total instances to forecast: 21
  Running predictions (Batch size: 16)...
    Total instances: 21, Series during experiment: 3, Windows: 7
    Collecting ground truth and context...
    Detected to_univariate case: 3 flat series -> 1 series x 3 variates
    Organizing data into arrays...
    Saved predictions (quantiles) to /fslarge/scratch/users/h61084/codes/improved/outputs/foundation_models/tasks/chronos_bolt/univariate/Uncertainty_1M/M/short/run_0/predictions.npz
    Computing per-window metrics...
    Saved metrics to /fslarge/scratch/users/h61084/codes/improved/outputs/foundation_models/tasks/chronos_bolt/univariate/Uncertainty_1M/M/short/run_0/metrics.npz
    Saved config to /fslarge/scratch/users/h61084/codes/improved/outputs/foundation_models/tasks/chronos_bolt/univariate/Uncertainty_1M/M/short/run_0/config.json
    Saved aggregate metrics to /fslarge/scratch/users/h61084/codes/improved/outputs/foundation_models/tasks/chronos_bolt/univariate/Uncertainty_1M/M/short/run_0/metrics_summary.json
    Metrics summary (averaged over all series/windows/variates):
      MSE: 0.0021
      MAE: 0.0341
      RMSE: 0.0374
      MAPE: 0.0423
      sMAPE: 0.0411
      MASE: 0.4151
      ND: 0.0419
      CRPS: 0.0328
  Output: /fslarge/scratch/users/h61084/codes/improved/outputs/foundation_models/tasks/chronos_bolt/univariate/Uncertainty_1M/M/short/run_0

============================================================
All experiments completed!
Results saved to: /scratch/users/h61084/codes/improved/outputs/foundation_models/tasks
============================================================

############################################################
# All datasets completed!
############################################################

############################################################
# Dataset 1/1: Housing_Inventory/M
############################################################
Loading configuration...

============================================================
Dataset: Housing_Inventory/M
Model: amazon/chronos-bolt-base
Terms: ['short']
============================================================
Loading Chronos-Bolt model: amazon/chronos-bolt-base from /fslarge/scratch/users/h61084/weights/chronos-bolt-base...

--- Term: short ---
  Config: prediction_length=12, test_length=36, val_length=12
  Dataset info:
    - Frequency: M
    - Num series: 1
    - Target dim: 4
    - Target mode: univariate
    - Series length: min=114, max=114, avg=114.0
    - Test split: 36 steps
    - Prediction length: 12
    - Windows: 3
TIME run allocation action=new run=/fslarge/scratch/users/h61084/codes/improved/outputs/foundation_models/tasks/chronos_bolt/univariate/Housing_Inventory/M/short/run_0 launch_id=selena_20260907T230635Z_3389 slurm_job_id=3221286 launched_at=2026-09-07T23:20:11.697132+00:00
  Preparing input batches from Test split data...
    Total instances to forecast: 12
  Running predictions (Batch size: 16)...
    Total instances: 12, Series during experiment: 4, Windows: 3
    Collecting ground truth and context...
    Detected to_univariate case: 4 flat series -> 1 series x 4 variates
    Organizing data into arrays...
    ⚠️  Predictions max value (1219171.00) exceeds float16 safe range.
    ⚠️  Applying scale factor: 100 (values will be divided)
    Saved predictions (quantiles) to /fslarge/scratch/users/h61084/codes/improved/outputs/foundation_models/tasks/chronos_bolt/univariate/Housing_Inventory/M/short/run_0/predictions.npz
    Computing per-window metrics...
    Saved metrics to /fslarge/scratch/users/h61084/codes/improved/outputs/foundation_models/tasks/chronos_bolt/univariate/Housing_Inventory/M/short/run_0/metrics.npz
    Saved config to /fslarge/scratch/users/h61084/codes/improved/outputs/foundation_models/tasks/chronos_bolt/univariate/Housing_Inventory/M/short/run_0/config.json
    Saved aggregate metrics to /fslarge/scratch/users/h61084/codes/improved/outputs/foundation_models/tasks/chronos_bolt/univariate/Housing_Inventory/M/short/run_0/metrics_summary.json
    Metrics summary (averaged over all series/windows/variates):
      MSE: 5481882559.1403
      MAE: 30275.8777
      RMSE: 33075.9156
      MAPE: 0.0694
      sMAPE: 0.0658
      MASE: 0.5280
      ND: 0.0694
      CRPS: 0.0537
  Output: /fslarge/scratch/users/h61084/codes/improved/outputs/foundation_models/tasks/chronos_bolt/univariate/Housing_Inventory/M/short/run_0

============================================================
All experiments completed!
Results saved to: /scratch/users/h61084/codes/improved/outputs/foundation_models/tasks
============================================================

############################################################
# All datasets completed!
############################################################

############################################################
# Dataset 1/1: JOLTS/M
############################################################
Loading configuration...

============================================================
Dataset: JOLTS/M
Model: amazon/chronos-bolt-base
Terms: ['short']
============================================================
Loading Chronos-Bolt model: amazon/chronos-bolt-base from /fslarge/scratch/users/h61084/weights/chronos-bolt-base...

--- Term: short ---
  Config: prediction_length=12, test_length=60, val_length=12
  Dataset info:
    - Frequency: M
    - Num series: 1
    - Target dim: 6
    - Target mode: univariate
    - Series length: min=297, max=297, avg=297.0
    - Test split: 60 steps
    - Prediction length: 12
    - Windows: 5
TIME run allocation action=new run=/fslarge/scratch/users/h61084/codes/improved/outputs/foundation_models/tasks/chronos_bolt/univariate/JOLTS/M/short/run_0 launch_id=selena_20260907T230635Z_3389 slurm_job_id=3221286 launched_at=2026-09-07T23:20:20.823673+00:00
  Preparing input batches from Test split data...
    Total instances to forecast: 30
  Running predictions (Batch size: 16)...
    Total instances: 30, Series during experiment: 6, Windows: 5
    Collecting ground truth and context...
    Detected to_univariate case: 6 flat series -> 1 series x 6 variates
    Organizing data into arrays...
    Saved predictions (quantiles) to /fslarge/scratch/users/h61084/codes/improved/outputs/foundation_models/tasks/chronos_bolt/univariate/JOLTS/M/short/run_0/predictions.npz
    Computing per-window metrics...
    Saved metrics to /fslarge/scratch/users/h61084/codes/improved/outputs/foundation_models/tasks/chronos_bolt/univariate/JOLTS/M/short/run_0/metrics.npz
    Saved config to /fslarge/scratch/users/h61084/codes/improved/outputs/foundation_models/tasks/chronos_bolt/univariate/JOLTS/M/short/run_0/config.json
    Saved aggregate metrics to /fslarge/scratch/users/h61084/codes/improved/outputs/foundation_models/tasks/chronos_bolt/univariate/JOLTS/M/short/run_0/metrics_summary.json
    Metrics summary (averaged over all series/windows/variates):
      MSE: 420672.3743
      MAE: 347.0063
      RMSE: 419.1783
      MAPE: 0.0820
      sMAPE: 0.0809
      MASE: 1.0554
      ND: 0.0816
      CRPS: 0.0649
  Output: /fslarge/scratch/users/h61084/codes/improved/outputs/foundation_models/tasks/chronos_bolt/univariate/JOLTS/M/short/run_0

============================================================
All experiments completed!
Results saved to: /scratch/users/h61084/codes/improved/outputs/foundation_models/tasks
============================================================

############################################################
# All datasets completed!
############################################################

############################################################
# Dataset 1/1: US_Labor/M
############################################################
Loading configuration...

============================================================
Dataset: US_Labor/M
Model: amazon/chronos-bolt-base
Terms: ['short']
============================================================
Loading Chronos-Bolt model: amazon/chronos-bolt-base from /fslarge/scratch/users/h61084/weights/chronos-bolt-base...

--- Term: short ---
  Config: prediction_length=12, test_length=60, val_length=12
  Dataset info:
    - Frequency: M
    - Num series: 1
    - Target dim: 14
    - Target mode: univariate
    - Series length: min=380, max=380, avg=380.0
    - Test split: 60 steps
    - Prediction length: 12
    - Windows: 5
TIME run allocation action=new run=/fslarge/scratch/users/h61084/codes/improved/outputs/foundation_models/tasks/chronos_bolt/univariate/US_Labor/M/short/run_0 launch_id=selena_20260907T230635Z_3389 slurm_job_id=3221286 launched_at=2026-09-07T23:20:29.912662+00:00
  Preparing input batches from Test split data...
    Total instances to forecast: 70
  Running predictions (Batch size: 16)...
    Total instances: 70, Series during experiment: 14, Windows: 5
    Collecting ground truth and context...
    Detected to_univariate case: 14 flat series -> 1 series x 14 variates
    Organizing data into arrays...
    ⚠️  Predictions max value (173125.27) exceeds float16 safe range.
    ⚠️  Applying scale factor: 10 (values will be divided)
    Saved predictions (quantiles) to /fslarge/scratch/users/h61084/codes/improved/outputs/foundation_models/tasks/chronos_bolt/univariate/US_Labor/M/short/run_0/predictions.npz
    Computing per-window metrics...
    Saved metrics to /fslarge/scratch/users/h61084/codes/improved/outputs/foundation_models/tasks/chronos_bolt/univariate/US_Labor/M/short/run_0/metrics.npz
    Saved config to /fslarge/scratch/users/h61084/codes/improved/outputs/foundation_models/tasks/chronos_bolt/univariate/US_Labor/M/short/run_0/config.json
    Saved aggregate metrics to /fslarge/scratch/users/h61084/codes/improved/outputs/foundation_models/tasks/chronos_bolt/univariate/US_Labor/M/short/run_0/metrics_summary.json
    Metrics summary (averaged over all series/windows/variates):
      MSE: 761910.0770
      MAE: 392.4604
      RMSE: 438.0243
      MAPE: 0.0725
      sMAPE: 0.0687
      MASE: 0.9464
      ND: 0.0713
      CRPS: 0.0562
  Output: /fslarge/scratch/users/h61084/codes/improved/outputs/foundation_models/tasks/chronos_bolt/univariate/US_Labor/M/short/run_0

============================================================
All experiments completed!
Results saved to: /scratch/users/h61084/codes/improved/outputs/foundation_models/tasks
============================================================

############################################################
# All datasets completed!
############################################################

############################################################
# Dataset 1/1: Vehicle_Supply/M
############################################################
Loading configuration...

============================================================
Dataset: Vehicle_Supply/M
Model: amazon/chronos-bolt-base
Terms: ['short']
============================================================
Loading Chronos-Bolt model: amazon/chronos-bolt-base from /fslarge/scratch/users/h61084/weights/chronos-bolt-base...

--- Term: short ---
  Config: prediction_length=12, test_length=60, val_length=12
  Dataset info:
    - Frequency: M
    - Num series: 1
    - Target dim: 6
    - Target mode: univariate
    - Series length: min=391, max=391, avg=391.0
    - Test split: 60 steps
    - Prediction length: 12
    - Windows: 5
TIME run allocation action=new run=/fslarge/scratch/users/h61084/codes/improved/outputs/foundation_models/tasks/chronos_bolt/univariate/Vehicle_Supply/M/short/run_0 launch_id=selena_20260907T230635Z_3389 slurm_job_id=3221286 launched_at=2026-09-07T23:20:39.041486+00:00
  Preparing input batches from Test split data...
    Total instances to forecast: 30
  Running predictions (Batch size: 16)...
    Total instances: 30, Series during experiment: 6, Windows: 5
    Collecting ground truth and context...
    Detected to_univariate case: 6 flat series -> 1 series x 6 variates
    Organizing data into arrays...
    Saved predictions (quantiles) to /fslarge/scratch/users/h61084/codes/improved/outputs/foundation_models/tasks/chronos_bolt/univariate/Vehicle_Supply/M/short/run_0/predictions.npz
    Computing per-window metrics...
    Saved metrics to /fslarge/scratch/users/h61084/codes/improved/outputs/foundation_models/tasks/chronos_bolt/univariate/Vehicle_Supply/M/short/run_0/metrics.npz
    Saved config to /fslarge/scratch/users/h61084/codes/improved/outputs/foundation_models/tasks/chronos_bolt/univariate/Vehicle_Supply/M/short/run_0/config.json
    Saved aggregate metrics to /fslarge/scratch/users/h61084/codes/improved/outputs/foundation_models/tasks/chronos_bolt/univariate/Vehicle_Supply/M/short/run_0/metrics_summary.json
    Metrics summary (averaged over all series/windows/variates):
      MSE: 2397.0626
      MAE: 22.1977
      RMSE: 26.8237
      MAPE: 0.2436
      sMAPE: 0.2429
      MASE: 0.8111
      ND: 0.2271
      CRPS: 0.1947
  Output: /fslarge/scratch/users/h61084/codes/improved/outputs/foundation_models/tasks/chronos_bolt/univariate/Vehicle_Supply/M/short/run_0

============================================================
All experiments completed!
Results saved to: /scratch/users/h61084/codes/improved/outputs/foundation_models/tasks
============================================================

############################################################
# All datasets completed!
############################################################

############################################################
# Dataset 1/1: Auto_Production_SF/M
############################################################
Loading configuration...

============================================================
Dataset: Auto_Production_SF/M
Model: amazon/chronos-bolt-base
Terms: ['short']
============================================================
Loading Chronos-Bolt model: amazon/chronos-bolt-base from /fslarge/scratch/users/h61084/weights/chronos-bolt-base...

--- Term: short ---
  Config: prediction_length=12, test_length=60, val_length=12
  Dataset info:
    - Frequency: M
    - Num series: 1
    - Target dim: 1
    - Target mode: univariate
    - Series length: min=367, max=367, avg=367.0
    - Test split: 60 steps
    - Prediction length: 12
    - Windows: 5
TIME run allocation action=new run=/fslarge/scratch/users/h61084/codes/improved/outputs/foundation_models/tasks/chronos_bolt/univariate/Auto_Production_SF/M/short/run_0 launch_id=selena_20260907T230635Z_3389 slurm_job_id=3221286 launched_at=2026-09-07T23:20:48.109699+00:00
  Preparing input batches from Test split data...
    Total instances to forecast: 5
  Running predictions (Batch size: 16)...
    Total instances: 5, Series during experiment: 1, Windows: 5
    Collecting ground truth and context...
    Organizing data into arrays...
    Saved predictions (quantiles) to /fslarge/scratch/users/h61084/codes/improved/outputs/foundation_models/tasks/chronos_bolt/univariate/Auto_Production_SF/M/short/run_0/predictions.npz
    Computing per-window metrics...
    Saved metrics to /fslarge/scratch/users/h61084/codes/improved/outputs/foundation_models/tasks/chronos_bolt/univariate/Auto_Production_SF/M/short/run_0/metrics.npz
    Saved config to /fslarge/scratch/users/h61084/codes/improved/outputs/foundation_models/tasks/chronos_bolt/univariate/Auto_Production_SF/M/short/run_0/config.json
    Saved aggregate metrics to /fslarge/scratch/users/h61084/codes/improved/outputs/foundation_models/tasks/chronos_bolt/univariate/Auto_Production_SF/M/short/run_0/metrics_summary.json
    Metrics summary (averaged over all series/windows/variates):
      MSE: 26.3340
      MAE: 4.0893
      RMSE: 5.0599
      MAPE: 0.0417
      sMAPE: 0.0414
      MASE: 1.0324
      ND: 0.0410
      CRPS: 0.0318
  Output: /fslarge/scratch/users/h61084/codes/improved/outputs/foundation_models/tasks/chronos_bolt/univariate/Auto_Production_SF/M/short/run_0

============================================================
All experiments completed!
Results saved to: /scratch/users/h61084/codes/improved/outputs/foundation_models/tasks
============================================================

############################################################
# All datasets completed!
############################################################

############################################################
# Dataset 1/1: Commodity_Production/M
############################################################
Loading configuration...

============================================================
Dataset: Commodity_Production/M
Model: amazon/chronos-bolt-base
Terms: ['short']
============================================================
Loading Chronos-Bolt model: amazon/chronos-bolt-base from /fslarge/scratch/users/h61084/weights/chronos-bolt-base...

--- Term: short ---
  Config: prediction_length=12, test_length=60, val_length=12
  Dataset info:
    - Frequency: M
    - Num series: 32
    - Target dim: 1
    - Target mode: univariate
    - Series length: min=120, max=648, avg=325.1
    - Test split: 60 steps
    - Prediction length: 12
    - Windows: 5
TIME run allocation action=new run=/fslarge/scratch/users/h61084/codes/improved/outputs/foundation_models/tasks/chronos_bolt/univariate/Commodity_Production/M/short/run_0 launch_id=selena_20260907T230635Z_3389 slurm_job_id=3221286 launched_at=2026-09-07T23:20:57.202913+00:00
  Preparing input batches from Test split data...
    Total instances to forecast: 160
  Running predictions (Batch size: 16)...
    Processed 160/160...
    Total instances: 160, Series during experiment: 32, Windows: 5
    Collecting ground truth and context...
    Organizing data into arrays...
    Saved predictions (quantiles) to /fslarge/scratch/users/h61084/codes/improved/outputs/foundation_models/tasks/chronos_bolt/univariate/Commodity_Production/M/short/run_0/predictions.npz
    Computing per-window metrics...
    Saved metrics to /fslarge/scratch/users/h61084/codes/improved/outputs/foundation_models/tasks/chronos_bolt/univariate/Commodity_Production/M/short/run_0/metrics.npz
    Saved config to /fslarge/scratch/users/h61084/codes/improved/outputs/foundation_models/tasks/chronos_bolt/univariate/Commodity_Production/M/short/run_0/config.json
    Saved aggregate metrics to /fslarge/scratch/users/h61084/codes/improved/outputs/foundation_models/tasks/chronos_bolt/univariate/Commodity_Production/M/short/run_0/metrics_summary.json
    Metrics summary (averaged over all series/windows/variates):
      MSE: 61141.7135
      MAE: 67.7134
      RMSE: 78.4478
      MAPE: 0.2140
      sMAPE: 0.1661
      MASE: 0.9386
      ND: 0.1597
      CRPS: 0.1242
  Output: /fslarge/scratch/users/h61084/codes/improved/outputs/foundation_models/tasks/chronos_bolt/univariate/Commodity_Production/M/short/run_0

============================================================
All experiments completed!
Results saved to: /scratch/users/h61084/codes/improved/outputs/foundation_models/tasks
============================================================

############################################################
# All datasets completed!
############################################################

############################################################
# Dataset 1/1: Commodity_Import/M
############################################################
Loading configuration...

============================================================
Dataset: Commodity_Import/M
Model: amazon/chronos-bolt-base
Terms: ['short']
============================================================
Loading Chronos-Bolt model: amazon/chronos-bolt-base from /fslarge/scratch/users/h61084/weights/chronos-bolt-base...

--- Term: short ---
  Config: prediction_length=12, test_length=60, val_length=12
  Dataset info:
    - Frequency: M
    - Num series: 8
    - Target dim: 1
    - Target mode: univariate
    - Series length: min=254, max=1240, avg=697.2
    - Test split: 60 steps
    - Prediction length: 12
    - Windows: 5
TIME run allocation action=new run=/fslarge/scratch/users/h61084/codes/improved/outputs/foundation_models/tasks/chronos_bolt/univariate/Commodity_Import/M/short/run_0 launch_id=selena_20260907T230635Z_3389 slurm_job_id=3221286 launched_at=2026-09-07T23:21:06.408068+00:00
  Preparing input batches from Test split data...
    Total instances to forecast: 40
  Running predictions (Batch size: 16)...
    Total instances: 40, Series during experiment: 8, Windows: 5
    Collecting ground truth and context...
    Organizing data into arrays...
    Saved predictions (quantiles) to /fslarge/scratch/users/h61084/codes/improved/outputs/foundation_models/tasks/chronos_bolt/univariate/Commodity_Import/M/short/run_0/predictions.npz
    Computing per-window metrics...
    Saved metrics to /fslarge/scratch/users/h61084/codes/improved/outputs/foundation_models/tasks/chronos_bolt/univariate/Commodity_Import/M/short/run_0/metrics.npz
    Saved config to /fslarge/scratch/users/h61084/codes/improved/outputs/foundation_models/tasks/chronos_bolt/univariate/Commodity_Import/M/short/run_0/config.json
    Saved aggregate metrics to /fslarge/scratch/users/h61084/codes/improved/outputs/foundation_models/tasks/chronos_bolt/univariate/Commodity_Import/M/short/run_0/metrics_summary.json
    Metrics summary (averaged over all series/windows/variates):
      MSE: 1702244.8219
      MAE: 527.9195
      RMSE: 630.6833
      MAPE: 0.3501
      sMAPE: 0.2394
      MASE: 1.5321
      ND: 0.2731
      CRPS: 0.2144
  Output: /fslarge/scratch/users/h61084/codes/improved/outputs/foundation_models/tasks/chronos_bolt/univariate/Commodity_Import/M/short/run_0

============================================================
All experiments completed!
Results saved to: /scratch/users/h61084/codes/improved/outputs/foundation_models/tasks
============================================================

############################################################
# All datasets completed!
############################################################

############################################################
# Dataset 1/1: WUI_Global/Q
############################################################
Loading configuration...

============================================================
Dataset: WUI_Global/Q
Model: amazon/chronos-bolt-base
Terms: ['short']
============================================================
Loading Chronos-Bolt model: amazon/chronos-bolt-base from /fslarge/scratch/users/h61084/weights/chronos-bolt-base...

--- Term: short ---
  Config: prediction_length=4, test_length=20, val_length=20
  Dataset info:
    - Frequency: Q
    - Num series: 1
    - Target dim: 15
    - Target mode: univariate
    - Series length: min=294, max=294, avg=294.0
    - Test split: 20 steps
    - Prediction length: 4
    - Windows: 5
TIME run allocation action=new run=/fslarge/scratch/users/h61084/codes/improved/outputs/foundation_models/tasks/chronos_bolt/univariate/WUI_Global/Q/short/run_0 launch_id=selena_20260907T230635Z_3389 slurm_job_id=3221286 launched_at=2026-09-07T23:21:15.492889+00:00
  Preparing input batches from Test split data...
    Total instances to forecast: 75
  Running predictions (Batch size: 16)...
    Total instances: 75, Series during experiment: 15, Windows: 5
    Collecting ground truth and context...
    Detected to_univariate case: 15 flat series -> 1 series x 15 variates
    Organizing data into arrays...
    Saved predictions (quantiles) to /fslarge/scratch/users/h61084/codes/improved/outputs/foundation_models/tasks/chronos_bolt/univariate/WUI_Global/Q/short/run_0/predictions.npz
    Computing per-window metrics...
    Saved metrics to /fslarge/scratch/users/h61084/codes/improved/outputs/foundation_models/tasks/chronos_bolt/univariate/WUI_Global/Q/short/run_0/metrics.npz
    Saved config to /fslarge/scratch/users/h61084/codes/improved/outputs/foundation_models/tasks/chronos_bolt/univariate/WUI_Global/Q/short/run_0/config.json
    Saved aggregate metrics to /fslarge/scratch/users/h61084/codes/improved/outputs/foundation_models/tasks/chronos_bolt/univariate/WUI_Global/Q/short/run_0/metrics_summary.json
    Metrics summary (averaged over all series/windows/variates):
      MSE: 0.0486
      MAE: 0.1491
      RMSE: 0.1769
      MAPE: 0.5773
      sMAPE: 0.6600
      MASE: 0.9985
      ND: 0.6986
      CRPS: 0.5497
  Output: /fslarge/scratch/users/h61084/codes/improved/outputs/foundation_models/tasks/chronos_bolt/univariate/WUI_Global/Q/short/run_0

============================================================
All experiments completed!
Results saved to: /scratch/users/h61084/codes/improved/outputs/foundation_models/tasks
============================================================

############################################################
# All datasets completed!
############################################################

############################################################
# Dataset 1/1: Global_Price/Q
############################################################
Loading configuration...

============================================================
Dataset: Global_Price/Q
Model: amazon/chronos-bolt-base
Terms: ['short']
============================================================
Loading Chronos-Bolt model: amazon/chronos-bolt-base from /fslarge/scratch/users/h61084/weights/chronos-bolt-base...

--- Term: short ---
  Config: prediction_length=4, test_length=20, val_length=8
  Dataset info:
    - Frequency: Q
    - Num series: 1
    - Target dim: 60
    - Target mode: univariate
    - Series length: min=142, max=142, avg=142.0
    - Test split: 20 steps
    - Prediction length: 4
    - Windows: 5
TIME run allocation action=new run=/fslarge/scratch/users/h61084/codes/improved/outputs/foundation_models/tasks/chronos_bolt/univariate/Global_Price/Q/short/run_0 launch_id=selena_20260907T230635Z_3389 slurm_job_id=3221286 launched_at=2026-09-07T23:21:24.805192+00:00
  Preparing input batches from Test split data...
    Total instances to forecast: 300
  Running predictions (Batch size: 16)...
    Processed 160/300...
    Total instances: 300, Series during experiment: 60, Windows: 5
    Collecting ground truth and context...
    Detected to_univariate case: 60 flat series -> 1 series x 60 variates
    Organizing data into arrays...
    Saved predictions (quantiles) to /fslarge/scratch/users/h61084/codes/improved/outputs/foundation_models/tasks/chronos_bolt/univariate/Global_Price/Q/short/run_0/predictions.npz
    Computing per-window metrics...
    Saved metrics to /fslarge/scratch/users/h61084/codes/improved/outputs/foundation_models/tasks/chronos_bolt/univariate/Global_Price/Q/short/run_0/metrics.npz
    Saved config to /fslarge/scratch/users/h61084/codes/improved/outputs/foundation_models/tasks/chronos_bolt/univariate/Global_Price/Q/short/run_0/config.json
    Saved aggregate metrics to /fslarge/scratch/users/h61084/codes/improved/outputs/foundation_models/tasks/chronos_bolt/univariate/Global_Price/Q/short/run_0/metrics_summary.json
    Metrics summary (averaged over all series/windows/variates):
      MSE: 1713971.9016
      MAE: 304.0817
      RMSE: 341.7313
      MAPE: 0.1793
      sMAPE: 0.1905
      MASE: 1.5685
      ND: 0.1799
      CRPS: 0.1462
  Output: /fslarge/scratch/users/h61084/codes/improved/outputs/foundation_models/tasks/chronos_bolt/univariate/Global_Price/Q/short/run_0

============================================================
All experiments completed!
Results saved to: /scratch/users/h61084/codes/improved/outputs/foundation_models/tasks
============================================================

############################################################
# All datasets completed!
############################################################

############################################################
# Dataset 1/1: Vehicle_Sales/M
############################################################
Loading configuration...

============================================================
Dataset: Vehicle_Sales/M
Model: amazon/chronos-bolt-base
Terms: ['short']
============================================================
Loading Chronos-Bolt model: amazon/chronos-bolt-base from /fslarge/scratch/users/h61084/weights/chronos-bolt-base...

--- Term: short ---
  Config: prediction_length=12, test_length=60, val_length=12
  Dataset info:
    - Frequency: M
    - Num series: 1
    - Target dim: 10
    - Target mode: univariate
    - Series length: min=596, max=596, avg=596.0
    - Test split: 60 steps
    - Prediction length: 12
    - Windows: 5
TIME run allocation action=new run=/fslarge/scratch/users/h61084/codes/improved/outputs/foundation_models/tasks/chronos_bolt/univariate/Vehicle_Sales/M/short/run_0 launch_id=selena_20260907T230635Z_3389 slurm_job_id=3221286 launched_at=2026-09-07T23:21:34.389568+00:00
  Preparing input batches from Test split data...
    Total instances to forecast: 50
  Running predictions (Batch size: 16)...
    Total instances: 50, Series during experiment: 10, Windows: 5
    Collecting ground truth and context...
    Detected to_univariate case: 10 flat series -> 1 series x 10 variates
    Organizing data into arrays...
    Saved predictions (quantiles) to /fslarge/scratch/users/h61084/codes/improved/outputs/foundation_models/tasks/chronos_bolt/univariate/Vehicle_Sales/M/short/run_0/predictions.npz
    Computing per-window metrics...
    Saved metrics to /fslarge/scratch/users/h61084/codes/improved/outputs/foundation_models/tasks/chronos_bolt/univariate/Vehicle_Sales/M/short/run_0/metrics.npz
    Saved config to /fslarge/scratch/users/h61084/codes/improved/outputs/foundation_models/tasks/chronos_bolt/univariate/Vehicle_Sales/M/short/run_0/config.json
    Saved aggregate metrics to /fslarge/scratch/users/h61084/codes/improved/outputs/foundation_models/tasks/chronos_bolt/univariate/Vehicle_Sales/M/short/run_0/metrics_summary.json
    Metrics summary (averaged over all series/windows/variates):
      MSE: 1736.5521
      MAE: 10.7605
      RMSE: 12.6642
      MAPE: 0.0823
      sMAPE: 0.0821
      MASE: 0.7724
      ND: 0.0824
      CRPS: 0.0650
  Output: /fslarge/scratch/users/h61084/codes/improved/outputs/foundation_models/tasks/chronos_bolt/univariate/Vehicle_Sales/M/short/run_0

============================================================
All experiments completed!
Results saved to: /scratch/users/h61084/codes/improved/outputs/foundation_models/tasks
============================================================

############################################################
# All datasets completed!
############################################################

############################################################
# Dataset 1/1: Online_Retail_2_UCI/D
############################################################
Loading configuration...

============================================================
Dataset: Online_Retail_2_UCI/D
Model: amazon/chronos-bolt-base
Terms: ['short']
============================================================
Loading Chronos-Bolt model: amazon/chronos-bolt-base from /fslarge/scratch/users/h61084/weights/chronos-bolt-base...

--- Term: short ---
  Config: prediction_length=30, test_length=180, val_length=90
  Dataset info:
    - Frequency: D
    - Num series: 1
    - Target dim: 1
    - Target mode: univariate
    - Series length: min=739, max=739, avg=739.0
    - Test split: 180 steps
    - Prediction length: 30
    - Windows: 6
TIME run allocation action=new run=/fslarge/scratch/users/h61084/codes/improved/outputs/foundation_models/tasks/chronos_bolt/univariate/Online_Retail_2_UCI/D/short/run_0 launch_id=selena_20260907T230635Z_3389 slurm_job_id=3221286 launched_at=2026-09-07T23:21:43.470975+00:00
  Preparing input batches from Test split data...
    Total instances to forecast: 6
  Running predictions (Batch size: 16)...
    Total instances: 6, Series during experiment: 1, Windows: 6
    Collecting ground truth and context...
    Organizing data into arrays...
    ⚠️  Predictions max value (117518.18) exceeds float16 safe range.
    ⚠️  Applying scale factor: 10 (values will be divided)
    Saved predictions (quantiles) to /fslarge/scratch/users/h61084/codes/improved/outputs/foundation_models/tasks/chronos_bolt/univariate/Online_Retail_2_UCI/D/short/run_0/predictions.npz
    Computing per-window metrics...
    Saved metrics to /fslarge/scratch/users/h61084/codes/improved/outputs/foundation_models/tasks/chronos_bolt/univariate/Online_Retail_2_UCI/D/short/run_0/metrics.npz
    Saved config to /fslarge/scratch/users/h61084/codes/improved/outputs/foundation_models/tasks/chronos_bolt/univariate/Online_Retail_2_UCI/D/short/run_0/config.json
    Saved aggregate metrics to /fslarge/scratch/users/h61084/codes/improved/outputs/foundation_models/tasks/chronos_bolt/univariate/Online_Retail_2_UCI/D/short/run_0/metrics_summary.json
    Metrics summary (averaged over all series/windows/variates):
      MSE: 314035391.6255
      MAE: 10246.2875
      RMSE: 16013.3716
      MAPE: 0.2655
      sMAPE: 0.5281
      MASE: 0.6195
      ND: 0.2986
      CRPS: 0.2480
  Output: /fslarge/scratch/users/h61084/codes/improved/outputs/foundation_models/tasks/chronos_bolt/univariate/Online_Retail_2_UCI/D/short/run_0

============================================================
All experiments completed!
Results saved to: /scratch/users/h61084/codes/improved/outputs/foundation_models/tasks
============================================================

############################################################
# All datasets completed!
############################################################

############################################################
# Dataset 1/1: Supply_Chain_Customer/D
############################################################
Loading configuration...

============================================================
Dataset: Supply_Chain_Customer/D
Model: amazon/chronos-bolt-base
Terms: ['short']
============================================================
Loading Chronos-Bolt model: amazon/chronos-bolt-base from /fslarge/scratch/users/h61084/weights/chronos-bolt-base...

--- Term: short ---
  Config: prediction_length=30, test_length=365, val_length=90
  Dataset info:
    - Frequency: D
    - Num series: 1
    - Target dim: 36
    - Target mode: univariate
    - Series length: min=2007, max=2007, avg=2007.0
    - Test split: 365 steps
    - Prediction length: 30
    - Windows: 12
TIME run allocation action=new run=/fslarge/scratch/users/h61084/codes/improved/outputs/foundation_models/tasks/chronos_bolt/univariate/Supply_Chain_Customer/D/short/run_0 launch_id=selena_20260907T230635Z_3389 slurm_job_id=3221286 launched_at=2026-09-07T23:21:52.545060+00:00
  Preparing input batches from Test split data...
    Total instances to forecast: 432
  Running predictions (Batch size: 16)...
    Processed 160/432...
    Processed 320/432...
    Total instances: 432, Series during experiment: 36, Windows: 12
    Collecting ground truth and context...
    Detected to_univariate case: 36 flat series -> 1 series x 36 variates
    Organizing data into arrays...
    ⚠️  Predictions max value (244396.00) exceeds float16 safe range.
    ⚠️  Applying scale factor: 10 (values will be divided)
    Saved predictions (quantiles) to /fslarge/scratch/users/h61084/codes/improved/outputs/foundation_models/tasks/chronos_bolt/univariate/Supply_Chain_Customer/D/short/run_0/predictions.npz
    Computing per-window metrics...
    Saved metrics to /fslarge/scratch/users/h61084/codes/improved/outputs/foundation_models/tasks/chronos_bolt/univariate/Supply_Chain_Customer/D/short/run_0/metrics.npz
    Saved config to /fslarge/scratch/users/h61084/codes/improved/outputs/foundation_models/tasks/chronos_bolt/univariate/Supply_Chain_Customer/D/short/run_0/config.json
    Saved aggregate metrics to /fslarge/scratch/users/h61084/codes/improved/outputs/foundation_models/tasks/chronos_bolt/univariate/Supply_Chain_Customer/D/short/run_0/metrics_summary.json
    Metrics summary (averaged over all series/windows/variates):
      MSE: 32848610.4769
      MAE: 1710.8665
      RMSE: 2393.5512
      MAPE: 0.4313
      sMAPE: 0.4205
      MASE: 0.6131
      ND: 0.3630
      CRPS: 0.2916
  Output: /fslarge/scratch/users/h61084/codes/improved/outputs/foundation_models/tasks/chronos_bolt/univariate/Supply_Chain_Customer/D/short/run_0

============================================================
All experiments completed!
Results saved to: /scratch/users/h61084/codes/improved/outputs/foundation_models/tasks
============================================================

############################################################
# All datasets completed!
############################################################

############################################################
# Dataset 1/1: Supply_Chain_Location/D
############################################################
Loading configuration...

============================================================
Dataset: Supply_Chain_Location/D
Model: amazon/chronos-bolt-base
Terms: ['short']
============================================================
Loading Chronos-Bolt model: amazon/chronos-bolt-base from /fslarge/scratch/users/h61084/weights/chronos-bolt-base...

--- Term: short ---
  Config: prediction_length=30, test_length=365, val_length=90
  Dataset info:
    - Frequency: D
    - Num series: 1
    - Target dim: 51
    - Target mode: univariate
    - Series length: min=2007, max=2007, avg=2007.0
    - Test split: 365 steps
    - Prediction length: 30
    - Windows: 12
TIME run allocation action=new run=/fslarge/scratch/users/h61084/codes/improved/outputs/foundation_models/tasks/chronos_bolt/univariate/Supply_Chain_Location/D/short/run_0 launch_id=selena_20260907T230635Z_3389 slurm_job_id=3221286 launched_at=2026-09-07T23:22:02.342712+00:00
  Preparing input batches from Test split data...
    Total instances to forecast: 612
  Running predictions (Batch size: 16)...
    Processed 160/612...
    Processed 320/612...
    Processed 480/612...
    Total instances: 612, Series during experiment: 51, Windows: 12
    Collecting ground truth and context...
    Detected to_univariate case: 51 flat series -> 1 series x 51 variates
    Organizing data into arrays...
    ⚠️  Predictions max value (121406.55) exceeds float16 safe range.
    ⚠️  Applying scale factor: 10 (values will be divided)
    Saved predictions (quantiles) to /fslarge/scratch/users/h61084/codes/improved/outputs/foundation_models/tasks/chronos_bolt/univariate/Supply_Chain_Location/D/short/run_0/predictions.npz
    Computing per-window metrics...
    Saved metrics to /fslarge/scratch/users/h61084/codes/improved/outputs/foundation_models/tasks/chronos_bolt/univariate/Supply_Chain_Location/D/short/run_0/metrics.npz
    Saved config to /fslarge/scratch/users/h61084/codes/improved/outputs/foundation_models/tasks/chronos_bolt/univariate/Supply_Chain_Location/D/short/run_0/config.json
    Saved aggregate metrics to /fslarge/scratch/users/h61084/codes/improved/outputs/foundation_models/tasks/chronos_bolt/univariate/Supply_Chain_Location/D/short/run_0/metrics_summary.json
    Metrics summary (averaged over all series/windows/variates):
      MSE: 21468139.9859
      MAE: 1791.9018
      RMSE: 2409.5008
      MAPE: 0.5009
      sMAPE: 0.4225
      MASE: 0.6500
      ND: 0.3807
      CRPS: 0.3041
  Output: /fslarge/scratch/users/h61084/codes/improved/outputs/foundation_models/tasks/chronos_bolt/univariate/Supply_Chain_Location/D/short/run_0

============================================================
All experiments completed!
Results saved to: /scratch/users/h61084/codes/improved/outputs/foundation_models/tasks
============================================================

############################################################
# All datasets completed!
############################################################

############################################################
# Dataset 1/1: azure2019_D/5T
############################################################
Loading configuration...

============================================================
Dataset: azure2019_D/5T
Model: amazon/chronos-bolt-base
Terms: ['short']
============================================================
Loading Chronos-Bolt model: amazon/chronos-bolt-base from /fslarge/scratch/users/h61084/weights/chronos-bolt-base...

--- Term: short ---
  Config: prediction_length=288, test_length=864, val_length=864
  Dataset info:
    - Frequency: 5T
    - Num series: 989
    - Target dim: 3
    - Target mode: univariate
    - Series length: min=8073, max=8639, avg=8627.0
    - Test split: 864 steps
    - Prediction length: 288
    - Windows: 3
TIME run allocation action=new run=/fslarge/scratch/users/h61084/codes/improved/outputs/foundation_models/tasks/chronos_bolt/univariate/azure2019_D/5T/short/run_0 launch_id=selena_20260907T230635Z_3389 slurm_job_id=3221286 launched_at=2026-09-07T23:22:12.503220+00:00
  Preparing input batches from Test split data...
    Total instances to forecast: 8901
  Running predictions (Batch size: 16)...
    Processed 160/8901...
    Processed 320/8901...
    Processed 480/8901...
    Processed 640/8901...
    Processed 800/8901...
    Processed 960/8901...
    Processed 1120/8901...
    Processed 1280/8901...
    Processed 1440/8901...
    Processed 1600/8901...
    Processed 1760/8901...
    Processed 1920/8901...
    Processed 2080/8901...
    Processed 2240/8901...
    Processed 2400/8901...
    Processed 2560/8901...
    Processed 2720/8901...
    Processed 2880/8901...
    Processed 3040/8901...
    Processed 3200/8901...
    Processed 3360/8901...
    Processed 3520/8901...
    Processed 3680/8901...
    Processed 3840/8901...
    Processed 4000/8901...
    Processed 4160/8901...
    Processed 4320/8901...
    Processed 4480/8901...
    Processed 4640/8901...
    Processed 4800/8901...
    Processed 4960/8901...
    Processed 5120/8901...
    Processed 5280/8901...
    Processed 5440/8901...
    Processed 5600/8901...
    Processed 5760/8901...
    Processed 5920/8901...
    Processed 6080/8901...
    Processed 6240/8901...
    Processed 6400/8901...
    Processed 6560/8901...
    Processed 6720/8901...
    Processed 6880/8901...
    Processed 7040/8901...
    Processed 7200/8901...
    Processed 7360/8901...
    Processed 7520/8901...
    Processed 7680/8901...
    Processed 7840/8901...
    Processed 8000/8901...
    Processed 8160/8901...
    Processed 8320/8901...
    Processed 8480/8901...
    Processed 8640/8901...
    Processed 8800/8901...
    Total instances: 8901, Series during experiment: 2967, Windows: 3
    Collecting ground truth and context...
    Detected to_univariate case: 2967 flat series -> 989 series x 3 variates
    Organizing data into arrays...
    Saved predictions (quantiles) to /fslarge/scratch/users/h61084/codes/improved/outputs/foundation_models/tasks/chronos_bolt/univariate/azure2019_D/5T/short/run_0/predictions.npz
    Computing per-window metrics...
    Saved metrics to /fslarge/scratch/users/h61084/codes/improved/outputs/foundation_models/tasks/chronos_bolt/univariate/azure2019_D/5T/short/run_0/metrics.npz
    Saved config to /fslarge/scratch/users/h61084/codes/improved/outputs/foundation_models/tasks/chronos_bolt/univariate/azure2019_D/5T/short/run_0/config.json
    Saved aggregate metrics to /fslarge/scratch/users/h61084/codes/improved/outputs/foundation_models/tasks/chronos_bolt/univariate/azure2019_D/5T/short/run_0/metrics_summary.json
    Metrics summary (averaged over all series/windows/variates):
      MSE: 62.9263
      MAE: 2.9807
      RMSE: 4.0452
      MAPE: 0.2409
      sMAPE: 0.1939
      MASE: 0.8068
      ND: 0.1994
      CRPS: 0.1641
  Output: /fslarge/scratch/users/h61084/codes/improved/outputs/foundation_models/tasks/chronos_bolt/univariate/azure2019_D/5T/short/run_0

============================================================
All experiments completed!
Results saved to: /scratch/users/h61084/codes/improved/outputs/foundation_models/tasks
============================================================

############################################################
# All datasets completed!
############################################################

############################################################
# Dataset 1/1: azure2019_I/5T
############################################################
Loading configuration...

============================================================
Dataset: azure2019_I/5T
Model: amazon/chronos-bolt-base
Terms: ['short']
============================================================
Loading Chronos-Bolt model: amazon/chronos-bolt-base from /fslarge/scratch/users/h61084/weights/chronos-bolt-base...

--- Term: short ---
  Config: prediction_length=288, test_length=864, val_length=864
  Dataset info:
    - Frequency: 5T
    - Num series: 492
    - Target dim: 3
    - Target mode: univariate
    - Series length: min=8250, max=8639, avg=8630.4
    - Test split: 864 steps
    - Prediction length: 288
    - Windows: 3
TIME run allocation action=new run=/fslarge/scratch/users/h61084/codes/improved/outputs/foundation_models/tasks/chronos_bolt/univariate/azure2019_I/5T/short/run_0 launch_id=selena_20260907T230635Z_3389 slurm_job_id=3221286 launched_at=2026-09-07T23:28:03.185270+00:00
  Preparing input batches from Test split data...
    Total instances to forecast: 4428
  Running predictions (Batch size: 16)...
    Processed 160/4428...
    Processed 320/4428...
    Processed 480/4428...
    Processed 640/4428...
    Processed 800/4428...
    Processed 960/4428...
    Processed 1120/4428...
    Processed 1280/4428...
    Processed 1440/4428...
    Processed 1600/4428...
    Processed 1760/4428...
    Processed 1920/4428...
    Processed 2080/4428...
    Processed 2240/4428...
    Processed 2400/4428...
    Processed 2560/4428...
    Processed 2720/4428...
    Processed 2880/4428...
    Processed 3040/4428...
    Processed 3200/4428...
    Processed 3360/4428...
    Processed 3520/4428...
    Processed 3680/4428...
    Processed 3840/4428...
    Processed 4000/4428...
    Processed 4160/4428...
    Processed 4320/4428...
    Total instances: 4428, Series during experiment: 1476, Windows: 3
    Collecting ground truth and context...
    Detected to_univariate case: 1476 flat series -> 492 series x 3 variates
    Organizing data into arrays...
    Saved predictions (quantiles) to /fslarge/scratch/users/h61084/codes/improved/outputs/foundation_models/tasks/chronos_bolt/univariate/azure2019_I/5T/short/run_0/predictions.npz
    Computing per-window metrics...
    Saved metrics to /fslarge/scratch/users/h61084/codes/improved/outputs/foundation_models/tasks/chronos_bolt/univariate/azure2019_I/5T/short/run_0/metrics.npz
    Saved config to /fslarge/scratch/users/h61084/codes/improved/outputs/foundation_models/tasks/chronos_bolt/univariate/azure2019_I/5T/short/run_0/config.json
    Saved aggregate metrics to /fslarge/scratch/users/h61084/codes/improved/outputs/foundation_models/tasks/chronos_bolt/univariate/azure2019_I/5T/short/run_0/metrics_summary.json
    Metrics summary (averaged over all series/windows/variates):
      MSE: 53.7407
      MAE: 2.5716
      RMSE: 3.6391
      MAPE: 0.2263
      sMAPE: 0.1742
      MASE: 0.7880
      ND: 0.1796
      CRPS: 0.1459
  Output: /fslarge/scratch/users/h61084/codes/improved/outputs/foundation_models/tasks/chronos_bolt/univariate/azure2019_I/5T/short/run_0

============================================================
All experiments completed!
Results saved to: /scratch/users/h61084/codes/improved/outputs/foundation_models/tasks
============================================================

############################################################
# All datasets completed!
############################################################

############################################################
# Dataset 1/1: azure2019_U/5T
############################################################
Loading configuration...

============================================================
Dataset: azure2019_U/5T
Model: amazon/chronos-bolt-base
Terms: ['short']
============================================================
Loading Chronos-Bolt model: amazon/chronos-bolt-base from /fslarge/scratch/users/h61084/weights/chronos-bolt-base...

--- Term: short ---
  Config: prediction_length=48, test_length=288, val_length=96
  Dataset info:
    - Frequency: 5T
    - Num series: 78
    - Target dim: 3
    - Target mode: univariate
    - Series length: min=882, max=2006, avg=1406.1
    - Test split: 288 steps
    - Prediction length: 48
    - Windows: 6
TIME run allocation action=new run=/fslarge/scratch/users/h61084/codes/improved/outputs/foundation_models/tasks/chronos_bolt/univariate/azure2019_U/5T/short/run_0 launch_id=selena_20260907T230635Z_3389 slurm_job_id=3221286 launched_at=2026-09-07T23:31:02.008946+00:00
  Preparing input batches from Test split data...
    Total instances to forecast: 1404
  Running predictions (Batch size: 16)...
    Processed 160/1404...
    Processed 320/1404...
    Processed 480/1404...
    Processed 640/1404...
    Processed 800/1404...
    Processed 960/1404...
    Processed 1120/1404...
    Processed 1280/1404...
    Total instances: 1404, Series during experiment: 234, Windows: 6
    Collecting ground truth and context...
    Detected to_univariate case: 234 flat series -> 78 series x 3 variates
    Organizing data into arrays...
    Saved predictions (quantiles) to /fslarge/scratch/users/h61084/codes/improved/outputs/foundation_models/tasks/chronos_bolt/univariate/azure2019_U/5T/short/run_0/predictions.npz
    Computing per-window metrics...
    Saved metrics to /fslarge/scratch/users/h61084/codes/improved/outputs/foundation_models/tasks/chronos_bolt/univariate/azure2019_U/5T/short/run_0/metrics.npz
    Saved config to /fslarge/scratch/users/h61084/codes/improved/outputs/foundation_models/tasks/chronos_bolt/univariate/azure2019_U/5T/short/run_0/config.json
    Saved aggregate metrics to /fslarge/scratch/users/h61084/codes/improved/outputs/foundation_models/tasks/chronos_bolt/univariate/azure2019_U/5T/short/run_0/metrics_summary.json
    Metrics summary (averaged over all series/windows/variates):
      MSE: 71.6663
      MAE: 2.6218
      RMSE: 3.5617
      MAPE: 0.4058
      sMAPE: 0.2047
      MASE: 0.7730
      ND: 0.2184
      CRPS: 0.1794
  Output: /fslarge/scratch/users/h61084/codes/improved/outputs/foundation_models/tasks/chronos_bolt/univariate/azure2019_U/5T/short/run_0

============================================================
All experiments completed!
Results saved to: /scratch/users/h61084/codes/improved/outputs/foundation_models/tasks
============================================================

############################################################
# All datasets completed!
############################################################

############################################################
# Dataset 1/1: Smart_Manufacturing/H
############################################################
Loading configuration...

============================================================
Dataset: Smart_Manufacturing/H
Model: amazon/chronos-bolt-base
Terms: ['short', 'medium', 'long']
============================================================
Loading Chronos-Bolt model: amazon/chronos-bolt-base from /fslarge/scratch/users/h61084/weights/chronos-bolt-base...

--- Term: short ---
  Config: prediction_length=24, test_length=336, val_length=336
  Dataset info:
    - Frequency: H
    - Num series: 34
    - Target dim: 5
    - Target mode: univariate
    - Series length: min=1661, max=1667, avg=1665.9
    - Test split: 336 steps
    - Prediction length: 24
    - Windows: 14
TIME run allocation action=new run=/fslarge/scratch/users/h61084/codes/improved/outputs/foundation_models/tasks/chronos_bolt/univariate/Smart_Manufacturing/H/short/run_0 launch_id=selena_20260907T230635Z_3389 slurm_job_id=3221286 launched_at=2026-09-07T23:31:13.208538+00:00
  Preparing input batches from Test split data...
    Total instances to forecast: 2380
  Running predictions (Batch size: 16)...
    Processed 160/2380...
    Processed 320/2380...
    Processed 480/2380...
    Processed 640/2380...
    Processed 800/2380...
    Processed 960/2380...
    Processed 1120/2380...
    Processed 1280/2380...
    Processed 1440/2380...
    Processed 1600/2380...
    Processed 1760/2380...
    Processed 1920/2380...
    Processed 2080/2380...
    Processed 2240/2380...
    Total instances: 2380, Series during experiment: 170, Windows: 14
    Collecting ground truth and context...
    Detected to_univariate case: 170 flat series -> 34 series x 5 variates
    Organizing data into arrays...
    Saved predictions (quantiles) to /fslarge/scratch/users/h61084/codes/improved/outputs/foundation_models/tasks/chronos_bolt/univariate/Smart_Manufacturing/H/short/run_0/predictions.npz
    Computing per-window metrics...
    Saved metrics to /fslarge/scratch/users/h61084/codes/improved/outputs/foundation_models/tasks/chronos_bolt/univariate/Smart_Manufacturing/H/short/run_0/metrics.npz
    Saved config to /fslarge/scratch/users/h61084/codes/improved/outputs/foundation_models/tasks/chronos_bolt/univariate/Smart_Manufacturing/H/short/run_0/config.json
    Saved aggregate metrics to /fslarge/scratch/users/h61084/codes/improved/outputs/foundation_models/tasks/chronos_bolt/univariate/Smart_Manufacturing/H/short/run_0/metrics_summary.json
    Metrics summary (averaged over all series/windows/variates):
      MSE: 79.1682
      MAE: 5.7509
      RMSE: 7.1013
      MAPE: 0.3446
      sMAPE: 0.2264
      MASE: 0.7167
      ND: 0.2186
      CRPS: 0.1675
  Output: /fslarge/scratch/users/h61084/codes/improved/outputs/foundation_models/tasks/chronos_bolt/univariate/Smart_Manufacturing/H/short/run_0

--- Term: medium ---
  Config: prediction_length=168, test_length=336, val_length=336
  Dataset info:
    - Frequency: H
    - Num series: 34
    - Target dim: 5
    - Target mode: univariate
    - Series length: min=1661, max=1667, avg=1665.9
    - Test split: 336 steps
    - Prediction length: 168
    - Windows: 2
TIME run allocation action=new run=/fslarge/scratch/users/h61084/codes/improved/outputs/foundation_models/tasks/chronos_bolt/univariate/Smart_Manufacturing/H/medium/run_0 launch_id=selena_20260907T230635Z_3389 slurm_job_id=3221286 launched_at=2026-09-07T23:31:17.152858+00:00
  Preparing input batches from Test split data...
    Total instances to forecast: 340
  Running predictions (Batch size: 16)...
    Processed 160/340...
    Processed 320/340...
    Total instances: 340, Series during experiment: 170, Windows: 2
    Collecting ground truth and context...
    Detected to_univariate case: 170 flat series -> 34 series x 5 variates
    Organizing data into arrays...
    Saved predictions (quantiles) to /fslarge/scratch/users/h61084/codes/improved/outputs/foundation_models/tasks/chronos_bolt/univariate/Smart_Manufacturing/H/medium/run_0/predictions.npz
    Computing per-window metrics...
    Saved metrics to /fslarge/scratch/users/h61084/codes/improved/outputs/foundation_models/tasks/chronos_bolt/univariate/Smart_Manufacturing/H/medium/run_0/metrics.npz
    Saved config to /fslarge/scratch/users/h61084/codes/improved/outputs/foundation_models/tasks/chronos_bolt/univariate/Smart_Manufacturing/H/medium/run_0/config.json
    Saved aggregate metrics to /fslarge/scratch/users/h61084/codes/improved/outputs/foundation_models/tasks/chronos_bolt/univariate/Smart_Manufacturing/H/medium/run_0/metrics_summary.json
    Metrics summary (averaged over all series/windows/variates):
      MSE: 78.6815
      MAE: 5.7346
      RMSE: 7.1633
      MAPE: 0.3461
      sMAPE: 0.2259
      MASE: 0.7140
      ND: 0.2162
      CRPS: 0.1686
  Output: /fslarge/scratch/users/h61084/codes/improved/outputs/foundation_models/tasks/chronos_bolt/univariate/Smart_Manufacturing/H/medium/run_0

--- Term: long ---
  Config: prediction_length=336, test_length=336, val_length=336
  Dataset info:
    - Frequency: H
    - Num series: 34
    - Target dim: 5
    - Target mode: univariate
    - Series length: min=1661, max=1667, avg=1665.9
    - Test split: 336 steps
    - Prediction length: 336
    - Windows: 1
TIME run allocation action=new run=/fslarge/scratch/users/h61084/codes/improved/outputs/foundation_models/tasks/chronos_bolt/univariate/Smart_Manufacturing/H/long/run_0 launch_id=selena_20260907T230635Z_3389 slurm_job_id=3221286 launched_at=2026-09-07T23:31:22.208964+00:00
  Preparing input batches from Test split data...
    Total instances to forecast: 170
  Running predictions (Batch size: 16)...
    Processed 160/170...
    Total instances: 170, Series during experiment: 170, Windows: 1
    Collecting ground truth and context...
    Detected to_univariate case: 170 flat series -> 34 series x 5 variates
    Organizing data into arrays...
    Saved predictions (quantiles) to /fslarge/scratch/users/h61084/codes/improved/outputs/foundation_models/tasks/chronos_bolt/univariate/Smart_Manufacturing/H/long/run_0/predictions.npz
    Computing per-window metrics...
    Saved metrics to /fslarge/scratch/users/h61084/codes/improved/outputs/foundation_models/tasks/chronos_bolt/univariate/Smart_Manufacturing/H/long/run_0/metrics.npz
    Saved config to /fslarge/scratch/users/h61084/codes/improved/outputs/foundation_models/tasks/chronos_bolt/univariate/Smart_Manufacturing/H/long/run_0/config.json
    Saved aggregate metrics to /fslarge/scratch/users/h61084/codes/improved/outputs/foundation_models/tasks/chronos_bolt/univariate/Smart_Manufacturing/H/long/run_0/metrics_summary.json
    Metrics summary (averaged over all series/windows/variates):
      MSE: 78.7499
      MAE: 5.7349
      RMSE: 7.1749
      MAPE: 0.3493
      sMAPE: 0.2259
      MASE: 0.7137
      ND: 0.2162
      CRPS: 0.1739
  Output: /fslarge/scratch/users/h61084/codes/improved/outputs/foundation_models/tasks/chronos_bolt/univariate/Smart_Manufacturing/H/long/run_0

============================================================
All experiments completed!
Results saved to: /scratch/users/h61084/codes/improved/outputs/foundation_models/tasks
============================================================

############################################################
# All datasets completed!
############################################################

############################################################
# Dataset 1/1: MetroPT-3/5T
############################################################
Loading configuration...

============================================================
Dataset: MetroPT-3/5T
Model: amazon/chronos-bolt-base
Terms: ['short', 'medium', 'long']
============================================================
Loading Chronos-Bolt model: amazon/chronos-bolt-base from /fslarge/scratch/users/h61084/weights/chronos-bolt-base...

--- Term: short ---
  Config: prediction_length=48, test_length=1728, val_length=1728
  Dataset info:
    - Frequency: 5T
    - Num series: 1
    - Target dim: 6
    - Target mode: univariate
    - Series length: min=17809, max=17809, avg=17809.0
    - Test split: 1728 steps
    - Prediction length: 48
    - Windows: 36
TIME run allocation action=new run=/fslarge/scratch/users/h61084/codes/improved/outputs/foundation_models/tasks/chronos_bolt/univariate/MetroPT-3/5T/short/run_0 launch_id=selena_20260907T230635Z_3389 slurm_job_id=3221286 launched_at=2026-09-07T23:31:36.931885+00:00
  Preparing input batches from Test split data...
    Total instances to forecast: 216
  Running predictions (Batch size: 16)...
    Processed 160/216...
    Total instances: 216, Series during experiment: 6, Windows: 36
    Collecting ground truth and context...
    Detected to_univariate case: 6 flat series -> 1 series x 6 variates
    Organizing data into arrays...
    Saved predictions (quantiles) to /fslarge/scratch/users/h61084/codes/improved/outputs/foundation_models/tasks/chronos_bolt/univariate/MetroPT-3/5T/short/run_0/predictions.npz
    Computing per-window metrics...
    Saved metrics to /fslarge/scratch/users/h61084/codes/improved/outputs/foundation_models/tasks/chronos_bolt/univariate/MetroPT-3/5T/short/run_0/metrics.npz
    Saved config to /fslarge/scratch/users/h61084/codes/improved/outputs/foundation_models/tasks/chronos_bolt/univariate/MetroPT-3/5T/short/run_0/config.json
    Saved aggregate metrics to /fslarge/scratch/users/h61084/codes/improved/outputs/foundation_models/tasks/chronos_bolt/univariate/MetroPT-3/5T/short/run_0/metrics_summary.json
    Metrics summary (averaged over all series/windows/variates):
      MSE: 3.5402
      MAE: 1.1859
      RMSE: 1.5190
      MAPE: 5.0638
      sMAPE: 0.4972
      MASE: 0.6495
      ND: 0.3394
      CRPS: 0.2533
  Output: /fslarge/scratch/users/h61084/codes/improved/outputs/foundation_models/tasks/chronos_bolt/univariate/MetroPT-3/5T/short/run_0

--- Term: medium ---
  Config: prediction_length=288, test_length=1728, val_length=1728
  Dataset info:
    - Frequency: 5T
    - Num series: 1
    - Target dim: 6
    - Target mode: univariate
    - Series length: min=17809, max=17809, avg=17809.0
    - Test split: 1728 steps
    - Prediction length: 288
    - Windows: 6
TIME run allocation action=new run=/fslarge/scratch/users/h61084/codes/improved/outputs/foundation_models/tasks/chronos_bolt/univariate/MetroPT-3/5T/medium/run_0 launch_id=selena_20260907T230635Z_3389 slurm_job_id=3221286 launched_at=2026-09-07T23:31:37.567184+00:00
  Preparing input batches from Test split data...
    Total instances to forecast: 36
  Running predictions (Batch size: 16)...
    Total instances: 36, Series during experiment: 6, Windows: 6
    Collecting ground truth and context...
    Detected to_univariate case: 6 flat series -> 1 series x 6 variates
    Organizing data into arrays...
    Saved predictions (quantiles) to /fslarge/scratch/users/h61084/codes/improved/outputs/foundation_models/tasks/chronos_bolt/univariate/MetroPT-3/5T/medium/run_0/predictions.npz
    Computing per-window metrics...
    Saved metrics to /fslarge/scratch/users/h61084/codes/improved/outputs/foundation_models/tasks/chronos_bolt/univariate/MetroPT-3/5T/medium/run_0/metrics.npz
    Saved config to /fslarge/scratch/users/h61084/codes/improved/outputs/foundation_models/tasks/chronos_bolt/univariate/MetroPT-3/5T/medium/run_0/config.json
    Saved aggregate metrics to /fslarge/scratch/users/h61084/codes/improved/outputs/foundation_models/tasks/chronos_bolt/univariate/MetroPT-3/5T/medium/run_0/metrics_summary.json
    Metrics summary (averaged over all series/windows/variates):
      MSE: 3.4239
      MAE: 1.2081
      RMSE: 1.5178
      MAPE: 7.1321
      sMAPE: 0.4817
      MASE: 0.6856
      ND: 0.3474
      CRPS: 0.2611
  Output: /fslarge/scratch/users/h61084/codes/improved/outputs/foundation_models/tasks/chronos_bolt/univariate/MetroPT-3/5T/medium/run_0

--- Term: long ---
  Config: prediction_length=576, test_length=1728, val_length=1728
  Dataset info:
    - Frequency: 5T
    - Num series: 1
    - Target dim: 6
    - Target mode: univariate
    - Series length: min=17809, max=17809, avg=17809.0
    - Test split: 1728 steps
    - Prediction length: 576
    - Windows: 3
TIME run allocation action=new run=/fslarge/scratch/users/h61084/codes/improved/outputs/foundation_models/tasks/chronos_bolt/univariate/MetroPT-3/5T/long/run_0 launch_id=selena_20260907T230635Z_3389 slurm_job_id=3221286 launched_at=2026-09-07T23:31:39.018097+00:00
  Preparing input batches from Test split data...
    Total instances to forecast: 18
  Running predictions (Batch size: 16)...
    Total instances: 18, Series during experiment: 6, Windows: 3
    Collecting ground truth and context...
    Detected to_univariate case: 6 flat series -> 1 series x 6 variates
    Organizing data into arrays...
    Saved predictions (quantiles) to /fslarge/scratch/users/h61084/codes/improved/outputs/foundation_models/tasks/chronos_bolt/univariate/MetroPT-3/5T/long/run_0/predictions.npz
    Computing per-window metrics...
    Saved metrics to /fslarge/scratch/users/h61084/codes/improved/outputs/foundation_models/tasks/chronos_bolt/univariate/MetroPT-3/5T/long/run_0/metrics.npz
    Saved config to /fslarge/scratch/users/h61084/codes/improved/outputs/foundation_models/tasks/chronos_bolt/univariate/MetroPT-3/5T/long/run_0/config.json
    Saved aggregate metrics to /fslarge/scratch/users/h61084/codes/improved/outputs/foundation_models/tasks/chronos_bolt/univariate/MetroPT-3/5T/long/run_0/metrics_summary.json
    Metrics summary (averaged over all series/windows/variates):
      MSE: 3.3339
      MAE: 1.2067
      RMSE: 1.5065
      MAPE: 6.7195
      sMAPE: 0.4852
      MASE: 0.6948
      ND: 0.3485
      CRPS: 0.2770
  Output: /fslarge/scratch/users/h61084/codes/improved/outputs/foundation_models/tasks/chronos_bolt/univariate/MetroPT-3/5T/long/run_0

============================================================
All experiments completed!
Results saved to: /scratch/users/h61084/codes/improved/outputs/foundation_models/tasks
============================================================

############################################################
# All datasets completed!
############################################################
2026-09-08 01:31:41 | task model=chronos_bolt runner=run_chronos_bolt.sh environment=uv covariate_mode=none target_mode=auto completed status=success
2026-09-08 01:31:41 | stage evaluate completed status=success
2026-09-08 01:31:41 | workflow foundation_models completed status=success exit_code=0
