2026-09-09 10:48:58 | workflow foundation_models started launch_id=selena_20260909T084557Z_38191 task=chronos_bolt slurm_job_id=3241611 slurm_array_job_id=none slurm_array_task_id=none
2026-09-09 10:48:58 | stage evaluate started
2026-09-09 10:48:58 | task model=chronos_bolt runner=run_chronos_bolt.sh environment=uv covariate_mode=none target_mode=auto started
[2026-09-09 10:48:58] TIME runner: run_chronos_bolt.sh
[2026-09-09 10:48:58] datasets: /scratch/users/h61084/datasets/hf_dataset
[2026-09-09 10:48:58] weights: /scratch/users/h61084/weights
[2026-09-09 10:48:58] outputs: /scratch/users/h61084/codes/improved/outputs
[2026-09-09 10:48:58] covariate mode: none
[2026-09-09 10:48:58] target mode: auto

############################################################
# Dataset 1/1: Water_Quality_Darwin/15T
############################################################
Loading configuration...

============================================================
Dataset: Water_Quality_Darwin/15T
Model: amazon/chronos-bolt-base
Terms: ['short', 'medium', 'long']
============================================================
Loading Chronos-Bolt model: amazon/chronos-bolt-base from /fslarge/scratch/users/h61084/weights/chronos-bolt-base...

--- Term: short ---
  Config: prediction_length=16, test_length=1440, val_length=1440
  Dataset info:
    - Frequency: 15T
    - Num series: 7
    - Target dim: 6
    - Target mode: univariate
    - Series length: min=8662, max=18985, avg=15229.4
    - Test split: 1440 steps
    - Prediction length: 16
    - Windows: 90
TIME run allocation action=skip run=/fslarge/scratch/users/h61084/codes/improved/outputs/foundation_models/tasks/chronos_bolt/univariate/Water_Quality_Darwin/15T/short/run_0 source_launch=selena_20260908T145416Z_18651 launch_id=selena_20260909T084557Z_38191 slurm_job_id=3241611 launched_at=2026-09-09T08:50:04.701413+00:00
  Reused completed task: /fslarge/scratch/users/h61084/codes/improved/outputs/foundation_models/tasks/chronos_bolt/univariate/Water_Quality_Darwin/15T/short/run_0

--- Term: medium ---
  Config: prediction_length=96, test_length=1440, val_length=1440
  Dataset info:
    - Frequency: 15T
    - Num series: 7
    - Target dim: 6
    - Target mode: univariate
    - Series length: min=8662, max=18985, avg=15229.4
    - Test split: 1440 steps
    - Prediction length: 96
    - Windows: 15
TIME run allocation action=skip run=/fslarge/scratch/users/h61084/codes/improved/outputs/foundation_models/tasks/chronos_bolt/univariate/Water_Quality_Darwin/15T/medium/run_0 source_launch=selena_20260908T145416Z_18651 launch_id=selena_20260909T084557Z_38191 slurm_job_id=3241611 launched_at=2026-09-09T08:50:04.730137+00:00
  Reused completed task: /fslarge/scratch/users/h61084/codes/improved/outputs/foundation_models/tasks/chronos_bolt/univariate/Water_Quality_Darwin/15T/medium/run_0

--- Term: long ---
  Config: prediction_length=288, test_length=1440, val_length=1440
  Dataset info:
    - Frequency: 15T
    - Num series: 7
    - Target dim: 6
    - Target mode: univariate
    - Series length: min=8662, max=18985, avg=15229.4
    - Test split: 1440 steps
    - Prediction length: 288
    - Windows: 5
TIME run allocation action=skip run=/fslarge/scratch/users/h61084/codes/improved/outputs/foundation_models/tasks/chronos_bolt/univariate/Water_Quality_Darwin/15T/long/run_0 source_launch=selena_20260908T145416Z_18651 launch_id=selena_20260909T084557Z_38191 slurm_job_id=3241611 launched_at=2026-09-09T08:50:04.757687+00:00
  Reused completed task: /fslarge/scratch/users/h61084/codes/improved/outputs/foundation_models/tasks/chronos_bolt/univariate/Water_Quality_Darwin/15T/long/run_0

============================================================
All experiments completed!
Results saved to: /scratch/users/h61084/codes/improved/outputs/foundation_models/tasks
============================================================

############################################################
# All datasets completed!
############################################################

############################################################
# Dataset 1/1: current_velocity/5T
############################################################
Loading configuration...

============================================================
Dataset: current_velocity/5T
Model: amazon/chronos-bolt-base
Terms: ['short', 'medium', 'long']
============================================================
Loading Chronos-Bolt model: amazon/chronos-bolt-base from /fslarge/scratch/users/h61084/weights/chronos-bolt-base...

--- Term: short ---
  Config: prediction_length=36, test_length=4320, val_length=4320
  Dataset info:
    - Frequency: 5T
    - Num series: 1
    - Target dim: 6
    - Target mode: univariate
    - Series length: min=26486, max=26486, avg=26486.0
    - Test split: 4320 steps
    - Prediction length: 36
    - Windows: 120
TIME run allocation action=skip run=/fslarge/scratch/users/h61084/codes/improved/outputs/foundation_models/tasks/chronos_bolt/univariate/current_velocity/5T/short/run_0 source_launch=selena_20260908T145416Z_18651 launch_id=selena_20260909T084557Z_38191 slurm_job_id=3241611 launched_at=2026-09-09T08:50:19.376456+00:00
  Reused completed task: /fslarge/scratch/users/h61084/codes/improved/outputs/foundation_models/tasks/chronos_bolt/univariate/current_velocity/5T/short/run_0

--- Term: medium ---
  Config: prediction_length=288, test_length=4320, val_length=4320
  Dataset info:
    - Frequency: 5T
    - Num series: 1
    - Target dim: 6
    - Target mode: univariate
    - Series length: min=26486, max=26486, avg=26486.0
    - Test split: 4320 steps
    - Prediction length: 288
    - Windows: 15
TIME run allocation action=skip run=/fslarge/scratch/users/h61084/codes/improved/outputs/foundation_models/tasks/chronos_bolt/univariate/current_velocity/5T/medium/run_0 source_launch=selena_20260908T145416Z_18651 launch_id=selena_20260909T084557Z_38191 slurm_job_id=3241611 launched_at=2026-09-09T08:50:19.416664+00:00
  Reused completed task: /fslarge/scratch/users/h61084/codes/improved/outputs/foundation_models/tasks/chronos_bolt/univariate/current_velocity/5T/medium/run_0

--- Term: long ---
  Config: prediction_length=864, test_length=4320, val_length=4320
  Dataset info:
    - Frequency: 5T
    - Num series: 1
    - Target dim: 6
    - Target mode: univariate
    - Series length: min=26486, max=26486, avg=26486.0
    - Test split: 4320 steps
    - Prediction length: 864
    - Windows: 5
TIME run allocation action=skip run=/fslarge/scratch/users/h61084/codes/improved/outputs/foundation_models/tasks/chronos_bolt/univariate/current_velocity/5T/long/run_0 source_launch=selena_20260908T145416Z_18651 launch_id=selena_20260909T084557Z_38191 slurm_job_id=3241611 launched_at=2026-09-09T08:50:19.454557+00:00
  Reused completed task: /fslarge/scratch/users/h61084/codes/improved/outputs/foundation_models/tasks/chronos_bolt/univariate/current_velocity/5T/long/run_0

============================================================
All experiments completed!
Results saved to: /scratch/users/h61084/codes/improved/outputs/foundation_models/tasks
============================================================

############################################################
# All datasets completed!
############################################################

############################################################
# Dataset 1/1: current_velocity/10T
############################################################
Loading configuration...

============================================================
Dataset: current_velocity/10T
Model: amazon/chronos-bolt-base
Terms: ['short', 'medium', 'long']
============================================================
Loading Chronos-Bolt model: amazon/chronos-bolt-base from /fslarge/scratch/users/h61084/weights/chronos-bolt-base...

--- Term: short ---
  Config: prediction_length=18, test_length=2160, val_length=2160
  Dataset info:
    - Frequency: 10T
    - Num series: 10
    - Target dim: 6
    - Target mode: univariate
    - Series length: min=7481, max=31957, avg=20668.5
    - Test split: 2160 steps
    - Prediction length: 18
    - Windows: 120
TIME run allocation action=skip run=/fslarge/scratch/users/h61084/codes/improved/outputs/foundation_models/tasks/chronos_bolt/univariate/current_velocity/10T/short/run_0 source_launch=selena_20260908T145416Z_18651 launch_id=selena_20260909T084557Z_38191 slurm_job_id=3241611 launched_at=2026-09-09T08:50:28.340930+00:00
  Reused completed task: /fslarge/scratch/users/h61084/codes/improved/outputs/foundation_models/tasks/chronos_bolt/univariate/current_velocity/10T/short/run_0

--- Term: medium ---
  Config: prediction_length=144, test_length=2160, val_length=2160
  Dataset info:
    - Frequency: 10T
    - Num series: 10
    - Target dim: 6
    - Target mode: univariate
    - Series length: min=7481, max=31957, avg=20668.5
    - Test split: 2160 steps
    - Prediction length: 144
    - Windows: 15
TIME run allocation action=skip run=/fslarge/scratch/users/h61084/codes/improved/outputs/foundation_models/tasks/chronos_bolt/univariate/current_velocity/10T/medium/run_0 source_launch=selena_20260908T145416Z_18651 launch_id=selena_20260909T084557Z_38191 slurm_job_id=3241611 launched_at=2026-09-09T08:50:28.386143+00:00
  Reused completed task: /fslarge/scratch/users/h61084/codes/improved/outputs/foundation_models/tasks/chronos_bolt/univariate/current_velocity/10T/medium/run_0

--- Term: long ---
  Config: prediction_length=432, test_length=2160, val_length=2160
  Dataset info:
    - Frequency: 10T
    - Num series: 10
    - Target dim: 6
    - Target mode: univariate
    - Series length: min=7481, max=31957, avg=20668.5
    - Test split: 2160 steps
    - Prediction length: 432
    - Windows: 5
TIME run allocation action=skip run=/fslarge/scratch/users/h61084/codes/improved/outputs/foundation_models/tasks/chronos_bolt/univariate/current_velocity/10T/long/run_0 source_launch=selena_20260908T145416Z_18651 launch_id=selena_20260909T084557Z_38191 slurm_job_id=3241611 launched_at=2026-09-09T08:50:28.428767+00:00
  Reused completed task: /fslarge/scratch/users/h61084/codes/improved/outputs/foundation_models/tasks/chronos_bolt/univariate/current_velocity/10T/long/run_0

============================================================
All experiments completed!
Results saved to: /scratch/users/h61084/codes/improved/outputs/foundation_models/tasks
============================================================

############################################################
# All datasets completed!
############################################################

############################################################
# Dataset 1/1: current_velocity/15T
############################################################
Loading configuration...

============================================================
Dataset: current_velocity/15T
Model: amazon/chronos-bolt-base
Terms: ['short', 'medium', 'long']
============================================================
Loading Chronos-Bolt model: amazon/chronos-bolt-base from /fslarge/scratch/users/h61084/weights/chronos-bolt-base...

--- Term: short ---
  Config: prediction_length=12, test_length=1440, val_length=1440
  Dataset info:
    - Frequency: 15T
    - Num series: 5
    - Target dim: 6
    - Target mode: univariate
    - Series length: min=3710, max=17953, avg=8503.2
    - Test split: 1440 steps
    - Prediction length: 12
    - Windows: 120
TIME run allocation action=skip run=/fslarge/scratch/users/h61084/codes/improved/outputs/foundation_models/tasks/chronos_bolt/univariate/current_velocity/15T/short/run_0 source_launch=selena_20260908T145416Z_18651 launch_id=selena_20260909T084557Z_38191 slurm_job_id=3241611 launched_at=2026-09-09T08:50:37.309812+00:00
  Reused completed task: /fslarge/scratch/users/h61084/codes/improved/outputs/foundation_models/tasks/chronos_bolt/univariate/current_velocity/15T/short/run_0

--- Term: medium ---
  Config: prediction_length=96, test_length=1440, val_length=1440
  Dataset info:
    - Frequency: 15T
    - Num series: 5
    - Target dim: 6
    - Target mode: univariate
    - Series length: min=3710, max=17953, avg=8503.2
    - Test split: 1440 steps
    - Prediction length: 96
    - Windows: 15
TIME run allocation action=skip run=/fslarge/scratch/users/h61084/codes/improved/outputs/foundation_models/tasks/chronos_bolt/univariate/current_velocity/15T/medium/run_0 source_launch=selena_20260908T145416Z_18651 launch_id=selena_20260909T084557Z_38191 slurm_job_id=3241611 launched_at=2026-09-09T08:50:37.338543+00:00
  Reused completed task: /fslarge/scratch/users/h61084/codes/improved/outputs/foundation_models/tasks/chronos_bolt/univariate/current_velocity/15T/medium/run_0

--- Term: long ---
  Config: prediction_length=288, test_length=1440, val_length=1440
  Dataset info:
    - Frequency: 15T
    - Num series: 5
    - Target dim: 6
    - Target mode: univariate
    - Series length: min=3710, max=17953, avg=8503.2
    - Test split: 1440 steps
    - Prediction length: 288
    - Windows: 5
TIME run allocation action=skip run=/fslarge/scratch/users/h61084/codes/improved/outputs/foundation_models/tasks/chronos_bolt/univariate/current_velocity/15T/long/run_0 source_launch=selena_20260908T145416Z_18651 launch_id=selena_20260909T084557Z_38191 slurm_job_id=3241611 launched_at=2026-09-09T08:50:37.365814+00:00
  Reused completed task: /fslarge/scratch/users/h61084/codes/improved/outputs/foundation_models/tasks/chronos_bolt/univariate/current_velocity/15T/long/run_0

============================================================
All experiments completed!
Results saved to: /scratch/users/h61084/codes/improved/outputs/foundation_models/tasks
============================================================

############################################################
# All datasets completed!
############################################################

############################################################
# Dataset 1/1: current_velocity/20T
############################################################
Loading configuration...

============================================================
Dataset: current_velocity/20T
Model: amazon/chronos-bolt-base
Terms: ['short', 'medium', 'long']
============================================================
Loading Chronos-Bolt model: amazon/chronos-bolt-base from /fslarge/scratch/users/h61084/weights/chronos-bolt-base...

--- Term: short ---
  Config: prediction_length=9, test_length=1080, val_length=1080
  Dataset info:
    - Frequency: 20T
    - Num series: 27
    - Target dim: 6
    - Target mode: univariate
    - Series length: min=2529, max=16759, avg=6460.2
    - Test split: 1080 steps
    - Prediction length: 9
    - Windows: 120
TIME run allocation action=skip run=/fslarge/scratch/users/h61084/codes/improved/outputs/foundation_models/tasks/chronos_bolt/univariate/current_velocity/20T/short/run_0 source_launch=selena_20260908T145416Z_18651 launch_id=selena_20260909T084557Z_38191 slurm_job_id=3241611 launched_at=2026-09-09T08:50:46.234855+00:00
  Reused completed task: /fslarge/scratch/users/h61084/codes/improved/outputs/foundation_models/tasks/chronos_bolt/univariate/current_velocity/20T/short/run_0

--- Term: medium ---
  Config: prediction_length=72, test_length=1080, val_length=1080
  Dataset info:
    - Frequency: 20T
    - Num series: 27
    - Target dim: 6
    - Target mode: univariate
    - Series length: min=2529, max=16759, avg=6460.2
    - Test split: 1080 steps
    - Prediction length: 72
    - Windows: 15
TIME run allocation action=skip run=/fslarge/scratch/users/h61084/codes/improved/outputs/foundation_models/tasks/chronos_bolt/univariate/current_velocity/20T/medium/run_0 source_launch=selena_20260908T145416Z_18651 launch_id=selena_20260909T084557Z_38191 slurm_job_id=3241611 launched_at=2026-09-09T08:50:46.248648+00:00
  Reused completed task: /fslarge/scratch/users/h61084/codes/improved/outputs/foundation_models/tasks/chronos_bolt/univariate/current_velocity/20T/medium/run_0

--- Term: long ---
  Config: prediction_length=216, test_length=1080, val_length=1080
  Dataset info:
    - Frequency: 20T
    - Num series: 27
    - Target dim: 6
    - Target mode: univariate
    - Series length: min=2529, max=16759, avg=6460.2
    - Test split: 1080 steps
    - Prediction length: 216
    - Windows: 5
TIME run allocation action=skip run=/fslarge/scratch/users/h61084/codes/improved/outputs/foundation_models/tasks/chronos_bolt/univariate/current_velocity/20T/long/run_0 source_launch=selena_20260908T145416Z_18651 launch_id=selena_20260909T084557Z_38191 slurm_job_id=3241611 launched_at=2026-09-09T08:50:46.262066+00:00
  Reused completed task: /fslarge/scratch/users/h61084/codes/improved/outputs/foundation_models/tasks/chronos_bolt/univariate/current_velocity/20T/long/run_0

============================================================
All experiments completed!
Results saved to: /scratch/users/h61084/codes/improved/outputs/foundation_models/tasks
============================================================

############################################################
# All datasets completed!
############################################################

############################################################
# Dataset 1/1: current_velocity/H
############################################################
Loading configuration...

============================================================
Dataset: current_velocity/H
Model: amazon/chronos-bolt-base
Terms: ['short', 'medium', 'long']
============================================================
Loading Chronos-Bolt model: amazon/chronos-bolt-base from /fslarge/scratch/users/h61084/weights/chronos-bolt-base...

--- Term: short ---
  Config: prediction_length=24, test_length=672, val_length=672
  Dataset info:
    - Frequency: H
    - Num series: 21
    - Target dim: 6
    - Target mode: univariate
    - Series length: min=2208, max=5587, avg=3502.3
    - Test split: 672 steps
    - Prediction length: 24
    - Windows: 28
TIME run allocation action=skip run=/fslarge/scratch/users/h61084/codes/improved/outputs/foundation_models/tasks/chronos_bolt/univariate/current_velocity/H/short/run_0 source_launch=selena_20260908T145416Z_18651 launch_id=selena_20260909T084557Z_38191 slurm_job_id=3241611 launched_at=2026-09-09T08:50:55.178814+00:00
  Reused completed task: /fslarge/scratch/users/h61084/codes/improved/outputs/foundation_models/tasks/chronos_bolt/univariate/current_velocity/H/short/run_0

--- Term: medium ---
  Config: prediction_length=168, test_length=672, val_length=672
  Dataset info:
    - Frequency: H
    - Num series: 21
    - Target dim: 6
    - Target mode: univariate
    - Series length: min=2208, max=5587, avg=3502.3
    - Test split: 672 steps
    - Prediction length: 168
    - Windows: 4
TIME run allocation action=skip run=/fslarge/scratch/users/h61084/codes/improved/outputs/foundation_models/tasks/chronos_bolt/univariate/current_velocity/H/medium/run_0 source_launch=selena_20260908T145416Z_18651 launch_id=selena_20260909T084557Z_38191 slurm_job_id=3241611 launched_at=2026-09-09T08:50:55.193708+00:00
  Reused completed task: /fslarge/scratch/users/h61084/codes/improved/outputs/foundation_models/tasks/chronos_bolt/univariate/current_velocity/H/medium/run_0

--- Term: long ---
  Config: prediction_length=336, test_length=672, val_length=672
  Dataset info:
    - Frequency: H
    - Num series: 21
    - Target dim: 6
    - Target mode: univariate
    - Series length: min=2208, max=5587, avg=3502.3
    - Test split: 672 steps
    - Prediction length: 336
    - Windows: 2
TIME run allocation action=skip run=/fslarge/scratch/users/h61084/codes/improved/outputs/foundation_models/tasks/chronos_bolt/univariate/current_velocity/H/long/run_0 source_launch=selena_20260908T145416Z_18651 launch_id=selena_20260909T084557Z_38191 slurm_job_id=3241611 launched_at=2026-09-09T08:50:55.208030+00:00
  Reused completed task: /fslarge/scratch/users/h61084/codes/improved/outputs/foundation_models/tasks/chronos_bolt/univariate/current_velocity/H/long/run_0

============================================================
All experiments completed!
Results saved to: /scratch/users/h61084/codes/improved/outputs/foundation_models/tasks
============================================================

############################################################
# All datasets completed!
############################################################

############################################################
# Dataset 1/1: CPHL/15T
############################################################
Loading configuration...

============================================================
Dataset: CPHL/15T
Model: amazon/chronos-bolt-base
Terms: ['short', 'medium', 'long']
============================================================
Loading Chronos-Bolt model: amazon/chronos-bolt-base from /fslarge/scratch/users/h61084/weights/chronos-bolt-base...

--- Term: short ---
  Config: prediction_length=12, test_length=1440, val_length=1440
  Dataset info:
    - Frequency: 15T
    - Num series: 2
    - Target dim: 1
    - Target mode: univariate
    - Series length: min=9956, max=10831, avg=10393.5
    - Test split: 1440 steps
    - Prediction length: 12
    - Windows: 120
TIME run allocation action=skip run=/fslarge/scratch/users/h61084/codes/improved/outputs/foundation_models/tasks/chronos_bolt/univariate/CPHL/15T/short/run_0 source_launch=selena_20260908T145416Z_18651 launch_id=selena_20260909T084557Z_38191 slurm_job_id=3241611 launched_at=2026-09-09T08:51:04.076483+00:00
  Reused completed task: /fslarge/scratch/users/h61084/codes/improved/outputs/foundation_models/tasks/chronos_bolt/univariate/CPHL/15T/short/run_0

--- Term: medium ---
  Config: prediction_length=96, test_length=1440, val_length=1440
  Dataset info:
    - Frequency: 15T
    - Num series: 2
    - Target dim: 1
    - Target mode: univariate
    - Series length: min=9956, max=10831, avg=10393.5
    - Test split: 1440 steps
    - Prediction length: 96
    - Windows: 15
TIME run allocation action=skip run=/fslarge/scratch/users/h61084/codes/improved/outputs/foundation_models/tasks/chronos_bolt/univariate/CPHL/15T/medium/run_0 source_launch=selena_20260908T145416Z_18651 launch_id=selena_20260909T084557Z_38191 slurm_job_id=3241611 launched_at=2026-09-09T08:51:04.084748+00:00
  Reused completed task: /fslarge/scratch/users/h61084/codes/improved/outputs/foundation_models/tasks/chronos_bolt/univariate/CPHL/15T/medium/run_0

--- Term: long ---
  Config: prediction_length=288, test_length=1440, val_length=1440
  Dataset info:
    - Frequency: 15T
    - Num series: 2
    - Target dim: 1
    - Target mode: univariate
    - Series length: min=9956, max=10831, avg=10393.5
    - Test split: 1440 steps
    - Prediction length: 288
    - Windows: 5
TIME run allocation action=skip run=/fslarge/scratch/users/h61084/codes/improved/outputs/foundation_models/tasks/chronos_bolt/univariate/CPHL/15T/long/run_0 source_launch=selena_20260908T145416Z_18651 launch_id=selena_20260909T084557Z_38191 slurm_job_id=3241611 launched_at=2026-09-09T08:51:04.092940+00:00
  Reused completed task: /fslarge/scratch/users/h61084/codes/improved/outputs/foundation_models/tasks/chronos_bolt/univariate/CPHL/15T/long/run_0

============================================================
All experiments completed!
Results saved to: /scratch/users/h61084/codes/improved/outputs/foundation_models/tasks
============================================================

############################################################
# All datasets completed!
############################################################

############################################################
# Dataset 1/1: CPHL/30T
############################################################
Loading configuration...

============================================================
Dataset: CPHL/30T
Model: amazon/chronos-bolt-base
Terms: ['short', 'medium', 'long']
============================================================
Loading Chronos-Bolt model: amazon/chronos-bolt-base from /fslarge/scratch/users/h61084/weights/chronos-bolt-base...

--- Term: short ---
  Config: prediction_length=12, test_length=1440, val_length=1440
  Dataset info:
    - Frequency: 30T
    - Num series: 2
    - Target dim: 1
    - Target mode: univariate
    - Series length: min=11808, max=17566, avg=14687.0
    - Test split: 1440 steps
    - Prediction length: 12
    - Windows: 120
TIME run allocation action=skip run=/fslarge/scratch/users/h61084/codes/improved/outputs/foundation_models/tasks/chronos_bolt/univariate/CPHL/30T/short/run_0 source_launch=selena_20260908T145416Z_18651 launch_id=selena_20260909T084557Z_38191 slurm_job_id=3241611 launched_at=2026-09-09T08:51:12.983227+00:00
  Reused completed task: /fslarge/scratch/users/h61084/codes/improved/outputs/foundation_models/tasks/chronos_bolt/univariate/CPHL/30T/short/run_0

--- Term: medium ---
  Config: prediction_length=48, test_length=1440, val_length=1440
  Dataset info:
    - Frequency: 30T
    - Num series: 2
    - Target dim: 1
    - Target mode: univariate
    - Series length: min=11808, max=17566, avg=14687.0
    - Test split: 1440 steps
    - Prediction length: 48
    - Windows: 30
TIME run allocation action=skip run=/fslarge/scratch/users/h61084/codes/improved/outputs/foundation_models/tasks/chronos_bolt/univariate/CPHL/30T/medium/run_0 source_launch=selena_20260908T145416Z_18651 launch_id=selena_20260909T084557Z_38191 slurm_job_id=3241611 launched_at=2026-09-09T08:51:12.991786+00:00
  Reused completed task: /fslarge/scratch/users/h61084/codes/improved/outputs/foundation_models/tasks/chronos_bolt/univariate/CPHL/30T/medium/run_0

--- Term: long ---
  Config: prediction_length=144, test_length=1440, val_length=1440
  Dataset info:
    - Frequency: 30T
    - Num series: 2
    - Target dim: 1
    - Target mode: univariate
    - Series length: min=11808, max=17566, avg=14687.0
    - Test split: 1440 steps
    - Prediction length: 144
    - Windows: 10
TIME run allocation action=skip run=/fslarge/scratch/users/h61084/codes/improved/outputs/foundation_models/tasks/chronos_bolt/univariate/CPHL/30T/long/run_0 source_launch=selena_20260908T145416Z_18651 launch_id=selena_20260909T084557Z_38191 slurm_job_id=3241611 launched_at=2026-09-09T08:51:12.999621+00:00
  Reused completed task: /fslarge/scratch/users/h61084/codes/improved/outputs/foundation_models/tasks/chronos_bolt/univariate/CPHL/30T/long/run_0

============================================================
All experiments completed!
Results saved to: /scratch/users/h61084/codes/improved/outputs/foundation_models/tasks
============================================================

############################################################
# All datasets completed!
############################################################

############################################################
# Dataset 1/1: CPHL/H
############################################################
Loading configuration...

============================================================
Dataset: CPHL/H
Model: amazon/chronos-bolt-base
Terms: ['short', 'medium', 'long']
============================================================
Loading Chronos-Bolt model: amazon/chronos-bolt-base from /fslarge/scratch/users/h61084/weights/chronos-bolt-base...

--- Term: short ---
  Config: prediction_length=24, test_length=672, val_length=672
  Dataset info:
    - Frequency: H
    - Num series: 4
    - Target dim: 1
    - Target mode: univariate
    - Series length: min=2490, max=8783, avg=4971.2
    - Test split: 672 steps
    - Prediction length: 24
    - Windows: 28
TIME run allocation action=skip run=/fslarge/scratch/users/h61084/codes/improved/outputs/foundation_models/tasks/chronos_bolt/univariate/CPHL/H/short/run_0 source_launch=selena_20260908T145416Z_18651 launch_id=selena_20260909T084557Z_38191 slurm_job_id=3241611 launched_at=2026-09-09T08:51:21.848970+00:00
  Reused completed task: /fslarge/scratch/users/h61084/codes/improved/outputs/foundation_models/tasks/chronos_bolt/univariate/CPHL/H/short/run_0

--- Term: medium ---
  Config: prediction_length=168, test_length=672, val_length=672
  Dataset info:
    - Frequency: H
    - Num series: 4
    - Target dim: 1
    - Target mode: univariate
    - Series length: min=2490, max=8783, avg=4971.2
    - Test split: 672 steps
    - Prediction length: 168
    - Windows: 4
TIME run allocation action=skip run=/fslarge/scratch/users/h61084/codes/improved/outputs/foundation_models/tasks/chronos_bolt/univariate/CPHL/H/medium/run_0 source_launch=selena_20260908T145416Z_18651 launch_id=selena_20260909T084557Z_38191 slurm_job_id=3241611 launched_at=2026-09-09T08:51:21.856732+00:00
  Reused completed task: /fslarge/scratch/users/h61084/codes/improved/outputs/foundation_models/tasks/chronos_bolt/univariate/CPHL/H/medium/run_0

--- Term: long ---
  Config: prediction_length=336, test_length=672, val_length=672
  Dataset info:
    - Frequency: H
    - Num series: 4
    - Target dim: 1
    - Target mode: univariate
    - Series length: min=2490, max=8783, avg=4971.2
    - Test split: 672 steps
    - Prediction length: 336
    - Windows: 2
TIME run allocation action=skip run=/fslarge/scratch/users/h61084/codes/improved/outputs/foundation_models/tasks/chronos_bolt/univariate/CPHL/H/long/run_0 source_launch=selena_20260908T145416Z_18651 launch_id=selena_20260909T084557Z_38191 slurm_job_id=3241611 launched_at=2026-09-09T08:51:21.864061+00:00
  Reused completed task: /fslarge/scratch/users/h61084/codes/improved/outputs/foundation_models/tasks/chronos_bolt/univariate/CPHL/H/long/run_0

============================================================
All experiments completed!
Results saved to: /scratch/users/h61084/codes/improved/outputs/foundation_models/tasks
============================================================

############################################################
# All datasets completed!
############################################################

############################################################
# Dataset 1/1: Coastal_T_S/5T
############################################################
Loading configuration...

============================================================
Dataset: Coastal_T_S/5T
Model: amazon/chronos-bolt-base
Terms: ['short', 'medium', 'long']
============================================================
Loading Chronos-Bolt model: amazon/chronos-bolt-base from /fslarge/scratch/users/h61084/weights/chronos-bolt-base...

--- Term: short ---
  Config: prediction_length=36, test_length=4320, val_length=4320
  Dataset info:
    - Frequency: 5T
    - Num series: 18
    - Target dim: 3
    - Target mode: univariate
    - Series length: min=44614, max=105408, avg=68604.9
    - Test split: 4320 steps
    - Prediction length: 36
    - Windows: 120
TIME run allocation action=skip run=/fslarge/scratch/users/h61084/codes/improved/outputs/foundation_models/tasks/chronos_bolt/univariate/Coastal_T_S/5T/short/run_0 source_launch=selena_20260908T145416Z_18651 launch_id=selena_20260909T084557Z_38191 slurm_job_id=3241611 launched_at=2026-09-09T08:51:30.771242+00:00
  Reused completed task: /fslarge/scratch/users/h61084/codes/improved/outputs/foundation_models/tasks/chronos_bolt/univariate/Coastal_T_S/5T/short/run_0

--- Term: medium ---
  Config: prediction_length=288, test_length=4320, val_length=4320
  Dataset info:
    - Frequency: 5T
    - Num series: 18
    - Target dim: 3
    - Target mode: univariate
    - Series length: min=44614, max=105408, avg=68604.9
    - Test split: 4320 steps
    - Prediction length: 288
    - Windows: 15
TIME run allocation action=skip run=/fslarge/scratch/users/h61084/codes/improved/outputs/foundation_models/tasks/chronos_bolt/univariate/Coastal_T_S/5T/medium/run_0 source_launch=selena_20260908T145416Z_18651 launch_id=selena_20260909T084557Z_38191 slurm_job_id=3241611 launched_at=2026-09-09T08:51:30.848090+00:00
  Reused completed task: /fslarge/scratch/users/h61084/codes/improved/outputs/foundation_models/tasks/chronos_bolt/univariate/Coastal_T_S/5T/medium/run_0

--- Term: long ---
  Config: prediction_length=864, test_length=4320, val_length=4320
  Dataset info:
    - Frequency: 5T
    - Num series: 18
    - Target dim: 3
    - Target mode: univariate
    - Series length: min=44614, max=105408, avg=68604.9
    - Test split: 4320 steps
    - Prediction length: 864
    - Windows: 5
TIME run allocation action=skip run=/fslarge/scratch/users/h61084/codes/improved/outputs/foundation_models/tasks/chronos_bolt/univariate/Coastal_T_S/5T/long/run_0 source_launch=selena_20260908T145416Z_18651 launch_id=selena_20260909T084557Z_38191 slurm_job_id=3241611 launched_at=2026-09-09T08:51:30.922068+00:00
  Reused completed task: /fslarge/scratch/users/h61084/codes/improved/outputs/foundation_models/tasks/chronos_bolt/univariate/Coastal_T_S/5T/long/run_0

============================================================
All experiments completed!
Results saved to: /scratch/users/h61084/codes/improved/outputs/foundation_models/tasks
============================================================

############################################################
# All datasets completed!
############################################################

############################################################
# Dataset 1/1: Coastal_T_S/15T
############################################################
Loading configuration...

============================================================
Dataset: Coastal_T_S/15T
Model: amazon/chronos-bolt-base
Terms: ['short', 'medium', 'long']
============================================================
Loading Chronos-Bolt model: amazon/chronos-bolt-base from /fslarge/scratch/users/h61084/weights/chronos-bolt-base...

--- Term: short ---
  Config: prediction_length=12, test_length=1440, val_length=1440
  Dataset info:
    - Frequency: 15T
    - Num series: 5
    - Target dim: 3
    - Target mode: univariate
    - Series length: min=16686, max=23134, avg=20870.2
    - Test split: 1440 steps
    - Prediction length: 12
    - Windows: 120
TIME run allocation action=skip run=/fslarge/scratch/users/h61084/codes/improved/outputs/foundation_models/tasks/chronos_bolt/univariate/Coastal_T_S/15T/short/run_0 source_launch=selena_20260908T145416Z_18651 launch_id=selena_20260909T084557Z_38191 slurm_job_id=3241611 launched_at=2026-09-09T08:51:39.802368+00:00
  Reused completed task: /fslarge/scratch/users/h61084/codes/improved/outputs/foundation_models/tasks/chronos_bolt/univariate/Coastal_T_S/15T/short/run_0

--- Term: medium ---
  Config: prediction_length=96, test_length=1440, val_length=1440
  Dataset info:
    - Frequency: 15T
    - Num series: 5
    - Target dim: 3
    - Target mode: univariate
    - Series length: min=16686, max=23134, avg=20870.2
    - Test split: 1440 steps
    - Prediction length: 96
    - Windows: 15
TIME run allocation action=skip run=/fslarge/scratch/users/h61084/codes/improved/outputs/foundation_models/tasks/chronos_bolt/univariate/Coastal_T_S/15T/medium/run_0 source_launch=selena_20260908T145416Z_18651 launch_id=selena_20260909T084557Z_38191 slurm_job_id=3241611 launched_at=2026-09-09T08:51:39.823155+00:00
  Reused completed task: /fslarge/scratch/users/h61084/codes/improved/outputs/foundation_models/tasks/chronos_bolt/univariate/Coastal_T_S/15T/medium/run_0

--- Term: long ---
  Config: prediction_length=288, test_length=1440, val_length=1440
  Dataset info:
    - Frequency: 15T
    - Num series: 5
    - Target dim: 3
    - Target mode: univariate
    - Series length: min=16686, max=23134, avg=20870.2
    - Test split: 1440 steps
    - Prediction length: 288
    - Windows: 5
TIME run allocation action=skip run=/fslarge/scratch/users/h61084/codes/improved/outputs/foundation_models/tasks/chronos_bolt/univariate/Coastal_T_S/15T/long/run_0 source_launch=selena_20260908T145416Z_18651 launch_id=selena_20260909T084557Z_38191 slurm_job_id=3241611 launched_at=2026-09-09T08:51:39.843322+00:00
  Reused completed task: /fslarge/scratch/users/h61084/codes/improved/outputs/foundation_models/tasks/chronos_bolt/univariate/Coastal_T_S/15T/long/run_0

============================================================
All experiments completed!
Results saved to: /scratch/users/h61084/codes/improved/outputs/foundation_models/tasks
============================================================

############################################################
# All datasets completed!
############################################################

############################################################
# Dataset 1/1: Coastal_T_S/20T
############################################################
Loading configuration...

============================================================
Dataset: Coastal_T_S/20T
Model: amazon/chronos-bolt-base
Terms: ['short', 'medium', 'long']
============================================================
Loading Chronos-Bolt model: amazon/chronos-bolt-base from /fslarge/scratch/users/h61084/weights/chronos-bolt-base...

--- Term: short ---
  Config: prediction_length=9, test_length=1080, val_length=1080
  Dataset info:
    - Frequency: 20T
    - Num series: 1
    - Target dim: 3
    - Target mode: univariate
    - Series length: min=8198, max=8198, avg=8198.0
    - Test split: 1080 steps
    - Prediction length: 9
    - Windows: 120
TIME run allocation action=skip run=/fslarge/scratch/users/h61084/codes/improved/outputs/foundation_models/tasks/chronos_bolt/univariate/Coastal_T_S/20T/short/run_0 source_launch=selena_20260908T145416Z_18651 launch_id=selena_20260909T084557Z_38191 slurm_job_id=3241611 launched_at=2026-09-09T08:51:48.694910+00:00
  Reused completed task: /fslarge/scratch/users/h61084/codes/improved/outputs/foundation_models/tasks/chronos_bolt/univariate/Coastal_T_S/20T/short/run_0

--- Term: medium ---
  Config: prediction_length=72, test_length=1080, val_length=1080
  Dataset info:
    - Frequency: 20T
    - Num series: 1
    - Target dim: 3
    - Target mode: univariate
    - Series length: min=8198, max=8198, avg=8198.0
    - Test split: 1080 steps
    - Prediction length: 72
    - Windows: 15
TIME run allocation action=skip run=/fslarge/scratch/users/h61084/codes/improved/outputs/foundation_models/tasks/chronos_bolt/univariate/Coastal_T_S/20T/medium/run_0 source_launch=selena_20260908T145416Z_18651 launch_id=selena_20260909T084557Z_38191 slurm_job_id=3241611 launched_at=2026-09-09T08:51:48.708634+00:00
  Reused completed task: /fslarge/scratch/users/h61084/codes/improved/outputs/foundation_models/tasks/chronos_bolt/univariate/Coastal_T_S/20T/medium/run_0

--- Term: long ---
  Config: prediction_length=216, test_length=1080, val_length=1080
  Dataset info:
    - Frequency: 20T
    - Num series: 1
    - Target dim: 3
    - Target mode: univariate
    - Series length: min=8198, max=8198, avg=8198.0
    - Test split: 1080 steps
    - Prediction length: 216
    - Windows: 5
TIME run allocation action=skip run=/fslarge/scratch/users/h61084/codes/improved/outputs/foundation_models/tasks/chronos_bolt/univariate/Coastal_T_S/20T/long/run_0 source_launch=selena_20260908T145416Z_18651 launch_id=selena_20260909T084557Z_38191 slurm_job_id=3241611 launched_at=2026-09-09T08:51:48.721898+00:00
  Reused completed task: /fslarge/scratch/users/h61084/codes/improved/outputs/foundation_models/tasks/chronos_bolt/univariate/Coastal_T_S/20T/long/run_0

============================================================
All experiments completed!
Results saved to: /scratch/users/h61084/codes/improved/outputs/foundation_models/tasks
============================================================

############################################################
# All datasets completed!
############################################################

############################################################
# Dataset 1/1: Coastal_T_S/H
############################################################
Loading configuration...

============================================================
Dataset: Coastal_T_S/H
Model: amazon/chronos-bolt-base
Terms: ['short', 'medium', 'long']
============================================================
Loading Chronos-Bolt model: amazon/chronos-bolt-base from /fslarge/scratch/users/h61084/weights/chronos-bolt-base...

--- Term: short ---
  Config: prediction_length=24, test_length=672, val_length=672
  Dataset info:
    - Frequency: H
    - Num series: 24
    - Target dim: 3
    - Target mode: univariate
    - Series length: min=2733, max=8784, avg=5488.8
    - Test split: 672 steps
    - Prediction length: 24
    - Windows: 28
TIME run allocation action=skip run=/fslarge/scratch/users/h61084/codes/improved/outputs/foundation_models/tasks/chronos_bolt/univariate/Coastal_T_S/H/short/run_0 source_launch=selena_20260908T145416Z_18651 launch_id=selena_20260909T084557Z_38191 slurm_job_id=3241611 launched_at=2026-09-09T08:51:57.635132+00:00
  Reused completed task: /fslarge/scratch/users/h61084/codes/improved/outputs/foundation_models/tasks/chronos_bolt/univariate/Coastal_T_S/H/short/run_0

--- Term: medium ---
  Config: prediction_length=168, test_length=672, val_length=672
  Dataset info:
    - Frequency: H
    - Num series: 24
    - Target dim: 3
    - Target mode: univariate
    - Series length: min=2733, max=8784, avg=5488.8
    - Test split: 672 steps
    - Prediction length: 168
    - Windows: 4
TIME run allocation action=skip run=/fslarge/scratch/users/h61084/codes/improved/outputs/foundation_models/tasks/chronos_bolt/univariate/Coastal_T_S/H/medium/run_0 source_launch=selena_20260908T145416Z_18651 launch_id=selena_20260909T084557Z_38191 slurm_job_id=3241611 launched_at=2026-09-09T08:51:57.649620+00:00
  Reused completed task: /fslarge/scratch/users/h61084/codes/improved/outputs/foundation_models/tasks/chronos_bolt/univariate/Coastal_T_S/H/medium/run_0

--- Term: long ---
  Config: prediction_length=336, test_length=672, val_length=672
  Dataset info:
    - Frequency: H
    - Num series: 24
    - Target dim: 3
    - Target mode: univariate
    - Series length: min=2733, max=8784, avg=5488.8
    - Test split: 672 steps
    - Prediction length: 336
    - Windows: 2
TIME run allocation action=skip run=/fslarge/scratch/users/h61084/codes/improved/outputs/foundation_models/tasks/chronos_bolt/univariate/Coastal_T_S/H/long/run_0 source_launch=selena_20260908T145416Z_18651 launch_id=selena_20260909T084557Z_38191 slurm_job_id=3241611 launched_at=2026-09-09T08:51:57.663119+00:00
  Reused completed task: /fslarge/scratch/users/h61084/codes/improved/outputs/foundation_models/tasks/chronos_bolt/univariate/Coastal_T_S/H/long/run_0

============================================================
All experiments completed!
Results saved to: /scratch/users/h61084/codes/improved/outputs/foundation_models/tasks
============================================================

############################################################
# All datasets completed!
############################################################

############################################################
# Dataset 1/1: SG_Weather/D
############################################################
Loading configuration...

============================================================
Dataset: SG_Weather/D
Model: amazon/chronos-bolt-base
Terms: ['short', 'medium', 'long']
============================================================
Loading Chronos-Bolt model: amazon/chronos-bolt-base from /fslarge/scratch/users/h61084/weights/chronos-bolt-base...

--- Term: short ---
  Config: prediction_length=3, test_length=366, val_length=366
  Dataset info:
    - Frequency: D
    - Num series: 6
    - Target dim: 4
    - Target mode: univariate
    - Series length: min=2953, max=2953, avg=2953.0
    - Test split: 366 steps
    - Prediction length: 3
    - Windows: 122
TIME run allocation action=skip run=/fslarge/scratch/users/h61084/codes/improved/outputs/foundation_models/tasks/chronos_bolt/univariate/SG_Weather/D/short/run_0 source_launch=selena_20260908T145416Z_18651 launch_id=selena_20260909T084557Z_38191 slurm_job_id=3241611 launched_at=2026-09-09T08:52:06.522709+00:00
  Reused completed task: /fslarge/scratch/users/h61084/codes/improved/outputs/foundation_models/tasks/chronos_bolt/univariate/SG_Weather/D/short/run_0

--- Term: medium ---
  Config: prediction_length=7, test_length=366, val_length=366
  Dataset info:
    - Frequency: D
    - Num series: 6
    - Target dim: 4
    - Target mode: univariate
    - Series length: min=2953, max=2953, avg=2953.0
    - Test split: 366 steps
    - Prediction length: 7
    - Windows: 52
TIME run allocation action=skip run=/fslarge/scratch/users/h61084/codes/improved/outputs/foundation_models/tasks/chronos_bolt/univariate/SG_Weather/D/medium/run_0 source_launch=selena_20260908T145416Z_18651 launch_id=selena_20260909T084557Z_38191 slurm_job_id=3241611 launched_at=2026-09-09T08:52:06.534288+00:00
  Reused completed task: /fslarge/scratch/users/h61084/codes/improved/outputs/foundation_models/tasks/chronos_bolt/univariate/SG_Weather/D/medium/run_0

--- Term: long ---
  Config: prediction_length=14, test_length=366, val_length=366
  Dataset info:
    - Frequency: D
    - Num series: 6
    - Target dim: 4
    - Target mode: univariate
    - Series length: min=2953, max=2953, avg=2953.0
    - Test split: 366 steps
    - Prediction length: 14
    - Windows: 26
TIME run allocation action=skip run=/fslarge/scratch/users/h61084/codes/improved/outputs/foundation_models/tasks/chronos_bolt/univariate/SG_Weather/D/long/run_0 source_launch=selena_20260908T145416Z_18651 launch_id=selena_20260909T084557Z_38191 slurm_job_id=3241611 launched_at=2026-09-09T08:52:06.545346+00:00
  Reused completed task: /fslarge/scratch/users/h61084/codes/improved/outputs/foundation_models/tasks/chronos_bolt/univariate/SG_Weather/D/long/run_0

============================================================
All experiments completed!
Results saved to: /scratch/users/h61084/codes/improved/outputs/foundation_models/tasks
============================================================

############################################################
# All datasets completed!
############################################################

############################################################
# Dataset 1/1: SG_PM25/H
############################################################
Loading configuration...

============================================================
Dataset: SG_PM25/H
Model: amazon/chronos-bolt-base
Terms: ['short', 'medium', 'long']
============================================================
Loading Chronos-Bolt model: amazon/chronos-bolt-base from /fslarge/scratch/users/h61084/weights/chronos-bolt-base...

--- Term: short ---
  Config: prediction_length=24, test_length=2208, val_length=2160
  Dataset info:
    - Frequency: H
    - Num series: 1
    - Target dim: 5
    - Target mode: univariate
    - Series length: min=38688, max=38688, avg=38688.0
    - Test split: 2208 steps
    - Prediction length: 24
    - Windows: 92
TIME run allocation action=skip run=/fslarge/scratch/users/h61084/codes/improved/outputs/foundation_models/tasks/chronos_bolt/univariate/SG_PM25/H/short/run_0 source_launch=selena_20260908T145416Z_18651 launch_id=selena_20260909T084557Z_38191 slurm_job_id=3241611 launched_at=2026-09-09T08:52:15.485192+00:00
  Reused completed task: /fslarge/scratch/users/h61084/codes/improved/outputs/foundation_models/tasks/chronos_bolt/univariate/SG_PM25/H/short/run_0

--- Term: medium ---
  Config: prediction_length=72, test_length=2208, val_length=2160
  Dataset info:
    - Frequency: H
    - Num series: 1
    - Target dim: 5
    - Target mode: univariate
    - Series length: min=38688, max=38688, avg=38688.0
    - Test split: 2208 steps
    - Prediction length: 72
    - Windows: 30
TIME run allocation action=skip run=/fslarge/scratch/users/h61084/codes/improved/outputs/foundation_models/tasks/chronos_bolt/univariate/SG_PM25/H/medium/run_0 source_launch=selena_20260908T145416Z_18651 launch_id=selena_20260909T084557Z_38191 slurm_job_id=3241611 launched_at=2026-09-09T08:52:15.534502+00:00
  Reused completed task: /fslarge/scratch/users/h61084/codes/improved/outputs/foundation_models/tasks/chronos_bolt/univariate/SG_PM25/H/medium/run_0

--- Term: long ---
  Config: prediction_length=168, test_length=2208, val_length=2160
  Dataset info:
    - Frequency: H
    - Num series: 1
    - Target dim: 5
    - Target mode: univariate
    - Series length: min=38688, max=38688, avg=38688.0
    - Test split: 2208 steps
    - Prediction length: 168
    - Windows: 13
TIME run allocation action=skip run=/fslarge/scratch/users/h61084/codes/improved/outputs/foundation_models/tasks/chronos_bolt/univariate/SG_PM25/H/long/run_0 source_launch=selena_20260908T145416Z_18651 launch_id=selena_20260909T084557Z_38191 slurm_job_id=3241611 launched_at=2026-09-09T08:52:15.581323+00:00
  Reused completed task: /fslarge/scratch/users/h61084/codes/improved/outputs/foundation_models/tasks/chronos_bolt/univariate/SG_PM25/H/long/run_0

============================================================
All experiments completed!
Results saved to: /scratch/users/h61084/codes/improved/outputs/foundation_models/tasks
============================================================

############################################################
# All datasets completed!
############################################################

############################################################
# Dataset 1/1: NE_China_Wind/H
############################################################
Loading configuration...

============================================================
Dataset: NE_China_Wind/H
Model: amazon/chronos-bolt-base
Terms: ['short', 'medium', 'long']
============================================================
Loading Chronos-Bolt model: amazon/chronos-bolt-base from /fslarge/scratch/users/h61084/weights/chronos-bolt-base...

--- Term: short ---
  Config: prediction_length=24, test_length=720, val_length=720
  Dataset info:
    - Frequency: H
    - Num series: 1
    - Target dim: 4
    - Target mode: univariate
    - Series length: min=8764, max=8764, avg=8764.0
    - Test split: 720 steps
    - Prediction length: 24
    - Windows: 30
TIME run allocation action=skip run=/fslarge/scratch/users/h61084/codes/improved/outputs/foundation_models/tasks/chronos_bolt/univariate/NE_China_Wind/H/short/run_0 source_launch=selena_20260908T145416Z_18651 launch_id=selena_20260909T084557Z_38191 slurm_job_id=3241611 launched_at=2026-09-09T08:52:24.454630+00:00
  Reused completed task: /fslarge/scratch/users/h61084/codes/improved/outputs/foundation_models/tasks/chronos_bolt/univariate/NE_China_Wind/H/short/run_0

--- Term: medium ---
  Config: prediction_length=72, test_length=720, val_length=720
  Dataset info:
    - Frequency: H
    - Num series: 1
    - Target dim: 4
    - Target mode: univariate
    - Series length: min=8764, max=8764, avg=8764.0
    - Test split: 720 steps
    - Prediction length: 72
    - Windows: 10
TIME run allocation action=skip run=/fslarge/scratch/users/h61084/codes/improved/outputs/foundation_models/tasks/chronos_bolt/univariate/NE_China_Wind/H/medium/run_0 source_launch=selena_20260908T145416Z_18651 launch_id=selena_20260909T084557Z_38191 slurm_job_id=3241611 launched_at=2026-09-09T08:52:24.470115+00:00
  Reused completed task: /fslarge/scratch/users/h61084/codes/improved/outputs/foundation_models/tasks/chronos_bolt/univariate/NE_China_Wind/H/medium/run_0

--- Term: long ---
  Config: prediction_length=168, test_length=720, val_length=720
  Dataset info:
    - Frequency: H
    - Num series: 1
    - Target dim: 4
    - Target mode: univariate
    - Series length: min=8764, max=8764, avg=8764.0
    - Test split: 720 steps
    - Prediction length: 168
    - Windows: 4
TIME run allocation action=skip run=/fslarge/scratch/users/h61084/codes/improved/outputs/foundation_models/tasks/chronos_bolt/univariate/NE_China_Wind/H/long/run_0 source_launch=selena_20260908T145416Z_18651 launch_id=selena_20260909T084557Z_38191 slurm_job_id=3241611 launched_at=2026-09-09T08:52:24.485349+00:00
  Reused completed task: /fslarge/scratch/users/h61084/codes/improved/outputs/foundation_models/tasks/chronos_bolt/univariate/NE_China_Wind/H/long/run_0

============================================================
All experiments completed!
Results saved to: /scratch/users/h61084/codes/improved/outputs/foundation_models/tasks
============================================================

############################################################
# All datasets completed!
############################################################

############################################################
# Dataset 1/1: Australia_Solar/H
############################################################
Loading configuration...

============================================================
Dataset: Australia_Solar/H
Model: amazon/chronos-bolt-base
Terms: ['short', 'medium', 'long']
============================================================
Loading Chronos-Bolt model: amazon/chronos-bolt-base from /fslarge/scratch/users/h61084/weights/chronos-bolt-base...

--- Term: short ---
  Config: prediction_length=24, test_length=2520, val_length=2520
  Dataset info:
    - Frequency: H
    - Num series: 1
    - Target dim: 3
    - Target mode: univariate
    - Series length: min=35064, max=35064, avg=35064.0
    - Test split: 2520 steps
    - Prediction length: 24
    - Windows: 105
TIME run allocation action=skip run=/fslarge/scratch/users/h61084/codes/improved/outputs/foundation_models/tasks/chronos_bolt/univariate/Australia_Solar/H/short/run_0 source_launch=selena_20260908T145416Z_18651 launch_id=selena_20260909T084557Z_38191 slurm_job_id=3241611 launched_at=2026-09-09T08:52:33.391793+00:00
  Reused completed task: /fslarge/scratch/users/h61084/codes/improved/outputs/foundation_models/tasks/chronos_bolt/univariate/Australia_Solar/H/short/run_0

--- Term: medium ---
  Config: prediction_length=72, test_length=2520, val_length=2520
  Dataset info:
    - Frequency: H
    - Num series: 1
    - Target dim: 3
    - Target mode: univariate
    - Series length: min=35064, max=35064, avg=35064.0
    - Test split: 2520 steps
    - Prediction length: 72
    - Windows: 35
TIME run allocation action=skip run=/fslarge/scratch/users/h61084/codes/improved/outputs/foundation_models/tasks/chronos_bolt/univariate/Australia_Solar/H/medium/run_0 source_launch=selena_20260908T145416Z_18651 launch_id=selena_20260909T084557Z_38191 slurm_job_id=3241611 launched_at=2026-09-09T08:52:33.420362+00:00
  Reused completed task: /fslarge/scratch/users/h61084/codes/improved/outputs/foundation_models/tasks/chronos_bolt/univariate/Australia_Solar/H/medium/run_0

--- Term: long ---
  Config: prediction_length=168, test_length=2520, val_length=2520
  Dataset info:
    - Frequency: H
    - Num series: 1
    - Target dim: 3
    - Target mode: univariate
    - Series length: min=35064, max=35064, avg=35064.0
    - Test split: 2520 steps
    - Prediction length: 168
    - Windows: 15
TIME run allocation action=skip run=/fslarge/scratch/users/h61084/codes/improved/outputs/foundation_models/tasks/chronos_bolt/univariate/Australia_Solar/H/long/run_0 source_launch=selena_20260908T145416Z_18651 launch_id=selena_20260909T084557Z_38191 slurm_job_id=3241611 launched_at=2026-09-09T08:52:33.447276+00:00
  Reused completed task: /fslarge/scratch/users/h61084/codes/improved/outputs/foundation_models/tasks/chronos_bolt/univariate/Australia_Solar/H/long/run_0

============================================================
All experiments completed!
Results saved to: /scratch/users/h61084/codes/improved/outputs/foundation_models/tasks
============================================================

############################################################
# All datasets completed!
############################################################

############################################################
# Dataset 1/1: epf_electricity_price/H
############################################################
Loading configuration...

============================================================
Dataset: epf_electricity_price/H
Model: amazon/chronos-bolt-base
Terms: ['short', 'medium', 'long']
============================================================
Loading Chronos-Bolt model: amazon/chronos-bolt-base from /fslarge/scratch/users/h61084/weights/chronos-bolt-base...

--- Term: short ---
  Config: prediction_length=24, test_length=2520, val_length=2520
  Dataset info:
    - Frequency: H
    - Num series: 5
    - Target dim: 1
    - Target mode: univariate
    - Series length: min=52416, max=52416, avg=52416.0
    - Test split: 2520 steps
    - Prediction length: 24
    - Windows: 105
TIME run allocation action=skip run=/fslarge/scratch/users/h61084/codes/improved/outputs/foundation_models/tasks/chronos_bolt/univariate/epf_electricity_price/H/short/run_0 source_launch=selena_20260908T145416Z_18651 launch_id=selena_20260909T084557Z_38191 slurm_job_id=3241611 launched_at=2026-09-09T08:52:42.321461+00:00
  Reused completed task: /fslarge/scratch/users/h61084/codes/improved/outputs/foundation_models/tasks/chronos_bolt/univariate/epf_electricity_price/H/short/run_0

--- Term: medium ---
  Config: prediction_length=72, test_length=2520, val_length=2520
  Dataset info:
    - Frequency: H
    - Num series: 5
    - Target dim: 1
    - Target mode: univariate
    - Series length: min=52416, max=52416, avg=52416.0
    - Test split: 2520 steps
    - Prediction length: 72
    - Windows: 35
TIME run allocation action=skip run=/fslarge/scratch/users/h61084/codes/improved/outputs/foundation_models/tasks/chronos_bolt/univariate/epf_electricity_price/H/medium/run_0 source_launch=selena_20260908T145416Z_18651 launch_id=selena_20260909T084557Z_38191 slurm_job_id=3241611 launched_at=2026-09-09T08:52:42.334013+00:00
  Reused completed task: /fslarge/scratch/users/h61084/codes/improved/outputs/foundation_models/tasks/chronos_bolt/univariate/epf_electricity_price/H/medium/run_0

--- Term: long ---
  Config: prediction_length=168, test_length=2520, val_length=2520
  Dataset info:
    - Frequency: H
    - Num series: 5
    - Target dim: 1
    - Target mode: univariate
    - Series length: min=52416, max=52416, avg=52416.0
    - Test split: 2520 steps
    - Prediction length: 168
    - Windows: 15
TIME run allocation action=skip run=/fslarge/scratch/users/h61084/codes/improved/outputs/foundation_models/tasks/chronos_bolt/univariate/epf_electricity_price/H/long/run_0 source_launch=selena_20260908T145416Z_18651 launch_id=selena_20260909T084557Z_38191 slurm_job_id=3241611 launched_at=2026-09-09T08:52:42.346506+00:00
  Reused completed task: /fslarge/scratch/users/h61084/codes/improved/outputs/foundation_models/tasks/chronos_bolt/univariate/epf_electricity_price/H/long/run_0

============================================================
All experiments completed!
Results saved to: /scratch/users/h61084/codes/improved/outputs/foundation_models/tasks
============================================================

############################################################
# All datasets completed!
############################################################

############################################################
# Dataset 1/1: OpenElectricity_NEM/5T
############################################################
Loading configuration...

============================================================
Dataset: OpenElectricity_NEM/5T
Model: amazon/chronos-bolt-base
Terms: ['short', 'medium', 'long']
============================================================
Loading Chronos-Bolt model: amazon/chronos-bolt-base from /fslarge/scratch/users/h61084/weights/chronos-bolt-base...

--- Term: short ---
  Config: prediction_length=24, test_length=4032, val_length=4032
  Dataset info:
    - Frequency: 5T
    - Num series: 1
    - Target dim: 10
    - Target mode: univariate
    - Series length: min=43488, max=43488, avg=43488.0
    - Test split: 4032 steps
    - Prediction length: 24
    - Windows: 168
TIME run allocation action=skip run=/fslarge/scratch/users/h61084/codes/improved/outputs/foundation_models/tasks/chronos_bolt/univariate/OpenElectricity_NEM/5T/short/run_0 source_launch=selena_20260908T145416Z_18651 launch_id=selena_20260909T084557Z_38191 slurm_job_id=3241611 launched_at=2026-09-09T08:52:51.314354+00:00
  Reused completed task: /fslarge/scratch/users/h61084/codes/improved/outputs/foundation_models/tasks/chronos_bolt/univariate/OpenElectricity_NEM/5T/short/run_0

--- Term: medium ---
  Config: prediction_length=96, test_length=4032, val_length=4032
  Dataset info:
    - Frequency: 5T
    - Num series: 1
    - Target dim: 10
    - Target mode: univariate
    - Series length: min=43488, max=43488, avg=43488.0
    - Test split: 4032 steps
    - Prediction length: 96
    - Windows: 42
TIME run allocation action=skip run=/fslarge/scratch/users/h61084/codes/improved/outputs/foundation_models/tasks/chronos_bolt/univariate/OpenElectricity_NEM/5T/medium/run_0 source_launch=selena_20260908T145416Z_18651 launch_id=selena_20260909T084557Z_38191 slurm_job_id=3241611 launched_at=2026-09-09T08:52:51.417654+00:00
  Reused completed task: /fslarge/scratch/users/h61084/codes/improved/outputs/foundation_models/tasks/chronos_bolt/univariate/OpenElectricity_NEM/5T/medium/run_0

--- Term: long ---
  Config: prediction_length=288, test_length=4032, val_length=4032
  Dataset info:
    - Frequency: 5T
    - Num series: 1
    - Target dim: 10
    - Target mode: univariate
    - Series length: min=43488, max=43488, avg=43488.0
    - Test split: 4032 steps
    - Prediction length: 288
    - Windows: 14
TIME run allocation action=skip run=/fslarge/scratch/users/h61084/codes/improved/outputs/foundation_models/tasks/chronos_bolt/univariate/OpenElectricity_NEM/5T/long/run_0 source_launch=selena_20260908T145416Z_18651 launch_id=selena_20260909T084557Z_38191 slurm_job_id=3241611 launched_at=2026-09-09T08:52:51.518297+00:00
  Reused completed task: /fslarge/scratch/users/h61084/codes/improved/outputs/foundation_models/tasks/chronos_bolt/univariate/OpenElectricity_NEM/5T/long/run_0

============================================================
All experiments completed!
Results saved to: /scratch/users/h61084/codes/improved/outputs/foundation_models/tasks
============================================================

############################################################
# All datasets completed!
############################################################

############################################################
# Dataset 1/1: EWELD_Load/15T
############################################################
Loading configuration...

============================================================
Dataset: EWELD_Load/15T
Model: amazon/chronos-bolt-base
Terms: ['short', 'medium', 'long']
============================================================
Loading Chronos-Bolt model: amazon/chronos-bolt-base from /fslarge/scratch/users/h61084/weights/chronos-bolt-base...

--- Term: short ---
  Config: prediction_length=24, test_length=1344, val_length=1344
  Dataset info:
    - Frequency: 15T
    - Num series: 1
    - Target dim: 10
    - Target mode: univariate
    - Series length: min=20544, max=20544, avg=20544.0
    - Test split: 1344 steps
    - Prediction length: 24
    - Windows: 56
TIME run allocation action=skip run=/fslarge/scratch/users/h61084/codes/improved/outputs/foundation_models/tasks/chronos_bolt/univariate/EWELD_Load/15T/short/run_0 source_launch=selena_20260908T145416Z_18651 launch_id=selena_20260909T084557Z_38191 slurm_job_id=3241611 launched_at=2026-09-09T08:53:00.488974+00:00
  Reused completed task: /fslarge/scratch/users/h61084/codes/improved/outputs/foundation_models/tasks/chronos_bolt/univariate/EWELD_Load/15T/short/run_0

--- Term: medium ---
  Config: prediction_length=96, test_length=1344, val_length=1344
  Dataset info:
    - Frequency: 15T
    - Num series: 1
    - Target dim: 10
    - Target mode: univariate
    - Series length: min=20544, max=20544, avg=20544.0
    - Test split: 1344 steps
    - Prediction length: 96
    - Windows: 14
TIME run allocation action=skip run=/fslarge/scratch/users/h61084/codes/improved/outputs/foundation_models/tasks/chronos_bolt/univariate/EWELD_Load/15T/medium/run_0 source_launch=selena_20260908T145416Z_18651 launch_id=selena_20260909T084557Z_38191 slurm_job_id=3241611 launched_at=2026-09-09T08:53:00.539346+00:00
  Reused completed task: /fslarge/scratch/users/h61084/codes/improved/outputs/foundation_models/tasks/chronos_bolt/univariate/EWELD_Load/15T/medium/run_0

--- Term: long ---
  Config: prediction_length=672, test_length=1344, val_length=1344
  Dataset info:
    - Frequency: 15T
    - Num series: 1
    - Target dim: 10
    - Target mode: univariate
    - Series length: min=20544, max=20544, avg=20544.0
    - Test split: 1344 steps
    - Prediction length: 672
    - Windows: 2
TIME run allocation action=skip run=/fslarge/scratch/users/h61084/codes/improved/outputs/foundation_models/tasks/chronos_bolt/univariate/EWELD_Load/15T/long/run_0 source_launch=selena_20260908T145416Z_18651 launch_id=selena_20260909T084557Z_38191 slurm_job_id=3241611 launched_at=2026-09-09T08:53:00.587074+00:00
  Reused completed task: /fslarge/scratch/users/h61084/codes/improved/outputs/foundation_models/tasks/chronos_bolt/univariate/EWELD_Load/15T/long/run_0

============================================================
All experiments completed!
Results saved to: /scratch/users/h61084/codes/improved/outputs/foundation_models/tasks
============================================================

############################################################
# All datasets completed!
############################################################

############################################################
# Dataset 1/1: SG_Carpark/15T
############################################################
Loading configuration...

============================================================
Dataset: SG_Carpark/15T
Model: amazon/chronos-bolt-base
Terms: ['short', 'medium', 'long']
============================================================
Loading Chronos-Bolt model: amazon/chronos-bolt-base from /fslarge/scratch/users/h61084/weights/chronos-bolt-base...

--- Term: short ---
  Config: prediction_length=16, test_length=672, val_length=672
  Dataset info:
    - Frequency: 15T
    - Num series: 354
    - Target dim: 1
    - Target mode: univariate
    - Series length: min=14495, max=14495, avg=14495.0
    - Test split: 672 steps
    - Prediction length: 16
    - Windows: 42
TIME run allocation action=skip run=/fslarge/scratch/users/h61084/codes/improved/outputs/foundation_models/tasks/chronos_bolt/univariate/SG_Carpark/15T/short/run_0 source_launch=selena_20260908T145416Z_18651 launch_id=selena_20260909T084557Z_38191 slurm_job_id=3241611 launched_at=2026-09-09T08:53:09.476928+00:00
  Reused completed task: /fslarge/scratch/users/h61084/codes/improved/outputs/foundation_models/tasks/chronos_bolt/univariate/SG_Carpark/15T/short/run_0

--- Term: medium ---
  Config: prediction_length=96, test_length=672, val_length=672
  Dataset info:
    - Frequency: 15T
    - Num series: 354
    - Target dim: 1
    - Target mode: univariate
    - Series length: min=14495, max=14495, avg=14495.0
    - Test split: 672 steps
    - Prediction length: 96
    - Windows: 7
TIME run allocation action=skip run=/fslarge/scratch/users/h61084/codes/improved/outputs/foundation_models/tasks/chronos_bolt/univariate/SG_Carpark/15T/medium/run_0 source_launch=selena_20260908T145416Z_18651 launch_id=selena_20260909T084557Z_38191 slurm_job_id=3241611 launched_at=2026-09-09T08:53:09.486029+00:00
  Reused completed task: /fslarge/scratch/users/h61084/codes/improved/outputs/foundation_models/tasks/chronos_bolt/univariate/SG_Carpark/15T/medium/run_0

--- Term: long ---
  Config: prediction_length=672, test_length=672, val_length=672
  Dataset info:
    - Frequency: 15T
    - Num series: 354
    - Target dim: 1
    - Target mode: univariate
    - Series length: min=14495, max=14495, avg=14495.0
    - Test split: 672 steps
    - Prediction length: 672
    - Windows: 1
TIME run allocation action=skip run=/fslarge/scratch/users/h61084/codes/improved/outputs/foundation_models/tasks/chronos_bolt/univariate/SG_Carpark/15T/long/run_0 source_launch=selena_20260908T145416Z_18651 launch_id=selena_20260909T084557Z_38191 slurm_job_id=3241611 launched_at=2026-09-09T08:53:09.495664+00:00
  Reused completed task: /fslarge/scratch/users/h61084/codes/improved/outputs/foundation_models/tasks/chronos_bolt/univariate/SG_Carpark/15T/long/run_0

============================================================
All experiments completed!
Results saved to: /scratch/users/h61084/codes/improved/outputs/foundation_models/tasks
============================================================

############################################################
# All datasets completed!
############################################################

############################################################
# Dataset 1/1: Finland_Traffic/15T
############################################################
Loading configuration...

============================================================
Dataset: Finland_Traffic/15T
Model: amazon/chronos-bolt-base
Terms: ['short', 'medium', 'long']
============================================================
Loading Chronos-Bolt model: amazon/chronos-bolt-base from /fslarge/scratch/users/h61084/weights/chronos-bolt-base...

--- Term: short ---
  Config: prediction_length=16, test_length=2976, val_length=2880
  Dataset info:
    - Frequency: 15T
    - Num series: 1
    - Target dim: 1
    - Target mode: univariate
    - Series length: min=35136, max=35136, avg=35136.0
    - Test split: 2976 steps
    - Prediction length: 16
    - Windows: 186
TIME run allocation action=skip run=/fslarge/scratch/users/h61084/codes/improved/outputs/foundation_models/tasks/chronos_bolt/univariate/Finland_Traffic/15T/short/run_0 source_launch=selena_20260908T145416Z_18651 launch_id=selena_20260909T084557Z_38191 slurm_job_id=3241611 launched_at=2026-09-09T08:53:18.378661+00:00
  Reused completed task: /fslarge/scratch/users/h61084/codes/improved/outputs/foundation_models/tasks/chronos_bolt/univariate/Finland_Traffic/15T/short/run_0

--- Term: medium ---
  Config: prediction_length=96, test_length=2976, val_length=2880
  Dataset info:
    - Frequency: 15T
    - Num series: 1
    - Target dim: 1
    - Target mode: univariate
    - Series length: min=35136, max=35136, avg=35136.0
    - Test split: 2976 steps
    - Prediction length: 96
    - Windows: 31
TIME run allocation action=skip run=/fslarge/scratch/users/h61084/codes/improved/outputs/foundation_models/tasks/chronos_bolt/univariate/Finland_Traffic/15T/medium/run_0 source_launch=selena_20260908T145416Z_18651 launch_id=selena_20260909T084557Z_38191 slurm_job_id=3241611 launched_at=2026-09-09T08:53:18.390122+00:00
  Reused completed task: /fslarge/scratch/users/h61084/codes/improved/outputs/foundation_models/tasks/chronos_bolt/univariate/Finland_Traffic/15T/medium/run_0

--- Term: long ---
  Config: prediction_length=672, test_length=2976, val_length=2880
  Dataset info:
    - Frequency: 15T
    - Num series: 1
    - Target dim: 1
    - Target mode: univariate
    - Series length: min=35136, max=35136, avg=35136.0
    - Test split: 2976 steps
    - Prediction length: 672
    - Windows: 4
TIME run allocation action=skip run=/fslarge/scratch/users/h61084/codes/improved/outputs/foundation_models/tasks/chronos_bolt/univariate/Finland_Traffic/15T/long/run_0 source_launch=selena_20260908T145416Z_18651 launch_id=selena_20260909T084557Z_38191 slurm_job_id=3241611 launched_at=2026-09-09T08:53:18.401012+00:00
  Reused completed task: /fslarge/scratch/users/h61084/codes/improved/outputs/foundation_models/tasks/chronos_bolt/univariate/Finland_Traffic/15T/long/run_0

============================================================
All experiments completed!
Results saved to: /scratch/users/h61084/codes/improved/outputs/foundation_models/tasks
============================================================

############################################################
# All datasets completed!
############################################################

############################################################
# Dataset 1/1: Port_Activity/D
############################################################
Loading configuration...

============================================================
Dataset: Port_Activity/D
Model: amazon/chronos-bolt-base
Terms: ['short']
============================================================
Loading Chronos-Bolt model: amazon/chronos-bolt-base from /fslarge/scratch/users/h61084/weights/chronos-bolt-base...

--- Term: short ---
  Config: prediction_length=30, test_length=365, val_length=90
  Dataset info:
    - Frequency: D
    - Num series: 99
    - Target dim: 2
    - Target mode: univariate
    - Series length: min=2127, max=2127, avg=2127.0
    - Test split: 365 steps
    - Prediction length: 30
    - Windows: 12
TIME run allocation action=skip run=/fslarge/scratch/users/h61084/codes/improved/outputs/foundation_models/tasks/chronos_bolt/univariate/Port_Activity/D/short/run_0 source_launch=selena_20260908T145416Z_18651 launch_id=selena_20260909T084557Z_38191 slurm_job_id=3241611 launched_at=2026-09-09T08:53:27.312770+00:00
  Reused completed task: /fslarge/scratch/users/h61084/codes/improved/outputs/foundation_models/tasks/chronos_bolt/univariate/Port_Activity/D/short/run_0

============================================================
All experiments completed!
Results saved to: /scratch/users/h61084/codes/improved/outputs/foundation_models/tasks
============================================================

############################################################
# All datasets completed!
############################################################

############################################################
# Dataset 1/1: Port_Activity/W
############################################################
Loading configuration...

============================================================
Dataset: Port_Activity/W
Model: amazon/chronos-bolt-base
Terms: ['short']
============================================================
Loading Chronos-Bolt model: amazon/chronos-bolt-base from /fslarge/scratch/users/h61084/weights/chronos-bolt-base...

--- Term: short ---
  Config: prediction_length=13, test_length=52, val_length=13
  Dataset info:
    - Frequency: W
    - Num series: 99
    - Target dim: 2
    - Target mode: univariate
    - Series length: min=304, max=304, avg=304.0
    - Test split: 52 steps
    - Prediction length: 13
    - Windows: 4
TIME run allocation action=skip run=/fslarge/scratch/users/h61084/codes/improved/outputs/foundation_models/tasks/chronos_bolt/univariate/Port_Activity/W/short/run_0 source_launch=selena_20260908T145416Z_18651 launch_id=selena_20260909T084557Z_38191 slurm_job_id=3241611 launched_at=2026-09-09T08:53:36.214700+00:00
  Reused completed task: /fslarge/scratch/users/h61084/codes/improved/outputs/foundation_models/tasks/chronos_bolt/univariate/Port_Activity/W/short/run_0

============================================================
All experiments completed!
Results saved to: /scratch/users/h61084/codes/improved/outputs/foundation_models/tasks
============================================================

############################################################
# All datasets completed!
############################################################

############################################################
# Dataset 1/1: ECDC_COVID/D
############################################################
Loading configuration...

============================================================
Dataset: ECDC_COVID/D
Model: amazon/chronos-bolt-base
Terms: ['short']
============================================================
Loading Chronos-Bolt model: amazon/chronos-bolt-base from /fslarge/scratch/users/h61084/weights/chronos-bolt-base...

--- Term: short ---
  Config: prediction_length=30, test_length=150, val_length=30
  Dataset info:
    - Frequency: D
    - Num series: 9
    - Target dim: 1
    - Target mode: univariate
    - Series length: min=794, max=1229, avg=1116.6
    - Test split: 150 steps
    - Prediction length: 30
    - Windows: 5
TIME run allocation action=skip run=/fslarge/scratch/users/h61084/codes/improved/outputs/foundation_models/tasks/chronos_bolt/univariate/ECDC_COVID/D/short/run_0 source_launch=selena_20260908T145416Z_18651 launch_id=selena_20260909T084557Z_38191 slurm_job_id=3241611 launched_at=2026-09-09T08:53:45.089748+00:00
  Reused completed task: /fslarge/scratch/users/h61084/codes/improved/outputs/foundation_models/tasks/chronos_bolt/univariate/ECDC_COVID/D/short/run_0

============================================================
All experiments completed!
Results saved to: /scratch/users/h61084/codes/improved/outputs/foundation_models/tasks
============================================================

############################################################
# All datasets completed!
############################################################

############################################################
# Dataset 1/1: ECDC_COVID/W
############################################################
Loading configuration...

============================================================
Dataset: ECDC_COVID/W
Model: amazon/chronos-bolt-base
Terms: ['short']
============================================================
Loading Chronos-Bolt model: amazon/chronos-bolt-base from /fslarge/scratch/users/h61084/weights/chronos-bolt-base...

--- Term: short ---
  Config: prediction_length=13, test_length=52, val_length=13
  Dataset info:
    - Frequency: W
    - Num series: 16
    - Target dim: 1
    - Target mode: univariate
    - Series length: min=114, max=196, avg=165.4
    - Test split: 52 steps
    - Prediction length: 13
    - Windows: 4
TIME run allocation action=skip run=/fslarge/scratch/users/h61084/codes/improved/outputs/foundation_models/tasks/chronos_bolt/univariate/ECDC_COVID/W/short/run_0 source_launch=selena_20260908T145416Z_18651 launch_id=selena_20260909T084557Z_38191 slurm_job_id=3241611 launched_at=2026-09-09T08:53:53.979294+00:00
  Reused completed task: /fslarge/scratch/users/h61084/codes/improved/outputs/foundation_models/tasks/chronos_bolt/univariate/ECDC_COVID/W/short/run_0

============================================================
All experiments completed!
Results saved to: /scratch/users/h61084/codes/improved/outputs/foundation_models/tasks
============================================================

############################################################
# All datasets completed!
############################################################

############################################################
# Dataset 1/1: Global_Influenza/W
############################################################
Loading configuration...

============================================================
Dataset: Global_Influenza/W
Model: amazon/chronos-bolt-base
Terms: ['short']
============================================================
Loading Chronos-Bolt model: amazon/chronos-bolt-base from /fslarge/scratch/users/h61084/weights/chronos-bolt-base...

--- Term: short ---
  Config: prediction_length=13, test_length=52, val_length=13
  Dataset info:
    - Frequency: W
    - Num series: 15
    - Target dim: 4
    - Target mode: univariate
    - Series length: min=154, max=210, avg=205.6
    - Test split: 52 steps
    - Prediction length: 13
    - Windows: 4
TIME run allocation action=skip run=/fslarge/scratch/users/h61084/codes/improved/outputs/foundation_models/tasks/chronos_bolt/univariate/Global_Influenza/W/short/run_0 source_launch=selena_20260908T145416Z_18651 launch_id=selena_20260909T084557Z_38191 slurm_job_id=3241611 launched_at=2026-09-09T08:54:03.701611+00:00
  Reused completed task: /fslarge/scratch/users/h61084/codes/improved/outputs/foundation_models/tasks/chronos_bolt/univariate/Global_Influenza/W/short/run_0

============================================================
All experiments completed!
Results saved to: /scratch/users/h61084/codes/improved/outputs/foundation_models/tasks
============================================================

############################################################
# All datasets completed!
############################################################

############################################################
# Dataset 1/1: Crypto/D
############################################################
Loading configuration...

============================================================
Dataset: Crypto/D
Model: amazon/chronos-bolt-base
Terms: ['short']
============================================================
Loading Chronos-Bolt model: amazon/chronos-bolt-base from /fslarge/scratch/users/h61084/weights/chronos-bolt-base...

--- Term: short ---
  Config: prediction_length=30, test_length=273, val_length=92
  Dataset info:
    - Frequency: D
    - Num series: 1
    - Target dim: 4
    - Target mode: univariate
    - Series length: min=2842, max=2842, avg=2842.0
    - Test split: 273 steps
    - Prediction length: 30
    - Windows: 9
TIME run allocation action=skip run=/fslarge/scratch/users/h61084/codes/improved/outputs/foundation_models/tasks/chronos_bolt/univariate/Crypto/D/short/run_0 source_launch=selena_20260908T145416Z_18651 launch_id=selena_20260909T084557Z_38191 slurm_job_id=3241611 launched_at=2026-09-09T08:54:12.620147+00:00
  Reused completed task: /fslarge/scratch/users/h61084/codes/improved/outputs/foundation_models/tasks/chronos_bolt/univariate/Crypto/D/short/run_0

============================================================
All experiments completed!
Results saved to: /scratch/users/h61084/codes/improved/outputs/foundation_models/tasks
============================================================

############################################################
# All datasets completed!
############################################################

############################################################
# Dataset 1/1: US_Term_Structure/B
############################################################
Loading configuration...

============================================================
Dataset: US_Term_Structure/B
Model: amazon/chronos-bolt-base
Terms: ['short']
============================================================
Loading Chronos-Bolt model: amazon/chronos-bolt-base from /fslarge/scratch/users/h61084/weights/chronos-bolt-base...

--- Term: short ---
  Config: prediction_length=20, test_length=717, val_length=100
  Dataset info:
    - Frequency: B
    - Num series: 1
    - Target dim: 40
    - Target mode: univariate
    - Series length: min=9326, max=9326, avg=9326.0
    - Test split: 717 steps
    - Prediction length: 20
    - Windows: 35
TIME run allocation action=skip run=/fslarge/scratch/users/h61084/codes/improved/outputs/foundation_models/tasks/chronos_bolt/univariate/US_Term_Structure/B/short/run_0 source_launch=selena_20260908T145416Z_18651 launch_id=selena_20260909T084557Z_38191 slurm_job_id=3241611 launched_at=2026-09-09T08:54:21.585748+00:00
  Reused completed task: /fslarge/scratch/users/h61084/codes/improved/outputs/foundation_models/tasks/chronos_bolt/univariate/US_Term_Structure/B/short/run_0

============================================================
All experiments completed!
Results saved to: /scratch/users/h61084/codes/improved/outputs/foundation_models/tasks
============================================================

############################################################
# All datasets completed!
############################################################

############################################################
# Dataset 1/1: Oil_Price/B
############################################################
Loading configuration...

============================================================
Dataset: Oil_Price/B
Model: amazon/chronos-bolt-base
Terms: ['short']
============================================================
Loading Chronos-Bolt model: amazon/chronos-bolt-base from /fslarge/scratch/users/h61084/weights/chronos-bolt-base...

--- Term: short ---
  Config: prediction_length=20, test_length=717, val_length=100
  Dataset info:
    - Frequency: B
    - Num series: 1
    - Target dim: 12
    - Target mode: univariate
    - Series length: min=5035, max=5035, avg=5035.0
    - Test split: 717 steps
    - Prediction length: 20
    - Windows: 35
TIME run allocation action=skip run=/fslarge/scratch/users/h61084/codes/improved/outputs/foundation_models/tasks/chronos_bolt/univariate/Oil_Price/B/short/run_0 source_launch=selena_20260908T145416Z_18651 launch_id=selena_20260909T084557Z_38191 slurm_job_id=3241611 launched_at=2026-09-09T08:54:30.442734+00:00
  Reused completed task: /fslarge/scratch/users/h61084/codes/improved/outputs/foundation_models/tasks/chronos_bolt/univariate/Oil_Price/B/short/run_0

============================================================
All experiments completed!
Results saved to: /scratch/users/h61084/codes/improved/outputs/foundation_models/tasks
============================================================

############################################################
# All datasets completed!
############################################################

############################################################
# Dataset 1/1: Job_Claims/W
############################################################
Loading configuration...

============================================================
Dataset: Job_Claims/W
Model: amazon/chronos-bolt-base
Terms: ['short']
============================================================
Loading Chronos-Bolt model: amazon/chronos-bolt-base from /fslarge/scratch/users/h61084/weights/chronos-bolt-base...

--- Term: short ---
  Config: prediction_length=13, test_length=52, val_length=13
  Dataset info:
    - Frequency: W
    - Num series: 1
    - Target dim: 2
    - Target mode: univariate
    - Series length: min=196, max=196, avg=196.0
    - Test split: 52 steps
    - Prediction length: 13
    - Windows: 4
TIME run allocation action=skip run=/fslarge/scratch/users/h61084/codes/improved/outputs/foundation_models/tasks/chronos_bolt/univariate/Job_Claims/W/short/run_0 source_launch=selena_20260908T145416Z_18651 launch_id=selena_20260909T084557Z_38191 slurm_job_id=3241611 launched_at=2026-09-09T08:54:39.322237+00:00
  Reused completed task: /fslarge/scratch/users/h61084/codes/improved/outputs/foundation_models/tasks/chronos_bolt/univariate/Job_Claims/W/short/run_0

============================================================
All experiments completed!
Results saved to: /scratch/users/h61084/codes/improved/outputs/foundation_models/tasks
============================================================

############################################################
# All datasets completed!
############################################################

############################################################
# Dataset 1/1: Uncertainty_1M/M
############################################################
Loading configuration...

============================================================
Dataset: Uncertainty_1M/M
Model: amazon/chronos-bolt-base
Terms: ['short']
============================================================
Loading Chronos-Bolt model: amazon/chronos-bolt-base from /fslarge/scratch/users/h61084/weights/chronos-bolt-base...

--- Term: short ---
  Config: prediction_length=6, test_length=42, val_length=18
  Dataset info:
    - Frequency: M
    - Num series: 1
    - Target dim: 3
    - Target mode: univariate
    - Series length: min=780, max=780, avg=780.0
    - Test split: 42 steps
    - Prediction length: 6
    - Windows: 7
TIME run allocation action=skip run=/fslarge/scratch/users/h61084/codes/improved/outputs/foundation_models/tasks/chronos_bolt/univariate/Uncertainty_1M/M/short/run_0 source_launch=selena_20260908T145416Z_18651 launch_id=selena_20260909T084557Z_38191 slurm_job_id=3241611 launched_at=2026-09-09T08:54:48.252229+00:00
  Reused completed task: /fslarge/scratch/users/h61084/codes/improved/outputs/foundation_models/tasks/chronos_bolt/univariate/Uncertainty_1M/M/short/run_0

============================================================
All experiments completed!
Results saved to: /scratch/users/h61084/codes/improved/outputs/foundation_models/tasks
============================================================

############################################################
# All datasets completed!
############################################################

############################################################
# Dataset 1/1: Housing_Inventory/M
############################################################
Loading configuration...

============================================================
Dataset: Housing_Inventory/M
Model: amazon/chronos-bolt-base
Terms: ['short']
============================================================
Loading Chronos-Bolt model: amazon/chronos-bolt-base from /fslarge/scratch/users/h61084/weights/chronos-bolt-base...

--- Term: short ---
  Config: prediction_length=12, test_length=36, val_length=12
  Dataset info:
    - Frequency: M
    - Num series: 1
    - Target dim: 4
    - Target mode: univariate
    - Series length: min=114, max=114, avg=114.0
    - Test split: 36 steps
    - Prediction length: 12
    - Windows: 3
TIME run allocation action=skip run=/fslarge/scratch/users/h61084/codes/improved/outputs/foundation_models/tasks/chronos_bolt/univariate/Housing_Inventory/M/short/run_0 source_launch=selena_20260908T145416Z_18651 launch_id=selena_20260909T084557Z_38191 slurm_job_id=3241611 launched_at=2026-09-09T08:55:00.434763+00:00
  Reused completed task: /fslarge/scratch/users/h61084/codes/improved/outputs/foundation_models/tasks/chronos_bolt/univariate/Housing_Inventory/M/short/run_0

============================================================
All experiments completed!
Results saved to: /scratch/users/h61084/codes/improved/outputs/foundation_models/tasks
============================================================

############################################################
# All datasets completed!
############################################################

############################################################
# Dataset 1/1: JOLTS/M
############################################################
Loading configuration...

============================================================
Dataset: JOLTS/M
Model: amazon/chronos-bolt-base
Terms: ['short']
============================================================
Loading Chronos-Bolt model: amazon/chronos-bolt-base from /fslarge/scratch/users/h61084/weights/chronos-bolt-base...

--- Term: short ---
  Config: prediction_length=12, test_length=60, val_length=12
  Dataset info:
    - Frequency: M
    - Num series: 1
    - Target dim: 6
    - Target mode: univariate
    - Series length: min=297, max=297, avg=297.0
    - Test split: 60 steps
    - Prediction length: 12
    - Windows: 5
TIME run allocation action=skip run=/fslarge/scratch/users/h61084/codes/improved/outputs/foundation_models/tasks/chronos_bolt/univariate/JOLTS/M/short/run_0 source_launch=selena_20260908T145416Z_18651 launch_id=selena_20260909T084557Z_38191 slurm_job_id=3241611 launched_at=2026-09-09T08:55:12.315544+00:00
  Reused completed task: /fslarge/scratch/users/h61084/codes/improved/outputs/foundation_models/tasks/chronos_bolt/univariate/JOLTS/M/short/run_0

============================================================
All experiments completed!
Results saved to: /scratch/users/h61084/codes/improved/outputs/foundation_models/tasks
============================================================

############################################################
# All datasets completed!
############################################################

############################################################
# Dataset 1/1: US_Labor/M
############################################################
Loading configuration...

============================================================
Dataset: US_Labor/M
Model: amazon/chronos-bolt-base
Terms: ['short']
============================================================
Loading Chronos-Bolt model: amazon/chronos-bolt-base from /fslarge/scratch/users/h61084/weights/chronos-bolt-base...

--- Term: short ---
  Config: prediction_length=12, test_length=60, val_length=12
  Dataset info:
    - Frequency: M
    - Num series: 1
    - Target dim: 14
    - Target mode: univariate
    - Series length: min=380, max=380, avg=380.0
    - Test split: 60 steps
    - Prediction length: 12
    - Windows: 5
TIME run allocation action=skip run=/fslarge/scratch/users/h61084/codes/improved/outputs/foundation_models/tasks/chronos_bolt/univariate/US_Labor/M/short/run_0 source_launch=selena_20260908T145416Z_18651 launch_id=selena_20260909T084557Z_38191 slurm_job_id=3241611 launched_at=2026-09-09T08:55:21.249378+00:00
  Reused completed task: /fslarge/scratch/users/h61084/codes/improved/outputs/foundation_models/tasks/chronos_bolt/univariate/US_Labor/M/short/run_0

============================================================
All experiments completed!
Results saved to: /scratch/users/h61084/codes/improved/outputs/foundation_models/tasks
============================================================

############################################################
# All datasets completed!
############################################################

############################################################
# Dataset 1/1: Vehicle_Supply/M
############################################################
Loading configuration...

============================================================
Dataset: Vehicle_Supply/M
Model: amazon/chronos-bolt-base
Terms: ['short']
============================================================
Loading Chronos-Bolt model: amazon/chronos-bolt-base from /fslarge/scratch/users/h61084/weights/chronos-bolt-base...

--- Term: short ---
  Config: prediction_length=12, test_length=60, val_length=12
  Dataset info:
    - Frequency: M
    - Num series: 1
    - Target dim: 6
    - Target mode: univariate
    - Series length: min=391, max=391, avg=391.0
    - Test split: 60 steps
    - Prediction length: 12
    - Windows: 5
TIME run allocation action=skip run=/fslarge/scratch/users/h61084/codes/improved/outputs/foundation_models/tasks/chronos_bolt/univariate/Vehicle_Supply/M/short/run_0 source_launch=selena_20260908T145416Z_18651 launch_id=selena_20260909T084557Z_38191 slurm_job_id=3241611 launched_at=2026-09-09T08:55:30.120825+00:00
  Reused completed task: /fslarge/scratch/users/h61084/codes/improved/outputs/foundation_models/tasks/chronos_bolt/univariate/Vehicle_Supply/M/short/run_0

============================================================
All experiments completed!
Results saved to: /scratch/users/h61084/codes/improved/outputs/foundation_models/tasks
============================================================

############################################################
# All datasets completed!
############################################################

############################################################
# Dataset 1/1: Auto_Production_SF/M
############################################################
Loading configuration...

============================================================
Dataset: Auto_Production_SF/M
Model: amazon/chronos-bolt-base
Terms: ['short']
============================================================
Loading Chronos-Bolt model: amazon/chronos-bolt-base from /fslarge/scratch/users/h61084/weights/chronos-bolt-base...

--- Term: short ---
  Config: prediction_length=12, test_length=60, val_length=12
  Dataset info:
    - Frequency: M
    - Num series: 1
    - Target dim: 1
    - Target mode: univariate
    - Series length: min=367, max=367, avg=367.0
    - Test split: 60 steps
    - Prediction length: 12
    - Windows: 5
TIME run allocation action=skip run=/fslarge/scratch/users/h61084/codes/improved/outputs/foundation_models/tasks/chronos_bolt/univariate/Auto_Production_SF/M/short/run_0 source_launch=selena_20260908T145416Z_18651 launch_id=selena_20260909T084557Z_38191 slurm_job_id=3241611 launched_at=2026-09-09T08:55:38.982667+00:00
  Reused completed task: /fslarge/scratch/users/h61084/codes/improved/outputs/foundation_models/tasks/chronos_bolt/univariate/Auto_Production_SF/M/short/run_0

============================================================
All experiments completed!
Results saved to: /scratch/users/h61084/codes/improved/outputs/foundation_models/tasks
============================================================

############################################################
# All datasets completed!
############################################################

############################################################
# Dataset 1/1: Commodity_Production/M
############################################################
Loading configuration...

============================================================
Dataset: Commodity_Production/M
Model: amazon/chronos-bolt-base
Terms: ['short']
============================================================
Loading Chronos-Bolt model: amazon/chronos-bolt-base from /fslarge/scratch/users/h61084/weights/chronos-bolt-base...

--- Term: short ---
  Config: prediction_length=12, test_length=60, val_length=12
  Dataset info:
    - Frequency: M
    - Num series: 32
    - Target dim: 1
    - Target mode: univariate
    - Series length: min=120, max=648, avg=325.1
    - Test split: 60 steps
    - Prediction length: 12
    - Windows: 5
TIME run allocation action=skip run=/fslarge/scratch/users/h61084/codes/improved/outputs/foundation_models/tasks/chronos_bolt/univariate/Commodity_Production/M/short/run_0 source_launch=selena_20260908T145416Z_18651 launch_id=selena_20260909T084557Z_38191 slurm_job_id=3241611 launched_at=2026-09-09T08:55:47.980332+00:00
  Reused completed task: /fslarge/scratch/users/h61084/codes/improved/outputs/foundation_models/tasks/chronos_bolt/univariate/Commodity_Production/M/short/run_0

============================================================
All experiments completed!
Results saved to: /scratch/users/h61084/codes/improved/outputs/foundation_models/tasks
============================================================

############################################################
# All datasets completed!
############################################################

############################################################
# Dataset 1/1: Commodity_Import/M
############################################################
Loading configuration...

============================================================
Dataset: Commodity_Import/M
Model: amazon/chronos-bolt-base
Terms: ['short']
============================================================
Loading Chronos-Bolt model: amazon/chronos-bolt-base from /fslarge/scratch/users/h61084/weights/chronos-bolt-base...

--- Term: short ---
  Config: prediction_length=12, test_length=60, val_length=12
  Dataset info:
    - Frequency: M
    - Num series: 8
    - Target dim: 1
    - Target mode: univariate
    - Series length: min=254, max=1240, avg=697.2
    - Test split: 60 steps
    - Prediction length: 12
    - Windows: 5
TIME run allocation action=skip run=/fslarge/scratch/users/h61084/codes/improved/outputs/foundation_models/tasks/chronos_bolt/univariate/Commodity_Import/M/short/run_0 source_launch=selena_20260908T145416Z_18651 launch_id=selena_20260909T084557Z_38191 slurm_job_id=3241611 launched_at=2026-09-09T08:55:56.897817+00:00
  Reused completed task: /fslarge/scratch/users/h61084/codes/improved/outputs/foundation_models/tasks/chronos_bolt/univariate/Commodity_Import/M/short/run_0

============================================================
All experiments completed!
Results saved to: /scratch/users/h61084/codes/improved/outputs/foundation_models/tasks
============================================================

############################################################
# All datasets completed!
############################################################

############################################################
# Dataset 1/1: WUI_Global/Q
############################################################
Loading configuration...

============================================================
Dataset: WUI_Global/Q
Model: amazon/chronos-bolt-base
Terms: ['short']
============================================================
Loading Chronos-Bolt model: amazon/chronos-bolt-base from /fslarge/scratch/users/h61084/weights/chronos-bolt-base...

--- Term: short ---
  Config: prediction_length=4, test_length=20, val_length=20
  Dataset info:
    - Frequency: Q
    - Num series: 1
    - Target dim: 15
    - Target mode: univariate
    - Series length: min=294, max=294, avg=294.0
    - Test split: 20 steps
    - Prediction length: 4
    - Windows: 5
TIME run allocation action=skip run=/fslarge/scratch/users/h61084/codes/improved/outputs/foundation_models/tasks/chronos_bolt/univariate/WUI_Global/Q/short/run_0 source_launch=selena_20260908T145416Z_18651 launch_id=selena_20260909T084557Z_38191 slurm_job_id=3241611 launched_at=2026-09-09T08:56:05.819460+00:00
  Reused completed task: /fslarge/scratch/users/h61084/codes/improved/outputs/foundation_models/tasks/chronos_bolt/univariate/WUI_Global/Q/short/run_0

============================================================
All experiments completed!
Results saved to: /scratch/users/h61084/codes/improved/outputs/foundation_models/tasks
============================================================

############################################################
# All datasets completed!
############################################################

############################################################
# Dataset 1/1: Global_Price/Q
############################################################
Loading configuration...

============================================================
Dataset: Global_Price/Q
Model: amazon/chronos-bolt-base
Terms: ['short']
============================================================
Loading Chronos-Bolt model: amazon/chronos-bolt-base from /fslarge/scratch/users/h61084/weights/chronos-bolt-base...

--- Term: short ---
  Config: prediction_length=4, test_length=20, val_length=8
  Dataset info:
    - Frequency: Q
    - Num series: 1
    - Target dim: 60
    - Target mode: univariate
    - Series length: min=142, max=142, avg=142.0
    - Test split: 20 steps
    - Prediction length: 4
    - Windows: 5
TIME run allocation action=skip run=/fslarge/scratch/users/h61084/codes/improved/outputs/foundation_models/tasks/chronos_bolt/univariate/Global_Price/Q/short/run_0 source_launch=selena_20260908T145416Z_18651 launch_id=selena_20260909T084557Z_38191 slurm_job_id=3241611 launched_at=2026-09-09T08:56:14.728477+00:00
  Reused completed task: /fslarge/scratch/users/h61084/codes/improved/outputs/foundation_models/tasks/chronos_bolt/univariate/Global_Price/Q/short/run_0

============================================================
All experiments completed!
Results saved to: /scratch/users/h61084/codes/improved/outputs/foundation_models/tasks
============================================================

############################################################
# All datasets completed!
############################################################

############################################################
# Dataset 1/1: Vehicle_Sales/M
############################################################
Loading configuration...

============================================================
Dataset: Vehicle_Sales/M
Model: amazon/chronos-bolt-base
Terms: ['short']
============================================================
Loading Chronos-Bolt model: amazon/chronos-bolt-base from /fslarge/scratch/users/h61084/weights/chronos-bolt-base...

--- Term: short ---
  Config: prediction_length=12, test_length=60, val_length=12
  Dataset info:
    - Frequency: M
    - Num series: 1
    - Target dim: 10
    - Target mode: univariate
    - Series length: min=596, max=596, avg=596.0
    - Test split: 60 steps
    - Prediction length: 12
    - Windows: 5
TIME run allocation action=skip run=/fslarge/scratch/users/h61084/codes/improved/outputs/foundation_models/tasks/chronos_bolt/univariate/Vehicle_Sales/M/short/run_0 source_launch=selena_20260908T145416Z_18651 launch_id=selena_20260909T084557Z_38191 slurm_job_id=3241611 launched_at=2026-09-09T08:56:23.595989+00:00
  Reused completed task: /fslarge/scratch/users/h61084/codes/improved/outputs/foundation_models/tasks/chronos_bolt/univariate/Vehicle_Sales/M/short/run_0

============================================================
All experiments completed!
Results saved to: /scratch/users/h61084/codes/improved/outputs/foundation_models/tasks
============================================================

############################################################
# All datasets completed!
############################################################

############################################################
# Dataset 1/1: Online_Retail_2_UCI/D
############################################################
Loading configuration...

============================================================
Dataset: Online_Retail_2_UCI/D
Model: amazon/chronos-bolt-base
Terms: ['short']
============================================================
Loading Chronos-Bolt model: amazon/chronos-bolt-base from /fslarge/scratch/users/h61084/weights/chronos-bolt-base...

--- Term: short ---
  Config: prediction_length=30, test_length=180, val_length=90
  Dataset info:
    - Frequency: D
    - Num series: 1
    - Target dim: 1
    - Target mode: univariate
    - Series length: min=739, max=739, avg=739.0
    - Test split: 180 steps
    - Prediction length: 30
    - Windows: 6
TIME run allocation action=skip run=/fslarge/scratch/users/h61084/codes/improved/outputs/foundation_models/tasks/chronos_bolt/univariate/Online_Retail_2_UCI/D/short/run_0 source_launch=selena_20260908T145416Z_18651 launch_id=selena_20260909T084557Z_38191 slurm_job_id=3241611 launched_at=2026-09-09T08:56:32.442090+00:00
  Reused completed task: /fslarge/scratch/users/h61084/codes/improved/outputs/foundation_models/tasks/chronos_bolt/univariate/Online_Retail_2_UCI/D/short/run_0

============================================================
All experiments completed!
Results saved to: /scratch/users/h61084/codes/improved/outputs/foundation_models/tasks
============================================================

############################################################
# All datasets completed!
############################################################

############################################################
# Dataset 1/1: Supply_Chain_Customer/D
############################################################
Loading configuration...

============================================================
Dataset: Supply_Chain_Customer/D
Model: amazon/chronos-bolt-base
Terms: ['short']
============================================================
Loading Chronos-Bolt model: amazon/chronos-bolt-base from /fslarge/scratch/users/h61084/weights/chronos-bolt-base...

--- Term: short ---
  Config: prediction_length=30, test_length=365, val_length=90
  Dataset info:
    - Frequency: D
    - Num series: 1
    - Target dim: 36
    - Target mode: univariate
    - Series length: min=2007, max=2007, avg=2007.0
    - Test split: 365 steps
    - Prediction length: 30
    - Windows: 12
TIME run allocation action=skip run=/fslarge/scratch/users/h61084/codes/improved/outputs/foundation_models/tasks/chronos_bolt/univariate/Supply_Chain_Customer/D/short/run_0 source_launch=selena_20260908T145416Z_18651 launch_id=selena_20260909T084557Z_38191 slurm_job_id=3241611 launched_at=2026-09-09T08:56:41.375659+00:00
  Reused completed task: /fslarge/scratch/users/h61084/codes/improved/outputs/foundation_models/tasks/chronos_bolt/univariate/Supply_Chain_Customer/D/short/run_0

============================================================
All experiments completed!
Results saved to: /scratch/users/h61084/codes/improved/outputs/foundation_models/tasks
============================================================

############################################################
# All datasets completed!
############################################################

############################################################
# Dataset 1/1: Supply_Chain_Location/D
############################################################
Loading configuration...

============================================================
Dataset: Supply_Chain_Location/D
Model: amazon/chronos-bolt-base
Terms: ['short']
============================================================
Loading Chronos-Bolt model: amazon/chronos-bolt-base from /fslarge/scratch/users/h61084/weights/chronos-bolt-base...

--- Term: short ---
  Config: prediction_length=30, test_length=365, val_length=90
  Dataset info:
    - Frequency: D
    - Num series: 1
    - Target dim: 51
    - Target mode: univariate
    - Series length: min=2007, max=2007, avg=2007.0
    - Test split: 365 steps
    - Prediction length: 30
    - Windows: 12
TIME run allocation action=skip run=/fslarge/scratch/users/h61084/codes/improved/outputs/foundation_models/tasks/chronos_bolt/univariate/Supply_Chain_Location/D/short/run_0 source_launch=selena_20260908T145416Z_18651 launch_id=selena_20260909T084557Z_38191 slurm_job_id=3241611 launched_at=2026-09-09T08:56:50.418401+00:00
  Reused completed task: /fslarge/scratch/users/h61084/codes/improved/outputs/foundation_models/tasks/chronos_bolt/univariate/Supply_Chain_Location/D/short/run_0

============================================================
All experiments completed!
Results saved to: /scratch/users/h61084/codes/improved/outputs/foundation_models/tasks
============================================================

############################################################
# All datasets completed!
############################################################

############################################################
# Dataset 1/1: azure2019_D/5T
############################################################
Loading configuration...

============================================================
Dataset: azure2019_D/5T
Model: amazon/chronos-bolt-base
Terms: ['short']
============================================================
Loading Chronos-Bolt model: amazon/chronos-bolt-base from /fslarge/scratch/users/h61084/weights/chronos-bolt-base...

--- Term: short ---
  Config: prediction_length=288, test_length=864, val_length=864
  Dataset info:
    - Frequency: 5T
    - Num series: 989
    - Target dim: 3
    - Target mode: univariate
    - Series length: min=8073, max=8639, avg=8627.0
    - Test split: 864 steps
    - Prediction length: 288
    - Windows: 3
TIME run allocation action=skip run=/fslarge/scratch/users/h61084/codes/improved/outputs/foundation_models/tasks/chronos_bolt/univariate/azure2019_D/5T/short/run_0 source_launch=selena_20260908T145416Z_18651 launch_id=selena_20260909T084557Z_38191 slurm_job_id=3241611 launched_at=2026-09-09T08:56:59.367738+00:00
  Reused completed task: /fslarge/scratch/users/h61084/codes/improved/outputs/foundation_models/tasks/chronos_bolt/univariate/azure2019_D/5T/short/run_0

============================================================
All experiments completed!
Results saved to: /scratch/users/h61084/codes/improved/outputs/foundation_models/tasks
============================================================

############################################################
# All datasets completed!
############################################################

############################################################
# Dataset 1/1: azure2019_I/5T
############################################################
Loading configuration...

============================================================
Dataset: azure2019_I/5T
Model: amazon/chronos-bolt-base
Terms: ['short']
============================================================
Loading Chronos-Bolt model: amazon/chronos-bolt-base from /fslarge/scratch/users/h61084/weights/chronos-bolt-base...

--- Term: short ---
  Config: prediction_length=288, test_length=864, val_length=864
  Dataset info:
    - Frequency: 5T
    - Num series: 492
    - Target dim: 3
    - Target mode: univariate
    - Series length: min=8250, max=8639, avg=8630.4
    - Test split: 864 steps
    - Prediction length: 288
    - Windows: 3
TIME run allocation action=skip run=/fslarge/scratch/users/h61084/codes/improved/outputs/foundation_models/tasks/chronos_bolt/univariate/azure2019_I/5T/short/run_0 source_launch=selena_20260908T145416Z_18651 launch_id=selena_20260909T084557Z_38191 slurm_job_id=3241611 launched_at=2026-09-09T08:57:08.389614+00:00
  Reused completed task: /fslarge/scratch/users/h61084/codes/improved/outputs/foundation_models/tasks/chronos_bolt/univariate/azure2019_I/5T/short/run_0

============================================================
All experiments completed!
Results saved to: /scratch/users/h61084/codes/improved/outputs/foundation_models/tasks
============================================================

############################################################
# All datasets completed!
############################################################

############################################################
# Dataset 1/1: azure2019_U/5T
############################################################
Loading configuration...

============================================================
Dataset: azure2019_U/5T
Model: amazon/chronos-bolt-base
Terms: ['short']
============================================================
Loading Chronos-Bolt model: amazon/chronos-bolt-base from /fslarge/scratch/users/h61084/weights/chronos-bolt-base...

--- Term: short ---
  Config: prediction_length=48, test_length=288, val_length=96
  Dataset info:
    - Frequency: 5T
    - Num series: 78
    - Target dim: 3
    - Target mode: univariate
    - Series length: min=882, max=2006, avg=1406.1
    - Test split: 288 steps
    - Prediction length: 48
    - Windows: 6
TIME run allocation action=skip run=/fslarge/scratch/users/h61084/codes/improved/outputs/foundation_models/tasks/chronos_bolt/univariate/azure2019_U/5T/short/run_0 source_launch=selena_20260908T145416Z_18651 launch_id=selena_20260909T084557Z_38191 slurm_job_id=3241611 launched_at=2026-09-09T08:57:17.339383+00:00
  Reused completed task: /fslarge/scratch/users/h61084/codes/improved/outputs/foundation_models/tasks/chronos_bolt/univariate/azure2019_U/5T/short/run_0

============================================================
All experiments completed!
Results saved to: /scratch/users/h61084/codes/improved/outputs/foundation_models/tasks
============================================================

############################################################
# All datasets completed!
############################################################

############################################################
# Dataset 1/1: Smart_Manufacturing/H
############################################################
Loading configuration...

============================================================
Dataset: Smart_Manufacturing/H
Model: amazon/chronos-bolt-base
Terms: ['short', 'medium', 'long']
============================================================
Loading Chronos-Bolt model: amazon/chronos-bolt-base from /fslarge/scratch/users/h61084/weights/chronos-bolt-base...

--- Term: short ---
  Config: prediction_length=24, test_length=336, val_length=336
  Dataset info:
    - Frequency: H
    - Num series: 34
    - Target dim: 5
    - Target mode: univariate
    - Series length: min=1661, max=1667, avg=1665.9
    - Test split: 336 steps
    - Prediction length: 24
    - Windows: 14
TIME run allocation action=skip run=/fslarge/scratch/users/h61084/codes/improved/outputs/foundation_models/tasks/chronos_bolt/univariate/Smart_Manufacturing/H/short/run_0 source_launch=selena_20260908T145416Z_18651 launch_id=selena_20260909T084557Z_38191 slurm_job_id=3241611 launched_at=2026-09-09T08:57:26.223211+00:00
  Reused completed task: /fslarge/scratch/users/h61084/codes/improved/outputs/foundation_models/tasks/chronos_bolt/univariate/Smart_Manufacturing/H/short/run_0

--- Term: medium ---
  Config: prediction_length=168, test_length=336, val_length=336
  Dataset info:
    - Frequency: H
    - Num series: 34
    - Target dim: 5
    - Target mode: univariate
    - Series length: min=1661, max=1667, avg=1665.9
    - Test split: 336 steps
    - Prediction length: 168
    - Windows: 2
TIME run allocation action=skip run=/fslarge/scratch/users/h61084/codes/improved/outputs/foundation_models/tasks/chronos_bolt/univariate/Smart_Manufacturing/H/medium/run_0 source_launch=selena_20260908T145416Z_18651 launch_id=selena_20260909T084557Z_38191 slurm_job_id=3241611 launched_at=2026-09-09T08:57:26.234458+00:00
  Reused completed task: /fslarge/scratch/users/h61084/codes/improved/outputs/foundation_models/tasks/chronos_bolt/univariate/Smart_Manufacturing/H/medium/run_0

--- Term: long ---
  Config: prediction_length=336, test_length=336, val_length=336
  Dataset info:
    - Frequency: H
    - Num series: 34
    - Target dim: 5
    - Target mode: univariate
    - Series length: min=1661, max=1667, avg=1665.9
    - Test split: 336 steps
    - Prediction length: 336
    - Windows: 1
TIME run allocation action=skip run=/fslarge/scratch/users/h61084/codes/improved/outputs/foundation_models/tasks/chronos_bolt/univariate/Smart_Manufacturing/H/long/run_0 source_launch=selena_20260908T145416Z_18651 launch_id=selena_20260909T084557Z_38191 slurm_job_id=3241611 launched_at=2026-09-09T08:57:26.245178+00:00
  Reused completed task: /fslarge/scratch/users/h61084/codes/improved/outputs/foundation_models/tasks/chronos_bolt/univariate/Smart_Manufacturing/H/long/run_0

============================================================
All experiments completed!
Results saved to: /scratch/users/h61084/codes/improved/outputs/foundation_models/tasks
============================================================

############################################################
# All datasets completed!
############################################################

############################################################
# Dataset 1/1: MetroPT-3/5T
############################################################
Loading configuration...

============================================================
Dataset: MetroPT-3/5T
Model: amazon/chronos-bolt-base
Terms: ['short', 'medium', 'long']
============================================================
Loading Chronos-Bolt model: amazon/chronos-bolt-base from /fslarge/scratch/users/h61084/weights/chronos-bolt-base...

--- Term: short ---
  Config: prediction_length=48, test_length=1728, val_length=1728
  Dataset info:
    - Frequency: 5T
    - Num series: 1
    - Target dim: 6
    - Target mode: univariate
    - Series length: min=17809, max=17809, avg=17809.0
    - Test split: 1728 steps
    - Prediction length: 48
    - Windows: 36
TIME run allocation action=skip run=/fslarge/scratch/users/h61084/codes/improved/outputs/foundation_models/tasks/chronos_bolt/univariate/MetroPT-3/5T/short/run_0 source_launch=selena_20260908T145416Z_18651 launch_id=selena_20260909T084557Z_38191 slurm_job_id=3241611 launched_at=2026-09-09T08:57:35.054550+00:00
  Reused completed task: /fslarge/scratch/users/h61084/codes/improved/outputs/foundation_models/tasks/chronos_bolt/univariate/MetroPT-3/5T/short/run_0

--- Term: medium ---
  Config: prediction_length=288, test_length=1728, val_length=1728
  Dataset info:
    - Frequency: 5T
    - Num series: 1
    - Target dim: 6
    - Target mode: univariate
    - Series length: min=17809, max=17809, avg=17809.0
    - Test split: 1728 steps
    - Prediction length: 288
    - Windows: 6
TIME run allocation action=skip run=/fslarge/scratch/users/h61084/codes/improved/outputs/foundation_models/tasks/chronos_bolt/univariate/MetroPT-3/5T/medium/run_0 source_launch=selena_20260908T145416Z_18651 launch_id=selena_20260909T084557Z_38191 slurm_job_id=3241611 launched_at=2026-09-09T08:57:35.083576+00:00
  Reused completed task: /fslarge/scratch/users/h61084/codes/improved/outputs/foundation_models/tasks/chronos_bolt/univariate/MetroPT-3/5T/medium/run_0

--- Term: long ---
  Config: prediction_length=576, test_length=1728, val_length=1728
  Dataset info:
    - Frequency: 5T
    - Num series: 1
    - Target dim: 6
    - Target mode: univariate
    - Series length: min=17809, max=17809, avg=17809.0
    - Test split: 1728 steps
    - Prediction length: 576
    - Windows: 3
TIME run allocation action=skip run=/fslarge/scratch/users/h61084/codes/improved/outputs/foundation_models/tasks/chronos_bolt/univariate/MetroPT-3/5T/long/run_0 source_launch=selena_20260908T145416Z_18651 launch_id=selena_20260909T084557Z_38191 slurm_job_id=3241611 launched_at=2026-09-09T08:57:35.110537+00:00
  Reused completed task: /fslarge/scratch/users/h61084/codes/improved/outputs/foundation_models/tasks/chronos_bolt/univariate/MetroPT-3/5T/long/run_0

============================================================
All experiments completed!
Results saved to: /scratch/users/h61084/codes/improved/outputs/foundation_models/tasks
============================================================

############################################################
# All datasets completed!
############################################################
2026-09-09 10:57:35 | task model=chronos_bolt runner=run_chronos_bolt.sh environment=uv covariate_mode=none target_mode=auto completed status=success
2026-09-09 10:57:35 | stage evaluate completed status=success
2026-09-09 10:57:35 | workflow foundation_models completed status=success exit_code=0
