2026-09-08 17:32:06 | workflow foundation_models started launch_id=selena_20260908T145416Z_18651 task=seasonal_naive slurm_job_id=3227276 slurm_array_job_id=none slurm_array_task_id=none
2026-09-08 17:32:06 | stage evaluate started
2026-09-08 17:32:06 | task model=seasonal_naive runner=run_seasonal_naive.sh environment=uv covariate_mode=none target_mode=auto started
[2026-09-08 17:32:06] TIME runner: run_seasonal_naive.sh
[2026-09-08 17:32:06] datasets: /scratch/users/h61084/datasets/hf_dataset
[2026-09-08 17:32:06] weights: /scratch/users/h61084/weights
[2026-09-08 17:32:06] outputs: /scratch/users/h61084/codes/improved/outputs
[2026-09-08 17:32:06] covariate mode: none
[2026-09-08 17:32:06] target mode: auto

############################################################
# Dataset 1/1: Water_Quality_Darwin/15T
############################################################
Loading configuration...

============================================================
Model: Seasonal Naive
Dataset: Water_Quality_Darwin/15T
Terms: ['short', 'medium', 'long']
============================================================

--- Term: short ---
  Config: prediction_length=16, test_length=1440, val_length=1440
TIME run allocation action=skip run=/fslarge/scratch/users/h61084/codes/improved/outputs/foundation_models/tasks/seasonal_naive/univariate/Water_Quality_Darwin/15T/short/run_0 source_launch=selena_20260908T145416Z_18651 launch_id=selena_20260908T145416Z_18651 slurm_job_id=3227276 launched_at=2026-09-08T15:32:13.574854+00:00
  Reused completed task: /fslarge/scratch/users/h61084/codes/improved/outputs/foundation_models/tasks/seasonal_naive/univariate/Water_Quality_Darwin/15T/short/run_0

--- Term: medium ---
  Config: prediction_length=96, test_length=1440, val_length=1440
TIME run allocation action=skip run=/fslarge/scratch/users/h61084/codes/improved/outputs/foundation_models/tasks/seasonal_naive/univariate/Water_Quality_Darwin/15T/medium/run_0 source_launch=selena_20260908T145416Z_18651 launch_id=selena_20260908T145416Z_18651 slurm_job_id=3227276 launched_at=2026-09-08T15:32:13.603584+00:00
  Reused completed task: /fslarge/scratch/users/h61084/codes/improved/outputs/foundation_models/tasks/seasonal_naive/univariate/Water_Quality_Darwin/15T/medium/run_0

--- Term: long ---
  Config: prediction_length=288, test_length=1440, val_length=1440
TIME run allocation action=skip run=/fslarge/scratch/users/h61084/codes/improved/outputs/foundation_models/tasks/seasonal_naive/univariate/Water_Quality_Darwin/15T/long/run_0 source_launch=selena_20260908T145416Z_18651 launch_id=selena_20260908T145416Z_18651 slurm_job_id=3227276 launched_at=2026-09-08T15:32:13.632661+00:00
  Reused completed task: /fslarge/scratch/users/h61084/codes/improved/outputs/foundation_models/tasks/seasonal_naive/univariate/Water_Quality_Darwin/15T/long/run_0

============================================================
All experiments completed!
Results saved to: /scratch/users/h61084/codes/improved/outputs/foundation_models/tasks
============================================================

############################################################
# All 1 dataset(s) completed!
############################################################

############################################################
# Dataset 1/1: current_velocity/5T
############################################################
Loading configuration...

============================================================
Model: Seasonal Naive
Dataset: current_velocity/5T
Terms: ['short', 'medium', 'long']
============================================================

--- Term: short ---
  Config: prediction_length=36, test_length=4320, val_length=4320
TIME run allocation action=skip run=/fslarge/scratch/users/h61084/codes/improved/outputs/foundation_models/tasks/seasonal_naive/univariate/current_velocity/5T/short/run_0 source_launch=selena_20260908T145416Z_18651 launch_id=selena_20260908T145416Z_18651 slurm_job_id=3227276 launched_at=2026-09-08T15:32:16.607852+00:00
  Reused completed task: /fslarge/scratch/users/h61084/codes/improved/outputs/foundation_models/tasks/seasonal_naive/univariate/current_velocity/5T/short/run_0

--- Term: medium ---
  Config: prediction_length=288, test_length=4320, val_length=4320
TIME run allocation action=skip run=/fslarge/scratch/users/h61084/codes/improved/outputs/foundation_models/tasks/seasonal_naive/univariate/current_velocity/5T/medium/run_0 source_launch=selena_20260908T145416Z_18651 launch_id=selena_20260908T145416Z_18651 slurm_job_id=3227276 launched_at=2026-09-08T15:32:16.649580+00:00
  Reused completed task: /fslarge/scratch/users/h61084/codes/improved/outputs/foundation_models/tasks/seasonal_naive/univariate/current_velocity/5T/medium/run_0

--- Term: long ---
  Config: prediction_length=864, test_length=4320, val_length=4320
TIME run allocation action=skip run=/fslarge/scratch/users/h61084/codes/improved/outputs/foundation_models/tasks/seasonal_naive/univariate/current_velocity/5T/long/run_0 source_launch=selena_20260908T145416Z_18651 launch_id=selena_20260908T145416Z_18651 slurm_job_id=3227276 launched_at=2026-09-08T15:32:16.689109+00:00
  Reused completed task: /fslarge/scratch/users/h61084/codes/improved/outputs/foundation_models/tasks/seasonal_naive/univariate/current_velocity/5T/long/run_0

============================================================
All experiments completed!
Results saved to: /scratch/users/h61084/codes/improved/outputs/foundation_models/tasks
============================================================

############################################################
# All 1 dataset(s) completed!
############################################################

############################################################
# Dataset 1/1: current_velocity/10T
############################################################
Loading configuration...

============================================================
Model: Seasonal Naive
Dataset: current_velocity/10T
Terms: ['short', 'medium', 'long']
============================================================

--- Term: short ---
  Config: prediction_length=18, test_length=2160, val_length=2160
TIME run allocation action=skip run=/fslarge/scratch/users/h61084/codes/improved/outputs/foundation_models/tasks/seasonal_naive/univariate/current_velocity/10T/short/run_0 source_launch=selena_20260908T145416Z_18651 launch_id=selena_20260908T145416Z_18651 slurm_job_id=3227276 launched_at=2026-09-08T15:32:19.621527+00:00
  Reused completed task: /fslarge/scratch/users/h61084/codes/improved/outputs/foundation_models/tasks/seasonal_naive/univariate/current_velocity/10T/short/run_0

--- Term: medium ---
  Config: prediction_length=144, test_length=2160, val_length=2160
TIME run allocation action=skip run=/fslarge/scratch/users/h61084/codes/improved/outputs/foundation_models/tasks/seasonal_naive/univariate/current_velocity/10T/medium/run_0 source_launch=selena_20260908T145416Z_18651 launch_id=selena_20260908T145416Z_18651 slurm_job_id=3227276 launched_at=2026-09-08T15:32:19.662704+00:00
  Reused completed task: /fslarge/scratch/users/h61084/codes/improved/outputs/foundation_models/tasks/seasonal_naive/univariate/current_velocity/10T/medium/run_0

--- Term: long ---
  Config: prediction_length=432, test_length=2160, val_length=2160
TIME run allocation action=skip run=/fslarge/scratch/users/h61084/codes/improved/outputs/foundation_models/tasks/seasonal_naive/univariate/current_velocity/10T/long/run_0 source_launch=selena_20260908T145416Z_18651 launch_id=selena_20260908T145416Z_18651 slurm_job_id=3227276 launched_at=2026-09-08T15:32:19.701852+00:00
  Reused completed task: /fslarge/scratch/users/h61084/codes/improved/outputs/foundation_models/tasks/seasonal_naive/univariate/current_velocity/10T/long/run_0

============================================================
All experiments completed!
Results saved to: /scratch/users/h61084/codes/improved/outputs/foundation_models/tasks
============================================================

############################################################
# All 1 dataset(s) completed!
############################################################

############################################################
# Dataset 1/1: current_velocity/15T
############################################################
Loading configuration...

============================================================
Model: Seasonal Naive
Dataset: current_velocity/15T
Terms: ['short', 'medium', 'long']
============================================================

--- Term: short ---
  Config: prediction_length=12, test_length=1440, val_length=1440
TIME run allocation action=skip run=/fslarge/scratch/users/h61084/codes/improved/outputs/foundation_models/tasks/seasonal_naive/univariate/current_velocity/15T/short/run_0 source_launch=selena_20260908T145416Z_18651 launch_id=selena_20260908T145416Z_18651 slurm_job_id=3227276 launched_at=2026-09-08T15:32:22.626394+00:00
  Reused completed task: /fslarge/scratch/users/h61084/codes/improved/outputs/foundation_models/tasks/seasonal_naive/univariate/current_velocity/15T/short/run_0

--- Term: medium ---
  Config: prediction_length=96, test_length=1440, val_length=1440
TIME run allocation action=skip run=/fslarge/scratch/users/h61084/codes/improved/outputs/foundation_models/tasks/seasonal_naive/univariate/current_velocity/15T/medium/run_0 source_launch=selena_20260908T145416Z_18651 launch_id=selena_20260908T145416Z_18651 slurm_job_id=3227276 launched_at=2026-09-08T15:32:22.654280+00:00
  Reused completed task: /fslarge/scratch/users/h61084/codes/improved/outputs/foundation_models/tasks/seasonal_naive/univariate/current_velocity/15T/medium/run_0

--- Term: long ---
  Config: prediction_length=288, test_length=1440, val_length=1440
TIME run allocation action=skip run=/fslarge/scratch/users/h61084/codes/improved/outputs/foundation_models/tasks/seasonal_naive/univariate/current_velocity/15T/long/run_0 source_launch=selena_20260908T145416Z_18651 launch_id=selena_20260908T145416Z_18651 slurm_job_id=3227276 launched_at=2026-09-08T15:32:22.681830+00:00
  Reused completed task: /fslarge/scratch/users/h61084/codes/improved/outputs/foundation_models/tasks/seasonal_naive/univariate/current_velocity/15T/long/run_0

============================================================
All experiments completed!
Results saved to: /scratch/users/h61084/codes/improved/outputs/foundation_models/tasks
============================================================

############################################################
# All 1 dataset(s) completed!
############################################################

############################################################
# Dataset 1/1: current_velocity/20T
############################################################
Loading configuration...

============================================================
Model: Seasonal Naive
Dataset: current_velocity/20T
Terms: ['short', 'medium', 'long']
============================================================

--- Term: short ---
  Config: prediction_length=9, test_length=1080, val_length=1080
TIME run allocation action=skip run=/fslarge/scratch/users/h61084/codes/improved/outputs/foundation_models/tasks/seasonal_naive/univariate/current_velocity/20T/short/run_0 source_launch=selena_20260908T145416Z_18651 launch_id=selena_20260908T145416Z_18651 slurm_job_id=3227276 launched_at=2026-09-08T15:32:25.574657+00:00
  Reused completed task: /fslarge/scratch/users/h61084/codes/improved/outputs/foundation_models/tasks/seasonal_naive/univariate/current_velocity/20T/short/run_0

--- Term: medium ---
  Config: prediction_length=72, test_length=1080, val_length=1080
TIME run allocation action=skip run=/fslarge/scratch/users/h61084/codes/improved/outputs/foundation_models/tasks/seasonal_naive/univariate/current_velocity/20T/medium/run_0 source_launch=selena_20260908T145416Z_18651 launch_id=selena_20260908T145416Z_18651 slurm_job_id=3227276 launched_at=2026-09-08T15:32:25.588378+00:00
  Reused completed task: /fslarge/scratch/users/h61084/codes/improved/outputs/foundation_models/tasks/seasonal_naive/univariate/current_velocity/20T/medium/run_0

--- Term: long ---
  Config: prediction_length=216, test_length=1080, val_length=1080
TIME run allocation action=skip run=/fslarge/scratch/users/h61084/codes/improved/outputs/foundation_models/tasks/seasonal_naive/univariate/current_velocity/20T/long/run_0 source_launch=selena_20260908T145416Z_18651 launch_id=selena_20260908T145416Z_18651 slurm_job_id=3227276 launched_at=2026-09-08T15:32:25.601698+00:00
  Reused completed task: /fslarge/scratch/users/h61084/codes/improved/outputs/foundation_models/tasks/seasonal_naive/univariate/current_velocity/20T/long/run_0

============================================================
All experiments completed!
Results saved to: /scratch/users/h61084/codes/improved/outputs/foundation_models/tasks
============================================================

############################################################
# All 1 dataset(s) completed!
############################################################

############################################################
# Dataset 1/1: current_velocity/H
############################################################
Loading configuration...

============================================================
Model: Seasonal Naive
Dataset: current_velocity/H
Terms: ['short', 'medium', 'long']
============================================================

--- Term: short ---
  Config: prediction_length=24, test_length=672, val_length=672
TIME run allocation action=skip run=/fslarge/scratch/users/h61084/codes/improved/outputs/foundation_models/tasks/seasonal_naive/univariate/current_velocity/H/short/run_0 source_launch=selena_20260908T145416Z_18651 launch_id=selena_20260908T145416Z_18651 slurm_job_id=3227276 launched_at=2026-09-08T15:32:28.492378+00:00
  Reused completed task: /fslarge/scratch/users/h61084/codes/improved/outputs/foundation_models/tasks/seasonal_naive/univariate/current_velocity/H/short/run_0

--- Term: medium ---
  Config: prediction_length=168, test_length=672, val_length=672
TIME run allocation action=skip run=/fslarge/scratch/users/h61084/codes/improved/outputs/foundation_models/tasks/seasonal_naive/univariate/current_velocity/H/medium/run_0 source_launch=selena_20260908T145416Z_18651 launch_id=selena_20260908T145416Z_18651 slurm_job_id=3227276 launched_at=2026-09-08T15:32:28.506996+00:00
  Reused completed task: /fslarge/scratch/users/h61084/codes/improved/outputs/foundation_models/tasks/seasonal_naive/univariate/current_velocity/H/medium/run_0

--- Term: long ---
  Config: prediction_length=336, test_length=672, val_length=672
TIME run allocation action=skip run=/fslarge/scratch/users/h61084/codes/improved/outputs/foundation_models/tasks/seasonal_naive/univariate/current_velocity/H/long/run_0 source_launch=selena_20260908T145416Z_18651 launch_id=selena_20260908T145416Z_18651 slurm_job_id=3227276 launched_at=2026-09-08T15:32:28.521251+00:00
  Reused completed task: /fslarge/scratch/users/h61084/codes/improved/outputs/foundation_models/tasks/seasonal_naive/univariate/current_velocity/H/long/run_0

============================================================
All experiments completed!
Results saved to: /scratch/users/h61084/codes/improved/outputs/foundation_models/tasks
============================================================

############################################################
# All 1 dataset(s) completed!
############################################################

############################################################
# Dataset 1/1: CPHL/15T
############################################################
Loading configuration...

============================================================
Model: Seasonal Naive
Dataset: CPHL/15T
Terms: ['short', 'medium', 'long']
============================================================

--- Term: short ---
  Config: prediction_length=12, test_length=1440, val_length=1440
TIME run allocation action=skip run=/fslarge/scratch/users/h61084/codes/improved/outputs/foundation_models/tasks/seasonal_naive/univariate/CPHL/15T/short/run_0 source_launch=selena_20260908T145416Z_18651 launch_id=selena_20260908T145416Z_18651 slurm_job_id=3227276 launched_at=2026-09-08T15:32:31.404528+00:00
  Reused completed task: /fslarge/scratch/users/h61084/codes/improved/outputs/foundation_models/tasks/seasonal_naive/univariate/CPHL/15T/short/run_0

--- Term: medium ---
  Config: prediction_length=96, test_length=1440, val_length=1440
TIME run allocation action=skip run=/fslarge/scratch/users/h61084/codes/improved/outputs/foundation_models/tasks/seasonal_naive/univariate/CPHL/15T/medium/run_0 source_launch=selena_20260908T145416Z_18651 launch_id=selena_20260908T145416Z_18651 slurm_job_id=3227276 launched_at=2026-09-08T15:32:31.412362+00:00
  Reused completed task: /fslarge/scratch/users/h61084/codes/improved/outputs/foundation_models/tasks/seasonal_naive/univariate/CPHL/15T/medium/run_0

--- Term: long ---
  Config: prediction_length=288, test_length=1440, val_length=1440
TIME run allocation action=skip run=/fslarge/scratch/users/h61084/codes/improved/outputs/foundation_models/tasks/seasonal_naive/univariate/CPHL/15T/long/run_0 source_launch=selena_20260908T145416Z_18651 launch_id=selena_20260908T145416Z_18651 slurm_job_id=3227276 launched_at=2026-09-08T15:32:31.419916+00:00
  Reused completed task: /fslarge/scratch/users/h61084/codes/improved/outputs/foundation_models/tasks/seasonal_naive/univariate/CPHL/15T/long/run_0

============================================================
All experiments completed!
Results saved to: /scratch/users/h61084/codes/improved/outputs/foundation_models/tasks
============================================================

############################################################
# All 1 dataset(s) completed!
############################################################

############################################################
# Dataset 1/1: CPHL/30T
############################################################
Loading configuration...

============================================================
Model: Seasonal Naive
Dataset: CPHL/30T
Terms: ['short', 'medium', 'long']
============================================================

--- Term: short ---
  Config: prediction_length=12, test_length=1440, val_length=1440
TIME run allocation action=skip run=/fslarge/scratch/users/h61084/codes/improved/outputs/foundation_models/tasks/seasonal_naive/univariate/CPHL/30T/short/run_0 source_launch=selena_20260908T145416Z_18651 launch_id=selena_20260908T145416Z_18651 slurm_job_id=3227276 launched_at=2026-09-08T15:32:34.294604+00:00
  Reused completed task: /fslarge/scratch/users/h61084/codes/improved/outputs/foundation_models/tasks/seasonal_naive/univariate/CPHL/30T/short/run_0

--- Term: medium ---
  Config: prediction_length=48, test_length=1440, val_length=1440
TIME run allocation action=skip run=/fslarge/scratch/users/h61084/codes/improved/outputs/foundation_models/tasks/seasonal_naive/univariate/CPHL/30T/medium/run_0 source_launch=selena_20260908T145416Z_18651 launch_id=selena_20260908T145416Z_18651 slurm_job_id=3227276 launched_at=2026-09-08T15:32:34.302781+00:00
  Reused completed task: /fslarge/scratch/users/h61084/codes/improved/outputs/foundation_models/tasks/seasonal_naive/univariate/CPHL/30T/medium/run_0

--- Term: long ---
  Config: prediction_length=144, test_length=1440, val_length=1440
TIME run allocation action=skip run=/fslarge/scratch/users/h61084/codes/improved/outputs/foundation_models/tasks/seasonal_naive/univariate/CPHL/30T/long/run_0 source_launch=selena_20260908T145416Z_18651 launch_id=selena_20260908T145416Z_18651 slurm_job_id=3227276 launched_at=2026-09-08T15:32:34.310366+00:00
  Reused completed task: /fslarge/scratch/users/h61084/codes/improved/outputs/foundation_models/tasks/seasonal_naive/univariate/CPHL/30T/long/run_0

============================================================
All experiments completed!
Results saved to: /scratch/users/h61084/codes/improved/outputs/foundation_models/tasks
============================================================

############################################################
# All 1 dataset(s) completed!
############################################################

############################################################
# Dataset 1/1: CPHL/H
############################################################
Loading configuration...

============================================================
Model: Seasonal Naive
Dataset: CPHL/H
Terms: ['short', 'medium', 'long']
============================================================

--- Term: short ---
  Config: prediction_length=24, test_length=672, val_length=672
TIME run allocation action=skip run=/fslarge/scratch/users/h61084/codes/improved/outputs/foundation_models/tasks/seasonal_naive/univariate/CPHL/H/short/run_0 source_launch=selena_20260908T145416Z_18651 launch_id=selena_20260908T145416Z_18651 slurm_job_id=3227276 launched_at=2026-09-08T15:32:37.183192+00:00
  Reused completed task: /fslarge/scratch/users/h61084/codes/improved/outputs/foundation_models/tasks/seasonal_naive/univariate/CPHL/H/short/run_0

--- Term: medium ---
  Config: prediction_length=168, test_length=672, val_length=672
TIME run allocation action=skip run=/fslarge/scratch/users/h61084/codes/improved/outputs/foundation_models/tasks/seasonal_naive/univariate/CPHL/H/medium/run_0 source_launch=selena_20260908T145416Z_18651 launch_id=selena_20260908T145416Z_18651 slurm_job_id=3227276 launched_at=2026-09-08T15:32:37.190552+00:00
  Reused completed task: /fslarge/scratch/users/h61084/codes/improved/outputs/foundation_models/tasks/seasonal_naive/univariate/CPHL/H/medium/run_0

--- Term: long ---
  Config: prediction_length=336, test_length=672, val_length=672
TIME run allocation action=skip run=/fslarge/scratch/users/h61084/codes/improved/outputs/foundation_models/tasks/seasonal_naive/univariate/CPHL/H/long/run_0 source_launch=selena_20260908T145416Z_18651 launch_id=selena_20260908T145416Z_18651 slurm_job_id=3227276 launched_at=2026-09-08T15:32:37.197643+00:00
  Reused completed task: /fslarge/scratch/users/h61084/codes/improved/outputs/foundation_models/tasks/seasonal_naive/univariate/CPHL/H/long/run_0

============================================================
All experiments completed!
Results saved to: /scratch/users/h61084/codes/improved/outputs/foundation_models/tasks
============================================================

############################################################
# All 1 dataset(s) completed!
############################################################

############################################################
# Dataset 1/1: Coastal_T_S/5T
############################################################
Loading configuration...

============================================================
Model: Seasonal Naive
Dataset: Coastal_T_S/5T
Terms: ['short', 'medium', 'long']
============================================================

--- Term: short ---
  Config: prediction_length=36, test_length=4320, val_length=4320
TIME run allocation action=skip run=/fslarge/scratch/users/h61084/codes/improved/outputs/foundation_models/tasks/seasonal_naive/univariate/Coastal_T_S/5T/short/run_0 source_launch=selena_20260908T145416Z_18651 launch_id=selena_20260908T145416Z_18651 slurm_job_id=3227276 launched_at=2026-09-08T15:32:40.187455+00:00
  Reused completed task: /fslarge/scratch/users/h61084/codes/improved/outputs/foundation_models/tasks/seasonal_naive/univariate/Coastal_T_S/5T/short/run_0

--- Term: medium ---
  Config: prediction_length=288, test_length=4320, val_length=4320
TIME run allocation action=skip run=/fslarge/scratch/users/h61084/codes/improved/outputs/foundation_models/tasks/seasonal_naive/univariate/Coastal_T_S/5T/medium/run_0 source_launch=selena_20260908T145416Z_18651 launch_id=selena_20260908T145416Z_18651 slurm_job_id=3227276 launched_at=2026-09-08T15:32:40.260215+00:00
  Reused completed task: /fslarge/scratch/users/h61084/codes/improved/outputs/foundation_models/tasks/seasonal_naive/univariate/Coastal_T_S/5T/medium/run_0

--- Term: long ---
  Config: prediction_length=864, test_length=4320, val_length=4320
TIME run allocation action=skip run=/fslarge/scratch/users/h61084/codes/improved/outputs/foundation_models/tasks/seasonal_naive/univariate/Coastal_T_S/5T/long/run_0 source_launch=selena_20260908T145416Z_18651 launch_id=selena_20260908T145416Z_18651 slurm_job_id=3227276 launched_at=2026-09-08T15:32:40.330531+00:00
  Reused completed task: /fslarge/scratch/users/h61084/codes/improved/outputs/foundation_models/tasks/seasonal_naive/univariate/Coastal_T_S/5T/long/run_0

============================================================
All experiments completed!
Results saved to: /scratch/users/h61084/codes/improved/outputs/foundation_models/tasks
============================================================

############################################################
# All 1 dataset(s) completed!
############################################################

############################################################
# Dataset 1/1: Coastal_T_S/15T
############################################################
Loading configuration...

============================================================
Model: Seasonal Naive
Dataset: Coastal_T_S/15T
Terms: ['short', 'medium', 'long']
============================================================

--- Term: short ---
  Config: prediction_length=12, test_length=1440, val_length=1440
TIME run allocation action=skip run=/fslarge/scratch/users/h61084/codes/improved/outputs/foundation_models/tasks/seasonal_naive/univariate/Coastal_T_S/15T/short/run_0 source_launch=selena_20260908T145416Z_18651 launch_id=selena_20260908T145416Z_18651 slurm_job_id=3227276 launched_at=2026-09-08T15:32:43.223556+00:00
  Reused completed task: /fslarge/scratch/users/h61084/codes/improved/outputs/foundation_models/tasks/seasonal_naive/univariate/Coastal_T_S/15T/short/run_0

--- Term: medium ---
  Config: prediction_length=96, test_length=1440, val_length=1440
TIME run allocation action=skip run=/fslarge/scratch/users/h61084/codes/improved/outputs/foundation_models/tasks/seasonal_naive/univariate/Coastal_T_S/15T/medium/run_0 source_launch=selena_20260908T145416Z_18651 launch_id=selena_20260908T145416Z_18651 slurm_job_id=3227276 launched_at=2026-09-08T15:32:43.244352+00:00
  Reused completed task: /fslarge/scratch/users/h61084/codes/improved/outputs/foundation_models/tasks/seasonal_naive/univariate/Coastal_T_S/15T/medium/run_0

--- Term: long ---
  Config: prediction_length=288, test_length=1440, val_length=1440
TIME run allocation action=skip run=/fslarge/scratch/users/h61084/codes/improved/outputs/foundation_models/tasks/seasonal_naive/univariate/Coastal_T_S/15T/long/run_0 source_launch=selena_20260908T145416Z_18651 launch_id=selena_20260908T145416Z_18651 slurm_job_id=3227276 launched_at=2026-09-08T15:32:43.264554+00:00
  Reused completed task: /fslarge/scratch/users/h61084/codes/improved/outputs/foundation_models/tasks/seasonal_naive/univariate/Coastal_T_S/15T/long/run_0

============================================================
All experiments completed!
Results saved to: /scratch/users/h61084/codes/improved/outputs/foundation_models/tasks
============================================================

############################################################
# All 1 dataset(s) completed!
############################################################

############################################################
# Dataset 1/1: Coastal_T_S/20T
############################################################
Loading configuration...

============================================================
Model: Seasonal Naive
Dataset: Coastal_T_S/20T
Terms: ['short', 'medium', 'long']
============================================================

--- Term: short ---
  Config: prediction_length=9, test_length=1080, val_length=1080
TIME run allocation action=skip run=/fslarge/scratch/users/h61084/codes/improved/outputs/foundation_models/tasks/seasonal_naive/univariate/Coastal_T_S/20T/short/run_0 source_launch=selena_20260908T145416Z_18651 launch_id=selena_20260908T145416Z_18651 slurm_job_id=3227276 launched_at=2026-09-08T15:32:46.151878+00:00
  Reused completed task: /fslarge/scratch/users/h61084/codes/improved/outputs/foundation_models/tasks/seasonal_naive/univariate/Coastal_T_S/20T/short/run_0

--- Term: medium ---
  Config: prediction_length=72, test_length=1080, val_length=1080
TIME run allocation action=skip run=/fslarge/scratch/users/h61084/codes/improved/outputs/foundation_models/tasks/seasonal_naive/univariate/Coastal_T_S/20T/medium/run_0 source_launch=selena_20260908T145416Z_18651 launch_id=selena_20260908T145416Z_18651 slurm_job_id=3227276 launched_at=2026-09-08T15:32:46.165168+00:00
  Reused completed task: /fslarge/scratch/users/h61084/codes/improved/outputs/foundation_models/tasks/seasonal_naive/univariate/Coastal_T_S/20T/medium/run_0

--- Term: long ---
  Config: prediction_length=216, test_length=1080, val_length=1080
TIME run allocation action=skip run=/fslarge/scratch/users/h61084/codes/improved/outputs/foundation_models/tasks/seasonal_naive/univariate/Coastal_T_S/20T/long/run_0 source_launch=selena_20260908T145416Z_18651 launch_id=selena_20260908T145416Z_18651 slurm_job_id=3227276 launched_at=2026-09-08T15:32:46.178380+00:00
  Reused completed task: /fslarge/scratch/users/h61084/codes/improved/outputs/foundation_models/tasks/seasonal_naive/univariate/Coastal_T_S/20T/long/run_0

============================================================
All experiments completed!
Results saved to: /scratch/users/h61084/codes/improved/outputs/foundation_models/tasks
============================================================

############################################################
# All 1 dataset(s) completed!
############################################################

############################################################
# Dataset 1/1: Coastal_T_S/H
############################################################
Loading configuration...

============================================================
Model: Seasonal Naive
Dataset: Coastal_T_S/H
Terms: ['short', 'medium', 'long']
============================================================

--- Term: short ---
  Config: prediction_length=24, test_length=672, val_length=672
TIME run allocation action=skip run=/fslarge/scratch/users/h61084/codes/improved/outputs/foundation_models/tasks/seasonal_naive/univariate/Coastal_T_S/H/short/run_0 source_launch=selena_20260908T145416Z_18651 launch_id=selena_20260908T145416Z_18651 slurm_job_id=3227276 launched_at=2026-09-08T15:32:49.066514+00:00
  Reused completed task: /fslarge/scratch/users/h61084/codes/improved/outputs/foundation_models/tasks/seasonal_naive/univariate/Coastal_T_S/H/short/run_0

--- Term: medium ---
  Config: prediction_length=168, test_length=672, val_length=672
TIME run allocation action=skip run=/fslarge/scratch/users/h61084/codes/improved/outputs/foundation_models/tasks/seasonal_naive/univariate/Coastal_T_S/H/medium/run_0 source_launch=selena_20260908T145416Z_18651 launch_id=selena_20260908T145416Z_18651 slurm_job_id=3227276 launched_at=2026-09-08T15:32:49.080770+00:00
  Reused completed task: /fslarge/scratch/users/h61084/codes/improved/outputs/foundation_models/tasks/seasonal_naive/univariate/Coastal_T_S/H/medium/run_0

--- Term: long ---
  Config: prediction_length=336, test_length=672, val_length=672
TIME run allocation action=skip run=/fslarge/scratch/users/h61084/codes/improved/outputs/foundation_models/tasks/seasonal_naive/univariate/Coastal_T_S/H/long/run_0 source_launch=selena_20260908T145416Z_18651 launch_id=selena_20260908T145416Z_18651 slurm_job_id=3227276 launched_at=2026-09-08T15:32:49.094364+00:00
  Reused completed task: /fslarge/scratch/users/h61084/codes/improved/outputs/foundation_models/tasks/seasonal_naive/univariate/Coastal_T_S/H/long/run_0

============================================================
All experiments completed!
Results saved to: /scratch/users/h61084/codes/improved/outputs/foundation_models/tasks
============================================================

############################################################
# All 1 dataset(s) completed!
############################################################

############################################################
# Dataset 1/1: SG_Weather/D
############################################################
Loading configuration...

============================================================
Model: Seasonal Naive
Dataset: SG_Weather/D
Terms: ['short', 'medium', 'long']
============================================================

--- Term: short ---
  Config: prediction_length=3, test_length=366, val_length=366
TIME run allocation action=skip run=/fslarge/scratch/users/h61084/codes/improved/outputs/foundation_models/tasks/seasonal_naive/univariate/SG_Weather/D/short/run_0 source_launch=selena_20260908T145416Z_18651 launch_id=selena_20260908T145416Z_18651 slurm_job_id=3227276 launched_at=2026-09-08T15:32:51.966493+00:00
  Reused completed task: /fslarge/scratch/users/h61084/codes/improved/outputs/foundation_models/tasks/seasonal_naive/univariate/SG_Weather/D/short/run_0

--- Term: medium ---
  Config: prediction_length=7, test_length=366, val_length=366
TIME run allocation action=skip run=/fslarge/scratch/users/h61084/codes/improved/outputs/foundation_models/tasks/seasonal_naive/univariate/SG_Weather/D/medium/run_0 source_launch=selena_20260908T145416Z_18651 launch_id=selena_20260908T145416Z_18651 slurm_job_id=3227276 launched_at=2026-09-08T15:32:51.978194+00:00
  Reused completed task: /fslarge/scratch/users/h61084/codes/improved/outputs/foundation_models/tasks/seasonal_naive/univariate/SG_Weather/D/medium/run_0

--- Term: long ---
  Config: prediction_length=14, test_length=366, val_length=366
TIME run allocation action=skip run=/fslarge/scratch/users/h61084/codes/improved/outputs/foundation_models/tasks/seasonal_naive/univariate/SG_Weather/D/long/run_0 source_launch=selena_20260908T145416Z_18651 launch_id=selena_20260908T145416Z_18651 slurm_job_id=3227276 launched_at=2026-09-08T15:32:51.989196+00:00
  Reused completed task: /fslarge/scratch/users/h61084/codes/improved/outputs/foundation_models/tasks/seasonal_naive/univariate/SG_Weather/D/long/run_0

============================================================
All experiments completed!
Results saved to: /scratch/users/h61084/codes/improved/outputs/foundation_models/tasks
============================================================

############################################################
# All 1 dataset(s) completed!
############################################################

############################################################
# Dataset 1/1: SG_PM25/H
############################################################
Loading configuration...

============================================================
Model: Seasonal Naive
Dataset: SG_PM25/H
Terms: ['short', 'medium', 'long']
============================================================

--- Term: short ---
  Config: prediction_length=24, test_length=2208, val_length=2160
TIME run allocation action=skip run=/fslarge/scratch/users/h61084/codes/improved/outputs/foundation_models/tasks/seasonal_naive/univariate/SG_PM25/H/short/run_0 source_launch=selena_20260908T145416Z_18651 launch_id=selena_20260908T145416Z_18651 slurm_job_id=3227276 launched_at=2026-09-08T15:32:54.940118+00:00
  Reused completed task: /fslarge/scratch/users/h61084/codes/improved/outputs/foundation_models/tasks/seasonal_naive/univariate/SG_PM25/H/short/run_0

--- Term: medium ---
  Config: prediction_length=72, test_length=2208, val_length=2160
TIME run allocation action=skip run=/fslarge/scratch/users/h61084/codes/improved/outputs/foundation_models/tasks/seasonal_naive/univariate/SG_PM25/H/medium/run_0 source_launch=selena_20260908T145416Z_18651 launch_id=selena_20260908T145416Z_18651 slurm_job_id=3227276 launched_at=2026-09-08T15:32:54.989295+00:00
  Reused completed task: /fslarge/scratch/users/h61084/codes/improved/outputs/foundation_models/tasks/seasonal_naive/univariate/SG_PM25/H/medium/run_0

--- Term: long ---
  Config: prediction_length=168, test_length=2208, val_length=2160
TIME run allocation action=skip run=/fslarge/scratch/users/h61084/codes/improved/outputs/foundation_models/tasks/seasonal_naive/univariate/SG_PM25/H/long/run_0 source_launch=selena_20260908T145416Z_18651 launch_id=selena_20260908T145416Z_18651 slurm_job_id=3227276 launched_at=2026-09-08T15:32:55.036353+00:00
  Reused completed task: /fslarge/scratch/users/h61084/codes/improved/outputs/foundation_models/tasks/seasonal_naive/univariate/SG_PM25/H/long/run_0

============================================================
All experiments completed!
Results saved to: /scratch/users/h61084/codes/improved/outputs/foundation_models/tasks
============================================================

############################################################
# All 1 dataset(s) completed!
############################################################

############################################################
# Dataset 1/1: NE_China_Wind/H
############################################################
Loading configuration...

============================================================
Model: Seasonal Naive
Dataset: NE_China_Wind/H
Terms: ['short', 'medium', 'long']
============================================================

--- Term: short ---
  Config: prediction_length=24, test_length=720, val_length=720
TIME run allocation action=skip run=/fslarge/scratch/users/h61084/codes/improved/outputs/foundation_models/tasks/seasonal_naive/univariate/NE_China_Wind/H/short/run_0 source_launch=selena_20260908T145416Z_18651 launch_id=selena_20260908T145416Z_18651 slurm_job_id=3227276 launched_at=2026-09-08T15:32:57.927251+00:00
  Reused completed task: /fslarge/scratch/users/h61084/codes/improved/outputs/foundation_models/tasks/seasonal_naive/univariate/NE_China_Wind/H/short/run_0

--- Term: medium ---
  Config: prediction_length=72, test_length=720, val_length=720
TIME run allocation action=skip run=/fslarge/scratch/users/h61084/codes/improved/outputs/foundation_models/tasks/seasonal_naive/univariate/NE_China_Wind/H/medium/run_0 source_launch=selena_20260908T145416Z_18651 launch_id=selena_20260908T145416Z_18651 slurm_job_id=3227276 launched_at=2026-09-08T15:32:57.942450+00:00
  Reused completed task: /fslarge/scratch/users/h61084/codes/improved/outputs/foundation_models/tasks/seasonal_naive/univariate/NE_China_Wind/H/medium/run_0

--- Term: long ---
  Config: prediction_length=168, test_length=720, val_length=720
TIME run allocation action=skip run=/fslarge/scratch/users/h61084/codes/improved/outputs/foundation_models/tasks/seasonal_naive/univariate/NE_China_Wind/H/long/run_0 source_launch=selena_20260908T145416Z_18651 launch_id=selena_20260908T145416Z_18651 slurm_job_id=3227276 launched_at=2026-09-08T15:32:57.957135+00:00
  Reused completed task: /fslarge/scratch/users/h61084/codes/improved/outputs/foundation_models/tasks/seasonal_naive/univariate/NE_China_Wind/H/long/run_0

============================================================
All experiments completed!
Results saved to: /scratch/users/h61084/codes/improved/outputs/foundation_models/tasks
============================================================

############################################################
# All 1 dataset(s) completed!
############################################################

############################################################
# Dataset 1/1: Australia_Solar/H
############################################################
Loading configuration...

============================================================
Model: Seasonal Naive
Dataset: Australia_Solar/H
Terms: ['short', 'medium', 'long']
============================================================

--- Term: short ---
  Config: prediction_length=24, test_length=2520, val_length=2520
TIME run allocation action=skip run=/fslarge/scratch/users/h61084/codes/improved/outputs/foundation_models/tasks/seasonal_naive/univariate/Australia_Solar/H/short/run_0 source_launch=selena_20260908T145416Z_18651 launch_id=selena_20260908T145416Z_18651 slurm_job_id=3227276 launched_at=2026-09-08T15:33:00.855608+00:00
  Reused completed task: /fslarge/scratch/users/h61084/codes/improved/outputs/foundation_models/tasks/seasonal_naive/univariate/Australia_Solar/H/short/run_0

--- Term: medium ---
  Config: prediction_length=72, test_length=2520, val_length=2520
TIME run allocation action=skip run=/fslarge/scratch/users/h61084/codes/improved/outputs/foundation_models/tasks/seasonal_naive/univariate/Australia_Solar/H/medium/run_0 source_launch=selena_20260908T145416Z_18651 launch_id=selena_20260908T145416Z_18651 slurm_job_id=3227276 launched_at=2026-09-08T15:33:00.883991+00:00
  Reused completed task: /fslarge/scratch/users/h61084/codes/improved/outputs/foundation_models/tasks/seasonal_naive/univariate/Australia_Solar/H/medium/run_0

--- Term: long ---
  Config: prediction_length=168, test_length=2520, val_length=2520
TIME run allocation action=skip run=/fslarge/scratch/users/h61084/codes/improved/outputs/foundation_models/tasks/seasonal_naive/univariate/Australia_Solar/H/long/run_0 source_launch=selena_20260908T145416Z_18651 launch_id=selena_20260908T145416Z_18651 slurm_job_id=3227276 launched_at=2026-09-08T15:33:00.910089+00:00
  Reused completed task: /fslarge/scratch/users/h61084/codes/improved/outputs/foundation_models/tasks/seasonal_naive/univariate/Australia_Solar/H/long/run_0

============================================================
All experiments completed!
Results saved to: /scratch/users/h61084/codes/improved/outputs/foundation_models/tasks
============================================================

############################################################
# All 1 dataset(s) completed!
############################################################

############################################################
# Dataset 1/1: epf_electricity_price/H
############################################################
Loading configuration...

============================================================
Model: Seasonal Naive
Dataset: epf_electricity_price/H
Terms: ['short', 'medium', 'long']
============================================================

--- Term: short ---
  Config: prediction_length=24, test_length=2520, val_length=2520
TIME run allocation action=skip run=/fslarge/scratch/users/h61084/codes/improved/outputs/foundation_models/tasks/seasonal_naive/univariate/epf_electricity_price/H/short/run_0 source_launch=selena_20260908T145416Z_18651 launch_id=selena_20260908T145416Z_18651 slurm_job_id=3227276 launched_at=2026-09-08T15:33:03.798302+00:00
  Reused completed task: /fslarge/scratch/users/h61084/codes/improved/outputs/foundation_models/tasks/seasonal_naive/univariate/epf_electricity_price/H/short/run_0

--- Term: medium ---
  Config: prediction_length=72, test_length=2520, val_length=2520
TIME run allocation action=skip run=/fslarge/scratch/users/h61084/codes/improved/outputs/foundation_models/tasks/seasonal_naive/univariate/epf_electricity_price/H/medium/run_0 source_launch=selena_20260908T145416Z_18651 launch_id=selena_20260908T145416Z_18651 slurm_job_id=3227276 launched_at=2026-09-08T15:33:03.811086+00:00
  Reused completed task: /fslarge/scratch/users/h61084/codes/improved/outputs/foundation_models/tasks/seasonal_naive/univariate/epf_electricity_price/H/medium/run_0

--- Term: long ---
  Config: prediction_length=168, test_length=2520, val_length=2520
TIME run allocation action=skip run=/fslarge/scratch/users/h61084/codes/improved/outputs/foundation_models/tasks/seasonal_naive/univariate/epf_electricity_price/H/long/run_0 source_launch=selena_20260908T145416Z_18651 launch_id=selena_20260908T145416Z_18651 slurm_job_id=3227276 launched_at=2026-09-08T15:33:03.822979+00:00
  Reused completed task: /fslarge/scratch/users/h61084/codes/improved/outputs/foundation_models/tasks/seasonal_naive/univariate/epf_electricity_price/H/long/run_0

============================================================
All experiments completed!
Results saved to: /scratch/users/h61084/codes/improved/outputs/foundation_models/tasks
============================================================

############################################################
# All 1 dataset(s) completed!
############################################################

############################################################
# Dataset 1/1: OpenElectricity_NEM/5T
############################################################
Loading configuration...

============================================================
Model: Seasonal Naive
Dataset: OpenElectricity_NEM/5T
Terms: ['short', 'medium', 'long']
============================================================

--- Term: short ---
  Config: prediction_length=24, test_length=4032, val_length=4032
TIME run allocation action=skip run=/fslarge/scratch/users/h61084/codes/improved/outputs/foundation_models/tasks/seasonal_naive/univariate/OpenElectricity_NEM/5T/short/run_0 source_launch=selena_20260908T145416Z_18651 launch_id=selena_20260908T145416Z_18651 slurm_job_id=3227276 launched_at=2026-09-08T15:33:06.826267+00:00
  Reused completed task: /fslarge/scratch/users/h61084/codes/improved/outputs/foundation_models/tasks/seasonal_naive/univariate/OpenElectricity_NEM/5T/short/run_0

--- Term: medium ---
  Config: prediction_length=96, test_length=4032, val_length=4032
TIME run allocation action=skip run=/fslarge/scratch/users/h61084/codes/improved/outputs/foundation_models/tasks/seasonal_naive/univariate/OpenElectricity_NEM/5T/medium/run_0 source_launch=selena_20260908T145416Z_18651 launch_id=selena_20260908T145416Z_18651 slurm_job_id=3227276 launched_at=2026-09-08T15:33:06.929985+00:00
  Reused completed task: /fslarge/scratch/users/h61084/codes/improved/outputs/foundation_models/tasks/seasonal_naive/univariate/OpenElectricity_NEM/5T/medium/run_0

--- Term: long ---
  Config: prediction_length=288, test_length=4032, val_length=4032
TIME run allocation action=skip run=/fslarge/scratch/users/h61084/codes/improved/outputs/foundation_models/tasks/seasonal_naive/univariate/OpenElectricity_NEM/5T/long/run_0 source_launch=selena_20260908T145416Z_18651 launch_id=selena_20260908T145416Z_18651 slurm_job_id=3227276 launched_at=2026-09-08T15:33:07.032149+00:00
  Reused completed task: /fslarge/scratch/users/h61084/codes/improved/outputs/foundation_models/tasks/seasonal_naive/univariate/OpenElectricity_NEM/5T/long/run_0

============================================================
All experiments completed!
Results saved to: /scratch/users/h61084/codes/improved/outputs/foundation_models/tasks
============================================================

############################################################
# All 1 dataset(s) completed!
############################################################

############################################################
# Dataset 1/1: EWELD_Load/15T
############################################################
Loading configuration...

============================================================
Model: Seasonal Naive
Dataset: EWELD_Load/15T
Terms: ['short', 'medium', 'long']
============================================================

--- Term: short ---
  Config: prediction_length=24, test_length=1344, val_length=1344
TIME run allocation action=skip run=/fslarge/scratch/users/h61084/codes/improved/outputs/foundation_models/tasks/seasonal_naive/univariate/EWELD_Load/15T/short/run_0 source_launch=selena_20260908T145416Z_18651 launch_id=selena_20260908T145416Z_18651 slurm_job_id=3227276 launched_at=2026-09-08T15:33:09.961086+00:00
  Reused completed task: /fslarge/scratch/users/h61084/codes/improved/outputs/foundation_models/tasks/seasonal_naive/univariate/EWELD_Load/15T/short/run_0

--- Term: medium ---
  Config: prediction_length=96, test_length=1344, val_length=1344
TIME run allocation action=skip run=/fslarge/scratch/users/h61084/codes/improved/outputs/foundation_models/tasks/seasonal_naive/univariate/EWELD_Load/15T/medium/run_0 source_launch=selena_20260908T145416Z_18651 launch_id=selena_20260908T145416Z_18651 slurm_job_id=3227276 launched_at=2026-09-08T15:33:10.014020+00:00
  Reused completed task: /fslarge/scratch/users/h61084/codes/improved/outputs/foundation_models/tasks/seasonal_naive/univariate/EWELD_Load/15T/medium/run_0

--- Term: long ---
  Config: prediction_length=672, test_length=1344, val_length=1344
TIME run allocation action=skip run=/fslarge/scratch/users/h61084/codes/improved/outputs/foundation_models/tasks/seasonal_naive/univariate/EWELD_Load/15T/long/run_0 source_launch=selena_20260908T145416Z_18651 launch_id=selena_20260908T145416Z_18651 slurm_job_id=3227276 launched_at=2026-09-08T15:33:10.065150+00:00
  Reused completed task: /fslarge/scratch/users/h61084/codes/improved/outputs/foundation_models/tasks/seasonal_naive/univariate/EWELD_Load/15T/long/run_0

============================================================
All experiments completed!
Results saved to: /scratch/users/h61084/codes/improved/outputs/foundation_models/tasks
============================================================

############################################################
# All 1 dataset(s) completed!
############################################################

############################################################
# Dataset 1/1: SG_Carpark/15T
############################################################
Loading configuration...

============================================================
Model: Seasonal Naive
Dataset: SG_Carpark/15T
Terms: ['short', 'medium', 'long']
============================================================

--- Term: short ---
  Config: prediction_length=16, test_length=672, val_length=672
TIME run allocation action=skip run=/fslarge/scratch/users/h61084/codes/improved/outputs/foundation_models/tasks/seasonal_naive/univariate/SG_Carpark/15T/short/run_0 source_launch=selena_20260908T145416Z_18651 launch_id=selena_20260908T145416Z_18651 slurm_job_id=3227276 launched_at=2026-09-08T15:33:12.958686+00:00
  Reused completed task: /fslarge/scratch/users/h61084/codes/improved/outputs/foundation_models/tasks/seasonal_naive/univariate/SG_Carpark/15T/short/run_0

--- Term: medium ---
  Config: prediction_length=96, test_length=672, val_length=672
TIME run allocation action=skip run=/fslarge/scratch/users/h61084/codes/improved/outputs/foundation_models/tasks/seasonal_naive/univariate/SG_Carpark/15T/medium/run_0 source_launch=selena_20260908T145416Z_18651 launch_id=selena_20260908T145416Z_18651 slurm_job_id=3227276 launched_at=2026-09-08T15:33:12.966924+00:00
  Reused completed task: /fslarge/scratch/users/h61084/codes/improved/outputs/foundation_models/tasks/seasonal_naive/univariate/SG_Carpark/15T/medium/run_0

--- Term: long ---
  Config: prediction_length=672, test_length=672, val_length=672
TIME run allocation action=skip run=/fslarge/scratch/users/h61084/codes/improved/outputs/foundation_models/tasks/seasonal_naive/univariate/SG_Carpark/15T/long/run_0 source_launch=selena_20260908T145416Z_18651 launch_id=selena_20260908T145416Z_18651 slurm_job_id=3227276 launched_at=2026-09-08T15:33:12.974983+00:00
  Reused completed task: /fslarge/scratch/users/h61084/codes/improved/outputs/foundation_models/tasks/seasonal_naive/univariate/SG_Carpark/15T/long/run_0

============================================================
All experiments completed!
Results saved to: /scratch/users/h61084/codes/improved/outputs/foundation_models/tasks
============================================================

############################################################
# All 1 dataset(s) completed!
############################################################

############################################################
# Dataset 1/1: Finland_Traffic/15T
############################################################
Loading configuration...

============================================================
Model: Seasonal Naive
Dataset: Finland_Traffic/15T
Terms: ['short', 'medium', 'long']
============================================================

--- Term: short ---
  Config: prediction_length=16, test_length=2976, val_length=2880
TIME run allocation action=skip run=/fslarge/scratch/users/h61084/codes/improved/outputs/foundation_models/tasks/seasonal_naive/univariate/Finland_Traffic/15T/short/run_0 source_launch=selena_20260908T145416Z_18651 launch_id=selena_20260908T145416Z_18651 slurm_job_id=3227276 launched_at=2026-09-08T15:33:15.856801+00:00
  Reused completed task: /fslarge/scratch/users/h61084/codes/improved/outputs/foundation_models/tasks/seasonal_naive/univariate/Finland_Traffic/15T/short/run_0

--- Term: medium ---
  Config: prediction_length=96, test_length=2976, val_length=2880
TIME run allocation action=skip run=/fslarge/scratch/users/h61084/codes/improved/outputs/foundation_models/tasks/seasonal_naive/univariate/Finland_Traffic/15T/medium/run_0 source_launch=selena_20260908T145416Z_18651 launch_id=selena_20260908T145416Z_18651 slurm_job_id=3227276 launched_at=2026-09-08T15:33:15.867245+00:00
  Reused completed task: /fslarge/scratch/users/h61084/codes/improved/outputs/foundation_models/tasks/seasonal_naive/univariate/Finland_Traffic/15T/medium/run_0

--- Term: long ---
  Config: prediction_length=672, test_length=2976, val_length=2880
TIME run allocation action=skip run=/fslarge/scratch/users/h61084/codes/improved/outputs/foundation_models/tasks/seasonal_naive/univariate/Finland_Traffic/15T/long/run_0 source_launch=selena_20260908T145416Z_18651 launch_id=selena_20260908T145416Z_18651 slurm_job_id=3227276 launched_at=2026-09-08T15:33:15.877579+00:00
  Reused completed task: /fslarge/scratch/users/h61084/codes/improved/outputs/foundation_models/tasks/seasonal_naive/univariate/Finland_Traffic/15T/long/run_0

============================================================
All experiments completed!
Results saved to: /scratch/users/h61084/codes/improved/outputs/foundation_models/tasks
============================================================

############################################################
# All 1 dataset(s) completed!
############################################################

############################################################
# Dataset 1/1: Port_Activity/D
############################################################
Loading configuration...

============================================================
Model: Seasonal Naive
Dataset: Port_Activity/D
Terms: ['short']
============================================================

--- Term: short ---
  Config: prediction_length=30, test_length=365, val_length=90
TIME run allocation action=skip run=/fslarge/scratch/users/h61084/codes/improved/outputs/foundation_models/tasks/seasonal_naive/univariate/Port_Activity/D/short/run_0 source_launch=selena_20260908T145416Z_18651 launch_id=selena_20260908T145416Z_18651 slurm_job_id=3227276 launched_at=2026-09-08T15:33:18.772790+00:00
  Reused completed task: /fslarge/scratch/users/h61084/codes/improved/outputs/foundation_models/tasks/seasonal_naive/univariate/Port_Activity/D/short/run_0

============================================================
All experiments completed!
Results saved to: /scratch/users/h61084/codes/improved/outputs/foundation_models/tasks
============================================================

############################################################
# All 1 dataset(s) completed!
############################################################

############################################################
# Dataset 1/1: Port_Activity/W
############################################################
Loading configuration...

============================================================
Model: Seasonal Naive
Dataset: Port_Activity/W
Terms: ['short']
============================================================

--- Term: short ---
  Config: prediction_length=13, test_length=52, val_length=13
TIME run allocation action=skip run=/fslarge/scratch/users/h61084/codes/improved/outputs/foundation_models/tasks/seasonal_naive/univariate/Port_Activity/W/short/run_0 source_launch=selena_20260908T145416Z_18651 launch_id=selena_20260908T145416Z_18651 slurm_job_id=3227276 launched_at=2026-09-08T15:33:21.672444+00:00
  Reused completed task: /fslarge/scratch/users/h61084/codes/improved/outputs/foundation_models/tasks/seasonal_naive/univariate/Port_Activity/W/short/run_0

============================================================
All experiments completed!
Results saved to: /scratch/users/h61084/codes/improved/outputs/foundation_models/tasks
============================================================

############################################################
# All 1 dataset(s) completed!
############################################################

############################################################
# Dataset 1/1: ECDC_COVID/D
############################################################
Loading configuration...

============================================================
Model: Seasonal Naive
Dataset: ECDC_COVID/D
Terms: ['short']
============================================================

--- Term: short ---
  Config: prediction_length=30, test_length=150, val_length=30
TIME run allocation action=skip run=/fslarge/scratch/users/h61084/codes/improved/outputs/foundation_models/tasks/seasonal_naive/univariate/ECDC_COVID/D/short/run_0 source_launch=selena_20260908T145416Z_18651 launch_id=selena_20260908T145416Z_18651 slurm_job_id=3227276 launched_at=2026-09-08T15:33:24.566141+00:00
  Reused completed task: /fslarge/scratch/users/h61084/codes/improved/outputs/foundation_models/tasks/seasonal_naive/univariate/ECDC_COVID/D/short/run_0

============================================================
All experiments completed!
Results saved to: /scratch/users/h61084/codes/improved/outputs/foundation_models/tasks
============================================================

############################################################
# All 1 dataset(s) completed!
############################################################

############################################################
# Dataset 1/1: ECDC_COVID/W
############################################################
Loading configuration...

============================================================
Model: Seasonal Naive
Dataset: ECDC_COVID/W
Terms: ['short']
============================================================

--- Term: short ---
  Config: prediction_length=13, test_length=52, val_length=13
TIME run allocation action=skip run=/fslarge/scratch/users/h61084/codes/improved/outputs/foundation_models/tasks/seasonal_naive/univariate/ECDC_COVID/W/short/run_0 source_launch=selena_20260908T145416Z_18651 launch_id=selena_20260908T145416Z_18651 slurm_job_id=3227276 launched_at=2026-09-08T15:33:27.447684+00:00
  Reused completed task: /fslarge/scratch/users/h61084/codes/improved/outputs/foundation_models/tasks/seasonal_naive/univariate/ECDC_COVID/W/short/run_0

============================================================
All experiments completed!
Results saved to: /scratch/users/h61084/codes/improved/outputs/foundation_models/tasks
============================================================

############################################################
# All 1 dataset(s) completed!
############################################################

############################################################
# Dataset 1/1: Global_Influenza/W
############################################################
Loading configuration...

============================================================
Model: Seasonal Naive
Dataset: Global_Influenza/W
Terms: ['short']
============================================================

--- Term: short ---
  Config: prediction_length=13, test_length=52, val_length=13
TIME run allocation action=skip run=/fslarge/scratch/users/h61084/codes/improved/outputs/foundation_models/tasks/seasonal_naive/univariate/Global_Influenza/W/short/run_0 source_launch=selena_20260908T145416Z_18651 launch_id=selena_20260908T145416Z_18651 slurm_job_id=3227276 launched_at=2026-09-08T15:33:30.333839+00:00
  Reused completed task: /fslarge/scratch/users/h61084/codes/improved/outputs/foundation_models/tasks/seasonal_naive/univariate/Global_Influenza/W/short/run_0

============================================================
All experiments completed!
Results saved to: /scratch/users/h61084/codes/improved/outputs/foundation_models/tasks
============================================================

############################################################
# All 1 dataset(s) completed!
############################################################

############################################################
# Dataset 1/1: Crypto/D
############################################################
Loading configuration...

============================================================
Model: Seasonal Naive
Dataset: Crypto/D
Terms: ['short']
============================================================

--- Term: short ---
  Config: prediction_length=30, test_length=273, val_length=92
TIME run allocation action=skip run=/fslarge/scratch/users/h61084/codes/improved/outputs/foundation_models/tasks/seasonal_naive/univariate/Crypto/D/short/run_0 source_launch=selena_20260908T145416Z_18651 launch_id=selena_20260908T145416Z_18651 slurm_job_id=3227276 launched_at=2026-09-08T15:33:33.206382+00:00
  Reused completed task: /fslarge/scratch/users/h61084/codes/improved/outputs/foundation_models/tasks/seasonal_naive/univariate/Crypto/D/short/run_0

============================================================
All experiments completed!
Results saved to: /scratch/users/h61084/codes/improved/outputs/foundation_models/tasks
============================================================

############################################################
# All 1 dataset(s) completed!
############################################################

############################################################
# Dataset 1/1: US_Term_Structure/B
############################################################
Loading configuration...

============================================================
Model: Seasonal Naive
Dataset: US_Term_Structure/B
Terms: ['short']
============================================================

--- Term: short ---
  Config: prediction_length=20, test_length=717, val_length=100
TIME run allocation action=resume run=/fslarge/scratch/users/h61084/codes/improved/outputs/foundation_models/tasks/seasonal_naive/univariate/US_Term_Structure/B/short/run_0 launch_id=selena_20260908T145416Z_18651 slurm_job_id=3227276 launched_at=2026-09-08T15:33:36.168025+00:00 resumed_from_launch=selena_20260908T145416Z_18651 resumed_from_job=3227276
  Dataset info:
    - Frequency: B
    - Num series: 1
    - Target dim: 40
    - Target mode: univariate
    - Series length: min=9326, max=9326, avg=9326.0
    - Test split: 717 steps
    - Prediction length: 20
    - Windows: 35
    - Season length: 5
    Total instances: 1400, Series during experiment: 40, Windows: 35
    Collecting ground truth and context...
    Detected to_univariate case: 40 flat series -> 1 series x 40 variates
    Organizing data into arrays...
    Saved predictions (quantiles) to /fslarge/scratch/users/h61084/codes/improved/outputs/foundation_models/tasks/seasonal_naive/univariate/US_Term_Structure/B/short/run_0/predictions.npz
    Computing per-window metrics...
    Saved metrics to /fslarge/scratch/users/h61084/codes/improved/outputs/foundation_models/tasks/seasonal_naive/univariate/US_Term_Structure/B/short/run_0/metrics.npz
    Saved config to /fslarge/scratch/users/h61084/codes/improved/outputs/foundation_models/tasks/seasonal_naive/univariate/US_Term_Structure/B/short/run_0/config.json
    Saved aggregate metrics to /fslarge/scratch/users/h61084/codes/improved/outputs/foundation_models/tasks/seasonal_naive/univariate/US_Term_Structure/B/short/run_0/metrics_summary.json
    Metrics summary (averaged over all series/windows/variates):
      MSE: 0.0276
      MAE: 0.1192
      RMSE: 0.1388
      MAPE: 1.0737
      sMAPE: 0.3051
      MASE: 1.7650
      ND: 0.3129
      CRPS: 0.2463
  Completed: 1 series x 35 windows
  Output: /fslarge/scratch/users/h61084/codes/improved/outputs/foundation_models/tasks/seasonal_naive/univariate/US_Term_Structure/B/short/run_0

============================================================
All experiments completed!
Results saved to: /scratch/users/h61084/codes/improved/outputs/foundation_models/tasks
============================================================

############################################################
# All 1 dataset(s) completed!
############################################################

############################################################
# Dataset 1/1: Oil_Price/B
############################################################
Loading configuration...

============================================================
Model: Seasonal Naive
Dataset: Oil_Price/B
Terms: ['short']
============================================================

--- Term: short ---
  Config: prediction_length=20, test_length=717, val_length=100
TIME run allocation action=new run=/fslarge/scratch/users/h61084/codes/improved/outputs/foundation_models/tasks/seasonal_naive/univariate/Oil_Price/B/short/run_0 launch_id=selena_20260908T145416Z_18651 slurm_job_id=3227276 launched_at=2026-09-08T15:35:01.044109+00:00
  Dataset info:
    - Frequency: B
    - Num series: 1
    - Target dim: 12
    - Target mode: univariate
    - Series length: min=5035, max=5035, avg=5035.0
    - Test split: 717 steps
    - Prediction length: 20
    - Windows: 35
    - Season length: 5
    Total instances: 420, Series during experiment: 12, Windows: 35
    Collecting ground truth and context...
    Detected to_univariate case: 12 flat series -> 1 series x 12 variates
    Organizing data into arrays...
    Saved predictions (quantiles) to /fslarge/scratch/users/h61084/codes/improved/outputs/foundation_models/tasks/seasonal_naive/univariate/Oil_Price/B/short/run_0/predictions.npz
    Computing per-window metrics...
    Saved metrics to /fslarge/scratch/users/h61084/codes/improved/outputs/foundation_models/tasks/seasonal_naive/univariate/Oil_Price/B/short/run_0/metrics.npz
    Saved config to /fslarge/scratch/users/h61084/codes/improved/outputs/foundation_models/tasks/seasonal_naive/univariate/Oil_Price/B/short/run_0/config.json
    Saved aggregate metrics to /fslarge/scratch/users/h61084/codes/improved/outputs/foundation_models/tasks/seasonal_naive/univariate/Oil_Price/B/short/run_0/metrics_summary.json
    Metrics summary (averaged over all series/windows/variates):
      MSE: 3.2693
      MAE: 0.7114
      RMSE: 0.8310
      MAPE: 0.0651
      sMAPE: 0.0637
      MASE: 1.5497
      ND: 0.0649
      CRPS: 0.0534
  Completed: 1 series x 35 windows
  Output: /fslarge/scratch/users/h61084/codes/improved/outputs/foundation_models/tasks/seasonal_naive/univariate/Oil_Price/B/short/run_0

============================================================
All experiments completed!
Results saved to: /scratch/users/h61084/codes/improved/outputs/foundation_models/tasks
============================================================

############################################################
# All 1 dataset(s) completed!
############################################################

############################################################
# Dataset 1/1: Job_Claims/W
############################################################
Loading configuration...

============================================================
Model: Seasonal Naive
Dataset: Job_Claims/W
Terms: ['short']
============================================================

--- Term: short ---
  Config: prediction_length=13, test_length=52, val_length=13
TIME run allocation action=new run=/fslarge/scratch/users/h61084/codes/improved/outputs/foundation_models/tasks/seasonal_naive/univariate/Job_Claims/W/short/run_0 launch_id=selena_20260908T145416Z_18651 slurm_job_id=3227276 launched_at=2026-09-08T15:35:19.009870+00:00
  Dataset info:
    - Frequency: W
    - Num series: 1
    - Target dim: 2
    - Target mode: univariate
    - Series length: min=196, max=196, avg=196.0
    - Test split: 52 steps
    - Prediction length: 13
    - Windows: 4
    - Season length: 1
    Total instances: 8, Series during experiment: 2, Windows: 4
    Collecting ground truth and context...
    Detected to_univariate case: 2 flat series -> 1 series x 2 variates
    Organizing data into arrays...
    ⚠️  Predictions max value (2000333.75) exceeds float16 safe range.
    ⚠️  Applying scale factor: 100 (values will be divided)
    Saved predictions (quantiles) to /fslarge/scratch/users/h61084/codes/improved/outputs/foundation_models/tasks/seasonal_naive/univariate/Job_Claims/W/short/run_0/predictions.npz
    Computing per-window metrics...
    Saved metrics to /fslarge/scratch/users/h61084/codes/improved/outputs/foundation_models/tasks/seasonal_naive/univariate/Job_Claims/W/short/run_0/metrics.npz
    Saved config to /fslarge/scratch/users/h61084/codes/improved/outputs/foundation_models/tasks/seasonal_naive/univariate/Job_Claims/W/short/run_0/config.json
    Saved aggregate metrics to /fslarge/scratch/users/h61084/codes/improved/outputs/foundation_models/tasks/seasonal_naive/univariate/Job_Claims/W/short/run_0/metrics_summary.json
    Metrics summary (averaged over all series/windows/variates):
      MSE: 507934495.1923
      MAE: 14396.6346
      RMSE: 17530.3462
      MAPE: 0.0231
      sMAPE: 0.0231
      MASE: 2.7214
      ND: 0.0231
      CRPS: 0.0188
  Completed: 1 series x 4 windows
  Output: /fslarge/scratch/users/h61084/codes/improved/outputs/foundation_models/tasks/seasonal_naive/univariate/Job_Claims/W/short/run_0

============================================================
All experiments completed!
Results saved to: /scratch/users/h61084/codes/improved/outputs/foundation_models/tasks
============================================================

############################################################
# All 1 dataset(s) completed!
############################################################

############################################################
# Dataset 1/1: Uncertainty_1M/M
############################################################
Loading configuration...

============================================================
Model: Seasonal Naive
Dataset: Uncertainty_1M/M
Terms: ['short']
============================================================

--- Term: short ---
  Config: prediction_length=6, test_length=42, val_length=18
TIME run allocation action=new run=/fslarge/scratch/users/h61084/codes/improved/outputs/foundation_models/tasks/seasonal_naive/univariate/Uncertainty_1M/M/short/run_0 launch_id=selena_20260908T145416Z_18651 slurm_job_id=3227276 launched_at=2026-09-08T15:35:24.338335+00:00
  Dataset info:
    - Frequency: M
    - Num series: 1
    - Target dim: 3
    - Target mode: univariate
    - Series length: min=780, max=780, avg=780.0
    - Test split: 42 steps
    - Prediction length: 6
    - Windows: 7
    - Season length: 12
    Total instances: 21, Series during experiment: 3, Windows: 7
    Collecting ground truth and context...
    Detected to_univariate case: 3 flat series -> 1 series x 3 variates
    Organizing data into arrays...
    Saved predictions (quantiles) to /fslarge/scratch/users/h61084/codes/improved/outputs/foundation_models/tasks/seasonal_naive/univariate/Uncertainty_1M/M/short/run_0/predictions.npz
    Computing per-window metrics...
    Saved metrics to /fslarge/scratch/users/h61084/codes/improved/outputs/foundation_models/tasks/seasonal_naive/univariate/Uncertainty_1M/M/short/run_0/metrics.npz
    Saved config to /fslarge/scratch/users/h61084/codes/improved/outputs/foundation_models/tasks/seasonal_naive/univariate/Uncertainty_1M/M/short/run_0/config.json
    Saved aggregate metrics to /fslarge/scratch/users/h61084/codes/improved/outputs/foundation_models/tasks/seasonal_naive/univariate/Uncertainty_1M/M/short/run_0/metrics_summary.json
    Metrics summary (averaged over all series/windows/variates):
      MSE: 0.0086
      MAE: 0.0751
      RMSE: 0.0805
      MAPE: 0.0948
      sMAPE: 0.0904
      MASE: 0.9687
      ND: 0.0946
      CRPS: 0.0744
  Completed: 1 series x 7 windows
  Output: /fslarge/scratch/users/h61084/codes/improved/outputs/foundation_models/tasks/seasonal_naive/univariate/Uncertainty_1M/M/short/run_0

============================================================
All experiments completed!
Results saved to: /scratch/users/h61084/codes/improved/outputs/foundation_models/tasks
============================================================

############################################################
# All 1 dataset(s) completed!
############################################################

############################################################
# Dataset 1/1: Housing_Inventory/M
############################################################
Loading configuration...

============================================================
Model: Seasonal Naive
Dataset: Housing_Inventory/M
Terms: ['short']
============================================================

--- Term: short ---
  Config: prediction_length=12, test_length=36, val_length=12
TIME run allocation action=new run=/fslarge/scratch/users/h61084/codes/improved/outputs/foundation_models/tasks/seasonal_naive/univariate/Housing_Inventory/M/short/run_0 launch_id=selena_20260908T145416Z_18651 slurm_job_id=3227276 launched_at=2026-09-08T15:35:29.750213+00:00
  Dataset info:
    - Frequency: M
    - Num series: 1
    - Target dim: 4
    - Target mode: univariate
    - Series length: min=114, max=114, avg=114.0
    - Test split: 36 steps
    - Prediction length: 12
    - Windows: 3
    - Season length: 12
    Total instances: 12, Series during experiment: 4, Windows: 3
    Collecting ground truth and context...
    Detected to_univariate case: 4 flat series -> 1 series x 4 variates
    Organizing data into arrays...
    ⚠️  Predictions max value (1230268.38) exceeds float16 safe range.
    ⚠️  Applying scale factor: 100 (values will be divided)
    Saved predictions (quantiles) to /fslarge/scratch/users/h61084/codes/improved/outputs/foundation_models/tasks/seasonal_naive/univariate/Housing_Inventory/M/short/run_0/predictions.npz
    Computing per-window metrics...
    Saved metrics to /fslarge/scratch/users/h61084/codes/improved/outputs/foundation_models/tasks/seasonal_naive/univariate/Housing_Inventory/M/short/run_0/metrics.npz
    Saved config to /fslarge/scratch/users/h61084/codes/improved/outputs/foundation_models/tasks/seasonal_naive/univariate/Housing_Inventory/M/short/run_0/config.json
    Saved aggregate metrics to /fslarge/scratch/users/h61084/codes/improved/outputs/foundation_models/tasks/seasonal_naive/univariate/Housing_Inventory/M/short/run_0/metrics_summary.json
    Metrics summary (averaged over all series/windows/variates):
      MSE: 7412825699.4722
      MAE: 39817.3333
      RMSE: 44342.1601
      MAPE: 0.0849
      sMAPE: 0.0948
      MASE: 0.6840
      ND: 0.0840
      CRPS: 0.0662
  Completed: 1 series x 3 windows
  Output: /fslarge/scratch/users/h61084/codes/improved/outputs/foundation_models/tasks/seasonal_naive/univariate/Housing_Inventory/M/short/run_0

============================================================
All experiments completed!
Results saved to: /scratch/users/h61084/codes/improved/outputs/foundation_models/tasks
============================================================

############################################################
# All 1 dataset(s) completed!
############################################################

############################################################
# Dataset 1/1: JOLTS/M
############################################################
Loading configuration...

============================================================
Model: Seasonal Naive
Dataset: JOLTS/M
Terms: ['short']
============================================================

--- Term: short ---
  Config: prediction_length=12, test_length=60, val_length=12
TIME run allocation action=new run=/fslarge/scratch/users/h61084/codes/improved/outputs/foundation_models/tasks/seasonal_naive/univariate/JOLTS/M/short/run_0 launch_id=selena_20260908T145416Z_18651 slurm_job_id=3227276 launched_at=2026-09-08T15:35:35.052200+00:00
  Dataset info:
    - Frequency: M
    - Num series: 1
    - Target dim: 6
    - Target mode: univariate
    - Series length: min=297, max=297, avg=297.0
    - Test split: 60 steps
    - Prediction length: 12
    - Windows: 5
    - Season length: 12
    Total instances: 30, Series during experiment: 6, Windows: 5
    Collecting ground truth and context...
    Detected to_univariate case: 6 flat series -> 1 series x 6 variates
    Organizing data into arrays...
    Saved predictions (quantiles) to /fslarge/scratch/users/h61084/codes/improved/outputs/foundation_models/tasks/seasonal_naive/univariate/JOLTS/M/short/run_0/predictions.npz
    Computing per-window metrics...
    Saved metrics to /fslarge/scratch/users/h61084/codes/improved/outputs/foundation_models/tasks/seasonal_naive/univariate/JOLTS/M/short/run_0/metrics.npz
    Saved config to /fslarge/scratch/users/h61084/codes/improved/outputs/foundation_models/tasks/seasonal_naive/univariate/JOLTS/M/short/run_0/config.json
    Saved aggregate metrics to /fslarge/scratch/users/h61084/codes/improved/outputs/foundation_models/tasks/seasonal_naive/univariate/JOLTS/M/short/run_0/metrics_summary.json
    Metrics summary (averaged over all series/windows/variates):
      MSE: 1180516.5472
      MAE: 591.6528
      RMSE: 718.6913
      MAPE: 0.1271
      sMAPE: 0.1271
      MASE: 1.6856
      ND: 0.1269
      CRPS: 0.1014
  Completed: 1 series x 5 windows
  Output: /fslarge/scratch/users/h61084/codes/improved/outputs/foundation_models/tasks/seasonal_naive/univariate/JOLTS/M/short/run_0

============================================================
All experiments completed!
Results saved to: /scratch/users/h61084/codes/improved/outputs/foundation_models/tasks
============================================================

############################################################
# All 1 dataset(s) completed!
############################################################

############################################################
# Dataset 1/1: US_Labor/M
############################################################
Loading configuration...

============================================================
Model: Seasonal Naive
Dataset: US_Labor/M
Terms: ['short']
============================================================

--- Term: short ---
  Config: prediction_length=12, test_length=60, val_length=12
TIME run allocation action=new run=/fslarge/scratch/users/h61084/codes/improved/outputs/foundation_models/tasks/seasonal_naive/univariate/US_Labor/M/short/run_0 launch_id=selena_20260908T145416Z_18651 slurm_job_id=3227276 launched_at=2026-09-08T15:35:40.498818+00:00
  Dataset info:
    - Frequency: M
    - Num series: 1
    - Target dim: 14
    - Target mode: univariate
    - Series length: min=380, max=380, avg=380.0
    - Test split: 60 steps
    - Prediction length: 12
    - Windows: 5
    - Season length: 12
    Total instances: 70, Series during experiment: 14, Windows: 5
    Collecting ground truth and context...
    Detected to_univariate case: 14 flat series -> 1 series x 14 variates
    Organizing data into arrays...
    ⚠️  Predictions max value (172092.44) exceeds float16 safe range.
    ⚠️  Applying scale factor: 10 (values will be divided)
    Saved predictions (quantiles) to /fslarge/scratch/users/h61084/codes/improved/outputs/foundation_models/tasks/seasonal_naive/univariate/US_Labor/M/short/run_0/predictions.npz
    Computing per-window metrics...
    Saved metrics to /fslarge/scratch/users/h61084/codes/improved/outputs/foundation_models/tasks/seasonal_naive/univariate/US_Labor/M/short/run_0/metrics.npz
    Saved config to /fslarge/scratch/users/h61084/codes/improved/outputs/foundation_models/tasks/seasonal_naive/univariate/US_Labor/M/short/run_0/config.json
    Saved aggregate metrics to /fslarge/scratch/users/h61084/codes/improved/outputs/foundation_models/tasks/seasonal_naive/univariate/US_Labor/M/short/run_0/metrics_summary.json
    Metrics summary (averaged over all series/windows/variates):
      MSE: 4248042.8339
      MAE: 872.2662
      RMSE: 956.0641
      MAPE: 0.1290
      sMAPE: 0.1167
      MASE: 1.7726
      ND: 0.1260
      CRPS: 0.1095
  Completed: 1 series x 5 windows
  Output: /fslarge/scratch/users/h61084/codes/improved/outputs/foundation_models/tasks/seasonal_naive/univariate/US_Labor/M/short/run_0

============================================================
All experiments completed!
Results saved to: /scratch/users/h61084/codes/improved/outputs/foundation_models/tasks
============================================================

############################################################
# All 1 dataset(s) completed!
############################################################

############################################################
# Dataset 1/1: Vehicle_Supply/M
############################################################
Loading configuration...

============================================================
Model: Seasonal Naive
Dataset: Vehicle_Supply/M
Terms: ['short']
============================================================

--- Term: short ---
  Config: prediction_length=12, test_length=60, val_length=12
TIME run allocation action=new run=/fslarge/scratch/users/h61084/codes/improved/outputs/foundation_models/tasks/seasonal_naive/univariate/Vehicle_Supply/M/short/run_0 launch_id=selena_20260908T145416Z_18651 slurm_job_id=3227276 launched_at=2026-09-08T15:35:46.129077+00:00
  Dataset info:
    - Frequency: M
    - Num series: 1
    - Target dim: 6
    - Target mode: univariate
    - Series length: min=391, max=391, avg=391.0
    - Test split: 60 steps
    - Prediction length: 12
    - Windows: 5
    - Season length: 12
    Total instances: 30, Series during experiment: 6, Windows: 5
    Collecting ground truth and context...
    Detected to_univariate case: 6 flat series -> 1 series x 6 variates
    Organizing data into arrays...
    Saved predictions (quantiles) to /fslarge/scratch/users/h61084/codes/improved/outputs/foundation_models/tasks/seasonal_naive/univariate/Vehicle_Supply/M/short/run_0/predictions.npz
    Computing per-window metrics...
    Saved metrics to /fslarge/scratch/users/h61084/codes/improved/outputs/foundation_models/tasks/seasonal_naive/univariate/Vehicle_Supply/M/short/run_0/metrics.npz
    Saved config to /fslarge/scratch/users/h61084/codes/improved/outputs/foundation_models/tasks/seasonal_naive/univariate/Vehicle_Supply/M/short/run_0/config.json
    Saved aggregate metrics to /fslarge/scratch/users/h61084/codes/improved/outputs/foundation_models/tasks/seasonal_naive/univariate/Vehicle_Supply/M/short/run_0/metrics_summary.json
    Metrics summary (averaged over all series/windows/variates):
      MSE: 5581.0794
      MAE: 33.0499
      RMSE: 37.8094
      MAPE: 0.4446
      sMAPE: 0.3195
      MASE: 1.1124
      ND: 0.4187
      CRPS: 0.3489
  Completed: 1 series x 5 windows
  Output: /fslarge/scratch/users/h61084/codes/improved/outputs/foundation_models/tasks/seasonal_naive/univariate/Vehicle_Supply/M/short/run_0

============================================================
All experiments completed!
Results saved to: /scratch/users/h61084/codes/improved/outputs/foundation_models/tasks
============================================================

############################################################
# All 1 dataset(s) completed!
############################################################

############################################################
# Dataset 1/1: Auto_Production_SF/M
############################################################
Loading configuration...

============================================================
Model: Seasonal Naive
Dataset: Auto_Production_SF/M
Terms: ['short']
============================================================

--- Term: short ---
  Config: prediction_length=12, test_length=60, val_length=12
TIME run allocation action=new run=/fslarge/scratch/users/h61084/codes/improved/outputs/foundation_models/tasks/seasonal_naive/univariate/Auto_Production_SF/M/short/run_0 launch_id=selena_20260908T145416Z_18651 slurm_job_id=3227276 launched_at=2026-09-08T15:35:51.586992+00:00
  Dataset info:
    - Frequency: M
    - Num series: 1
    - Target dim: 1
    - Target mode: univariate
    - Series length: min=367, max=367, avg=367.0
    - Test split: 60 steps
    - Prediction length: 12
    - Windows: 5
    - Season length: 12
    Total instances: 5, Series during experiment: 1, Windows: 5
    Collecting ground truth and context...
    Organizing data into arrays...
    Saved predictions (quantiles) to /fslarge/scratch/users/h61084/codes/improved/outputs/foundation_models/tasks/seasonal_naive/univariate/Auto_Production_SF/M/short/run_0/predictions.npz
    Computing per-window metrics...
    Saved metrics to /fslarge/scratch/users/h61084/codes/improved/outputs/foundation_models/tasks/seasonal_naive/univariate/Auto_Production_SF/M/short/run_0/metrics.npz
    Saved config to /fslarge/scratch/users/h61084/codes/improved/outputs/foundation_models/tasks/seasonal_naive/univariate/Auto_Production_SF/M/short/run_0/config.json
    Saved aggregate metrics to /fslarge/scratch/users/h61084/codes/improved/outputs/foundation_models/tasks/seasonal_naive/univariate/Auto_Production_SF/M/short/run_0/metrics_summary.json
    Metrics summary (averaged over all series/windows/variates):
      MSE: 27.1470
      MAE: 3.8103
      RMSE: 4.8448
      MAPE: 0.0393
      sMAPE: 0.0392
      MASE: 0.9635
      ND: 0.0382
      CRPS: 0.0315
  Completed: 1 series x 5 windows
  Output: /fslarge/scratch/users/h61084/codes/improved/outputs/foundation_models/tasks/seasonal_naive/univariate/Auto_Production_SF/M/short/run_0

============================================================
All experiments completed!
Results saved to: /scratch/users/h61084/codes/improved/outputs/foundation_models/tasks
============================================================

############################################################
# All 1 dataset(s) completed!
############################################################

############################################################
# Dataset 1/1: Commodity_Production/M
############################################################
Loading configuration...

============================================================
Model: Seasonal Naive
Dataset: Commodity_Production/M
Terms: ['short']
============================================================

--- Term: short ---
  Config: prediction_length=12, test_length=60, val_length=12
TIME run allocation action=new run=/fslarge/scratch/users/h61084/codes/improved/outputs/foundation_models/tasks/seasonal_naive/univariate/Commodity_Production/M/short/run_0 launch_id=selena_20260908T145416Z_18651 slurm_job_id=3227276 launched_at=2026-09-08T15:35:56.906189+00:00
  Dataset info:
    - Frequency: M
    - Num series: 32
    - Target dim: 1
    - Target mode: univariate
    - Series length: min=120, max=648, avg=325.1
    - Test split: 60 steps
    - Prediction length: 12
    - Windows: 5
    - Season length: 12
    Total instances: 160, Series during experiment: 32, Windows: 5
    Collecting ground truth and context...
    Organizing data into arrays...
    Saved predictions (quantiles) to /fslarge/scratch/users/h61084/codes/improved/outputs/foundation_models/tasks/seasonal_naive/univariate/Commodity_Production/M/short/run_0/predictions.npz
    Computing per-window metrics...
    Saved metrics to /fslarge/scratch/users/h61084/codes/improved/outputs/foundation_models/tasks/seasonal_naive/univariate/Commodity_Production/M/short/run_0/metrics.npz
    Saved config to /fslarge/scratch/users/h61084/codes/improved/outputs/foundation_models/tasks/seasonal_naive/univariate/Commodity_Production/M/short/run_0/config.json
    Saved aggregate metrics to /fslarge/scratch/users/h61084/codes/improved/outputs/foundation_models/tasks/seasonal_naive/univariate/Commodity_Production/M/short/run_0/metrics_summary.json
    Metrics summary (averaged over all series/windows/variates):
      MSE: 71632.8841
      MAE: 79.6431
      RMSE: 92.2455
      MAPE: 0.2694
      sMAPE: 0.2133
      MASE: 1.2201
      ND: 0.2125
      CRPS: 0.1746
  Completed: 32 series x 5 windows
  Output: /fslarge/scratch/users/h61084/codes/improved/outputs/foundation_models/tasks/seasonal_naive/univariate/Commodity_Production/M/short/run_0

============================================================
All experiments completed!
Results saved to: /scratch/users/h61084/codes/improved/outputs/foundation_models/tasks
============================================================

############################################################
# All 1 dataset(s) completed!
############################################################

############################################################
# Dataset 1/1: Commodity_Import/M
############################################################
Loading configuration...

============================================================
Model: Seasonal Naive
Dataset: Commodity_Import/M
Terms: ['short']
============================================================

--- Term: short ---
  Config: prediction_length=12, test_length=60, val_length=12
TIME run allocation action=new run=/fslarge/scratch/users/h61084/codes/improved/outputs/foundation_models/tasks/seasonal_naive/univariate/Commodity_Import/M/short/run_0 launch_id=selena_20260908T145416Z_18651 slurm_job_id=3227276 launched_at=2026-09-08T15:36:02.892629+00:00
  Dataset info:
    - Frequency: M
    - Num series: 8
    - Target dim: 1
    - Target mode: univariate
    - Series length: min=254, max=1240, avg=697.2
    - Test split: 60 steps
    - Prediction length: 12
    - Windows: 5
    - Season length: 12
    Total instances: 40, Series during experiment: 8, Windows: 5
    Collecting ground truth and context...
    Organizing data into arrays...
    Saved predictions (quantiles) to /fslarge/scratch/users/h61084/codes/improved/outputs/foundation_models/tasks/seasonal_naive/univariate/Commodity_Import/M/short/run_0/predictions.npz
    Computing per-window metrics...
    Saved metrics to /fslarge/scratch/users/h61084/codes/improved/outputs/foundation_models/tasks/seasonal_naive/univariate/Commodity_Import/M/short/run_0/metrics.npz
    Saved config to /fslarge/scratch/users/h61084/codes/improved/outputs/foundation_models/tasks/seasonal_naive/univariate/Commodity_Import/M/short/run_0/config.json
    Saved aggregate metrics to /fslarge/scratch/users/h61084/codes/improved/outputs/foundation_models/tasks/seasonal_naive/univariate/Commodity_Import/M/short/run_0/metrics_summary.json
    Metrics summary (averaged over all series/windows/variates):
      MSE: 2012552.0634
      MAE: 607.4800
      RMSE: 731.2889
      MAPE: 0.3374
      sMAPE: 0.2586
      MASE: 1.8336
      ND: 0.3003
      CRPS: 0.3226
  Completed: 8 series x 5 windows
  Output: /fslarge/scratch/users/h61084/codes/improved/outputs/foundation_models/tasks/seasonal_naive/univariate/Commodity_Import/M/short/run_0

============================================================
All experiments completed!
Results saved to: /scratch/users/h61084/codes/improved/outputs/foundation_models/tasks
============================================================

############################################################
# All 1 dataset(s) completed!
############################################################

############################################################
# Dataset 1/1: WUI_Global/Q
############################################################
Loading configuration...

============================================================
Model: Seasonal Naive
Dataset: WUI_Global/Q
Terms: ['short']
============================================================

--- Term: short ---
  Config: prediction_length=4, test_length=20, val_length=20
TIME run allocation action=new run=/fslarge/scratch/users/h61084/codes/improved/outputs/foundation_models/tasks/seasonal_naive/univariate/WUI_Global/Q/short/run_0 launch_id=selena_20260908T145416Z_18651 slurm_job_id=3227276 launched_at=2026-09-08T15:36:08.461165+00:00
  Dataset info:
    - Frequency: Q
    - Num series: 1
    - Target dim: 15
    - Target mode: univariate
    - Series length: min=294, max=294, avg=294.0
    - Test split: 20 steps
    - Prediction length: 4
    - Windows: 5
    - Season length: 4
    Total instances: 75, Series during experiment: 15, Windows: 5
    Collecting ground truth and context...
    Detected to_univariate case: 15 flat series -> 1 series x 15 variates
    Organizing data into arrays...
    Saved predictions (quantiles) to /fslarge/scratch/users/h61084/codes/improved/outputs/foundation_models/tasks/seasonal_naive/univariate/WUI_Global/Q/short/run_0/predictions.npz
    Computing per-window metrics...
    Saved metrics to /fslarge/scratch/users/h61084/codes/improved/outputs/foundation_models/tasks/seasonal_naive/univariate/WUI_Global/Q/short/run_0/metrics.npz
    Saved config to /fslarge/scratch/users/h61084/codes/improved/outputs/foundation_models/tasks/seasonal_naive/univariate/WUI_Global/Q/short/run_0/config.json
    Saved aggregate metrics to /fslarge/scratch/users/h61084/codes/improved/outputs/foundation_models/tasks/seasonal_naive/univariate/WUI_Global/Q/short/run_0/metrics_summary.json
    Metrics summary (averaged over all series/windows/variates):
      MSE: 0.0748
      MAE: 0.1941
      RMSE: 0.2317
      MAPE: 0.8995
      sMAPE: 0.8234
      MASE: 1.2753
      ND: 0.9871
      CRPS: 0.7830
  Completed: 1 series x 5 windows
  Output: /fslarge/scratch/users/h61084/codes/improved/outputs/foundation_models/tasks/seasonal_naive/univariate/WUI_Global/Q/short/run_0

============================================================
All experiments completed!
Results saved to: /scratch/users/h61084/codes/improved/outputs/foundation_models/tasks
============================================================

############################################################
# All 1 dataset(s) completed!
############################################################

############################################################
# Dataset 1/1: Global_Price/Q
############################################################
Loading configuration...

============================================================
Model: Seasonal Naive
Dataset: Global_Price/Q
Terms: ['short']
============================================================

--- Term: short ---
  Config: prediction_length=4, test_length=20, val_length=8
TIME run allocation action=new run=/fslarge/scratch/users/h61084/codes/improved/outputs/foundation_models/tasks/seasonal_naive/univariate/Global_Price/Q/short/run_0 launch_id=selena_20260908T145416Z_18651 slurm_job_id=3227276 launched_at=2026-09-08T15:36:14.095422+00:00
  Dataset info:
    - Frequency: Q
    - Num series: 1
    - Target dim: 60
    - Target mode: univariate
    - Series length: min=142, max=142, avg=142.0
    - Test split: 20 steps
    - Prediction length: 4
    - Windows: 5
    - Season length: 4
    Total instances: 300, Series during experiment: 60, Windows: 5
    Collecting ground truth and context...
    Detected to_univariate case: 60 flat series -> 1 series x 60 variates
    Organizing data into arrays...
    Saved predictions (quantiles) to /fslarge/scratch/users/h61084/codes/improved/outputs/foundation_models/tasks/seasonal_naive/univariate/Global_Price/Q/short/run_0/predictions.npz
    Computing per-window metrics...
    Saved metrics to /fslarge/scratch/users/h61084/codes/improved/outputs/foundation_models/tasks/seasonal_naive/univariate/Global_Price/Q/short/run_0/metrics.npz
    Saved config to /fslarge/scratch/users/h61084/codes/improved/outputs/foundation_models/tasks/seasonal_naive/univariate/Global_Price/Q/short/run_0/config.json
    Saved aggregate metrics to /fslarge/scratch/users/h61084/codes/improved/outputs/foundation_models/tasks/seasonal_naive/univariate/Global_Price/Q/short/run_0/metrics_summary.json
    Metrics summary (averaged over all series/windows/variates):
      MSE: 2706706.7588
      MAE: 375.3520
      RMSE: 421.9553
      MAPE: 0.2196
      sMAPE: 0.2247
      MASE: 1.8605
      ND: 0.2190
      CRPS: 0.1811
  Completed: 1 series x 5 windows
  Output: /fslarge/scratch/users/h61084/codes/improved/outputs/foundation_models/tasks/seasonal_naive/univariate/Global_Price/Q/short/run_0

============================================================
All experiments completed!
Results saved to: /scratch/users/h61084/codes/improved/outputs/foundation_models/tasks
============================================================

############################################################
# All 1 dataset(s) completed!
############################################################

############################################################
# Dataset 1/1: Vehicle_Sales/M
############################################################
Loading configuration...

============================================================
Model: Seasonal Naive
Dataset: Vehicle_Sales/M
Terms: ['short']
============================================================

--- Term: short ---
  Config: prediction_length=12, test_length=60, val_length=12
TIME run allocation action=new run=/fslarge/scratch/users/h61084/codes/improved/outputs/foundation_models/tasks/seasonal_naive/univariate/Vehicle_Sales/M/short/run_0 launch_id=selena_20260908T145416Z_18651 slurm_job_id=3227276 launched_at=2026-09-08T15:36:20.435468+00:00
  Dataset info:
    - Frequency: M
    - Num series: 1
    - Target dim: 10
    - Target mode: univariate
    - Series length: min=596, max=596, avg=596.0
    - Test split: 60 steps
    - Prediction length: 12
    - Windows: 5
    - Season length: 12
    Total instances: 50, Series during experiment: 10, Windows: 5
    Collecting ground truth and context...
    Detected to_univariate case: 10 flat series -> 1 series x 10 variates
    Organizing data into arrays...
    Saved predictions (quantiles) to /fslarge/scratch/users/h61084/codes/improved/outputs/foundation_models/tasks/seasonal_naive/univariate/Vehicle_Sales/M/short/run_0/predictions.npz
    Computing per-window metrics...
    Saved metrics to /fslarge/scratch/users/h61084/codes/improved/outputs/foundation_models/tasks/seasonal_naive/univariate/Vehicle_Sales/M/short/run_0/metrics.npz
    Saved config to /fslarge/scratch/users/h61084/codes/improved/outputs/foundation_models/tasks/seasonal_naive/univariate/Vehicle_Sales/M/short/run_0/config.json
    Saved aggregate metrics to /fslarge/scratch/users/h61084/codes/improved/outputs/foundation_models/tasks/seasonal_naive/univariate/Vehicle_Sales/M/short/run_0/metrics_summary.json
    Metrics summary (averaged over all series/windows/variates):
      MSE: 4675.6469
      MAE: 16.5703
      RMSE: 20.2560
      MAPE: 0.1320
      sMAPE: 0.1320
      MASE: 1.3004
      ND: 0.1331
      CRPS: 0.1107
  Completed: 1 series x 5 windows
  Output: /fslarge/scratch/users/h61084/codes/improved/outputs/foundation_models/tasks/seasonal_naive/univariate/Vehicle_Sales/M/short/run_0

============================================================
All experiments completed!
Results saved to: /scratch/users/h61084/codes/improved/outputs/foundation_models/tasks
============================================================

############################################################
# All 1 dataset(s) completed!
############################################################

############################################################
# Dataset 1/1: Online_Retail_2_UCI/D
############################################################
Loading configuration...

============================================================
Model: Seasonal Naive
Dataset: Online_Retail_2_UCI/D
Terms: ['short']
============================================================

--- Term: short ---
  Config: prediction_length=30, test_length=180, val_length=90
TIME run allocation action=new run=/fslarge/scratch/users/h61084/codes/improved/outputs/foundation_models/tasks/seasonal_naive/univariate/Online_Retail_2_UCI/D/short/run_0 launch_id=selena_20260908T145416Z_18651 slurm_job_id=3227276 launched_at=2026-09-08T15:36:25.999410+00:00
  Dataset info:
    - Frequency: D
    - Num series: 1
    - Target dim: 1
    - Target mode: univariate
    - Series length: min=739, max=739, avg=739.0
    - Test split: 180 steps
    - Prediction length: 30
    - Windows: 6
    - Season length: 1
    Total instances: 6, Series during experiment: 1, Windows: 6
    Collecting ground truth and context...
    Organizing data into arrays...
    ⚠️  Predictions max value (227947.41) exceeds float16 safe range.
    ⚠️  Applying scale factor: 10 (values will be divided)
    Saved predictions (quantiles) to /fslarge/scratch/users/h61084/codes/improved/outputs/foundation_models/tasks/seasonal_naive/univariate/Online_Retail_2_UCI/D/short/run_0/predictions.npz
    Computing per-window metrics...
    Saved metrics to /fslarge/scratch/users/h61084/codes/improved/outputs/foundation_models/tasks/seasonal_naive/univariate/Online_Retail_2_UCI/D/short/run_0/metrics.npz
    Saved config to /fslarge/scratch/users/h61084/codes/improved/outputs/foundation_models/tasks/seasonal_naive/univariate/Online_Retail_2_UCI/D/short/run_0/config.json
    Saved aggregate metrics to /fslarge/scratch/users/h61084/codes/improved/outputs/foundation_models/tasks/seasonal_naive/univariate/Online_Retail_2_UCI/D/short/run_0/metrics_summary.json
    Metrics summary (averaged over all series/windows/variates):
      MSE: 1262580518.4349
      MAE: 26709.8403
      RMSE: 32649.6730
      MAPE: 0.8271
      sMAPE: 0.9342
      MASE: 1.6233
      ND: 0.8599
      CRPS: 0.8981
  Completed: 1 series x 6 windows
  Output: /fslarge/scratch/users/h61084/codes/improved/outputs/foundation_models/tasks/seasonal_naive/univariate/Online_Retail_2_UCI/D/short/run_0

============================================================
All experiments completed!
Results saved to: /scratch/users/h61084/codes/improved/outputs/foundation_models/tasks
============================================================

############################################################
# All 1 dataset(s) completed!
############################################################

############################################################
# Dataset 1/1: Supply_Chain_Customer/D
############################################################
Loading configuration...

============================================================
Model: Seasonal Naive
Dataset: Supply_Chain_Customer/D
Terms: ['short']
============================================================

--- Term: short ---
  Config: prediction_length=30, test_length=365, val_length=90
TIME run allocation action=new run=/fslarge/scratch/users/h61084/codes/improved/outputs/foundation_models/tasks/seasonal_naive/univariate/Supply_Chain_Customer/D/short/run_0 launch_id=selena_20260908T145416Z_18651 slurm_job_id=3227276 launched_at=2026-09-08T15:36:31.366446+00:00
  Dataset info:
    - Frequency: D
    - Num series: 1
    - Target dim: 36
    - Target mode: univariate
    - Series length: min=2007, max=2007, avg=2007.0
    - Test split: 365 steps
    - Prediction length: 30
    - Windows: 12
    - Season length: 1
    Total instances: 432, Series during experiment: 36, Windows: 12
    Collecting ground truth and context...
    Detected to_univariate case: 36 flat series -> 1 series x 36 variates
    Organizing data into arrays...
    ⚠️  Predictions max value (484642.56) exceeds float16 safe range.
    ⚠️  Applying scale factor: 10 (values will be divided)
    Saved predictions (quantiles) to /fslarge/scratch/users/h61084/codes/improved/outputs/foundation_models/tasks/seasonal_naive/univariate/Supply_Chain_Customer/D/short/run_0/predictions.npz
    Computing per-window metrics...
    Saved metrics to /fslarge/scratch/users/h61084/codes/improved/outputs/foundation_models/tasks/seasonal_naive/univariate/Supply_Chain_Customer/D/short/run_0/metrics.npz
    Saved config to /fslarge/scratch/users/h61084/codes/improved/outputs/foundation_models/tasks/seasonal_naive/univariate/Supply_Chain_Customer/D/short/run_0/config.json
    Saved aggregate metrics to /fslarge/scratch/users/h61084/codes/improved/outputs/foundation_models/tasks/seasonal_naive/univariate/Supply_Chain_Customer/D/short/run_0/metrics_summary.json
    Metrics summary (averaged over all series/windows/variates):
      MSE: 174072113.7703
      MAE: 4463.3072
      RMSE: 5498.1302
      MAPE: 1.4575
      sMAPE: 0.8445
      MASE: 1.5244
      ND: 0.8811
      CRPS: 1.0545
  Completed: 1 series x 12 windows
  Output: /fslarge/scratch/users/h61084/codes/improved/outputs/foundation_models/tasks/seasonal_naive/univariate/Supply_Chain_Customer/D/short/run_0

============================================================
All experiments completed!
Results saved to: /scratch/users/h61084/codes/improved/outputs/foundation_models/tasks
============================================================

############################################################
# All 1 dataset(s) completed!
############################################################

############################################################
# Dataset 1/1: Supply_Chain_Location/D
############################################################
Loading configuration...

============================================================
Model: Seasonal Naive
Dataset: Supply_Chain_Location/D
Terms: ['short']
============================================================

--- Term: short ---
  Config: prediction_length=30, test_length=365, val_length=90
TIME run allocation action=new run=/fslarge/scratch/users/h61084/codes/improved/outputs/foundation_models/tasks/seasonal_naive/univariate/Supply_Chain_Location/D/short/run_0 launch_id=selena_20260908T145416Z_18651 slurm_job_id=3227276 launched_at=2026-09-08T15:36:38.309853+00:00
  Dataset info:
    - Frequency: D
    - Num series: 1
    - Target dim: 51
    - Target mode: univariate
    - Series length: min=2007, max=2007, avg=2007.0
    - Test split: 365 steps
    - Prediction length: 30
    - Windows: 12
    - Season length: 1
    Total instances: 612, Series during experiment: 51, Windows: 12
    Collecting ground truth and context...
    Detected to_univariate case: 51 flat series -> 1 series x 51 variates
    Organizing data into arrays...
    ⚠️  Predictions max value (244197.86) exceeds float16 safe range.
    ⚠️  Applying scale factor: 10 (values will be divided)
    Saved predictions (quantiles) to /fslarge/scratch/users/h61084/codes/improved/outputs/foundation_models/tasks/seasonal_naive/univariate/Supply_Chain_Location/D/short/run_0/predictions.npz
    Computing per-window metrics...
    Saved metrics to /fslarge/scratch/users/h61084/codes/improved/outputs/foundation_models/tasks/seasonal_naive/univariate/Supply_Chain_Location/D/short/run_0/metrics.npz
    Saved config to /fslarge/scratch/users/h61084/codes/improved/outputs/foundation_models/tasks/seasonal_naive/univariate/Supply_Chain_Location/D/short/run_0/config.json
    Saved aggregate metrics to /fslarge/scratch/users/h61084/codes/improved/outputs/foundation_models/tasks/seasonal_naive/univariate/Supply_Chain_Location/D/short/run_0/metrics_summary.json
    Metrics summary (averaged over all series/windows/variates):
      MSE: 72938255.9527
      MAE: 3511.5716
      RMSE: 4374.4949
      MAPE: 1.4102
      sMAPE: 0.8172
      MASE: 1.4264
      ND: 0.8347
      CRPS: 1.0415
  Completed: 1 series x 12 windows
  Output: /fslarge/scratch/users/h61084/codes/improved/outputs/foundation_models/tasks/seasonal_naive/univariate/Supply_Chain_Location/D/short/run_0

============================================================
All experiments completed!
Results saved to: /scratch/users/h61084/codes/improved/outputs/foundation_models/tasks
============================================================

############################################################
# All 1 dataset(s) completed!
############################################################

############################################################
# Dataset 1/1: azure2019_D/5T
############################################################
Loading configuration...

============================================================
Model: Seasonal Naive
Dataset: azure2019_D/5T
Terms: ['short']
============================================================

--- Term: short ---
  Config: prediction_length=288, test_length=864, val_length=864
TIME run allocation action=new run=/fslarge/scratch/users/h61084/codes/improved/outputs/foundation_models/tasks/seasonal_naive/univariate/azure2019_D/5T/short/run_0 launch_id=selena_20260908T145416Z_18651 slurm_job_id=3227276 launched_at=2026-09-08T15:36:45.921840+00:00
  Dataset info:
    - Frequency: 5T
    - Num series: 989
    - Target dim: 3
    - Target mode: univariate
    - Series length: min=8073, max=8639, avg=8627.0
    - Test split: 864 steps
    - Prediction length: 288
    - Windows: 3
    - Season length: 288
    Total instances: 8901, Series during experiment: 2967, Windows: 3
    Collecting ground truth and context...
    Detected to_univariate case: 2967 flat series -> 989 series x 3 variates
    Organizing data into arrays...
    Saved predictions (quantiles) to /fslarge/scratch/users/h61084/codes/improved/outputs/foundation_models/tasks/seasonal_naive/univariate/azure2019_D/5T/short/run_0/predictions.npz
    Computing per-window metrics...
    Saved metrics to /fslarge/scratch/users/h61084/codes/improved/outputs/foundation_models/tasks/seasonal_naive/univariate/azure2019_D/5T/short/run_0/metrics.npz
    Saved config to /fslarge/scratch/users/h61084/codes/improved/outputs/foundation_models/tasks/seasonal_naive/univariate/azure2019_D/5T/short/run_0/config.json
    Saved aggregate metrics to /fslarge/scratch/users/h61084/codes/improved/outputs/foundation_models/tasks/seasonal_naive/univariate/azure2019_D/5T/short/run_0/metrics_summary.json
    Metrics summary (averaged over all series/windows/variates):
      MSE: 106.6340
      MAE: 3.7928
      RMSE: 5.2215
      MAPE: 0.3684
      sMAPE: 0.2399
      MASE: 1.0620
      ND: 0.2808
      CRPS: 0.2901
  Completed: 989 series x 3 windows
  Output: /fslarge/scratch/users/h61084/codes/improved/outputs/foundation_models/tasks/seasonal_naive/univariate/azure2019_D/5T/short/run_0

============================================================
All experiments completed!
Results saved to: /scratch/users/h61084/codes/improved/outputs/foundation_models/tasks
============================================================

############################################################
# All 1 dataset(s) completed!
############################################################

############################################################
# Dataset 1/1: azure2019_I/5T
############################################################
Loading configuration...

============================================================
Model: Seasonal Naive
Dataset: azure2019_I/5T
Terms: ['short']
============================================================

--- Term: short ---
  Config: prediction_length=288, test_length=864, val_length=864
TIME run allocation action=new run=/fslarge/scratch/users/h61084/codes/improved/outputs/foundation_models/tasks/seasonal_naive/univariate/azure2019_I/5T/short/run_0 launch_id=selena_20260908T145416Z_18651 slurm_job_id=3227276 launched_at=2026-09-08T15:38:14.785002+00:00
  Dataset info:
    - Frequency: 5T
    - Num series: 492
    - Target dim: 3
    - Target mode: univariate
    - Series length: min=8250, max=8639, avg=8630.4
    - Test split: 864 steps
    - Prediction length: 288
    - Windows: 3
    - Season length: 288
    Total instances: 4428, Series during experiment: 1476, Windows: 3
    Collecting ground truth and context...
    Detected to_univariate case: 1476 flat series -> 492 series x 3 variates
    Organizing data into arrays...
    Saved predictions (quantiles) to /fslarge/scratch/users/h61084/codes/improved/outputs/foundation_models/tasks/seasonal_naive/univariate/azure2019_I/5T/short/run_0/predictions.npz
    Computing per-window metrics...
    Saved metrics to /fslarge/scratch/users/h61084/codes/improved/outputs/foundation_models/tasks/seasonal_naive/univariate/azure2019_I/5T/short/run_0/metrics.npz
    Saved config to /fslarge/scratch/users/h61084/codes/improved/outputs/foundation_models/tasks/seasonal_naive/univariate/azure2019_I/5T/short/run_0/config.json
    Saved aggregate metrics to /fslarge/scratch/users/h61084/codes/improved/outputs/foundation_models/tasks/seasonal_naive/univariate/azure2019_I/5T/short/run_0/metrics_summary.json
    Metrics summary (averaged over all series/windows/variates):
      MSE: 78.5674
      MAE: 3.1332
      RMSE: 4.4485
      MAPE: 0.3426
      sMAPE: 0.2056
      MASE: 0.9861
      ND: 0.2364
      CRPS: 0.2267
  Completed: 492 series x 3 windows
  Output: /fslarge/scratch/users/h61084/codes/improved/outputs/foundation_models/tasks/seasonal_naive/univariate/azure2019_I/5T/short/run_0

============================================================
All experiments completed!
Results saved to: /scratch/users/h61084/codes/improved/outputs/foundation_models/tasks
============================================================

############################################################
# All 1 dataset(s) completed!
############################################################

############################################################
# Dataset 1/1: azure2019_U/5T
############################################################
Loading configuration...

============================================================
Model: Seasonal Naive
Dataset: azure2019_U/5T
Terms: ['short']
============================================================

--- Term: short ---
  Config: prediction_length=48, test_length=288, val_length=96
TIME run allocation action=new run=/fslarge/scratch/users/h61084/codes/improved/outputs/foundation_models/tasks/seasonal_naive/univariate/azure2019_U/5T/short/run_0 launch_id=selena_20260908T145416Z_18651 slurm_job_id=3227276 launched_at=2026-09-08T15:39:03.489466+00:00
  Dataset info:
    - Frequency: 5T
    - Num series: 78
    - Target dim: 3
    - Target mode: univariate
    - Series length: min=882, max=2006, avg=1406.1
    - Test split: 288 steps
    - Prediction length: 48
    - Windows: 6
    - Season length: 288
    Total instances: 1404, Series during experiment: 234, Windows: 6
    Collecting ground truth and context...
    Detected to_univariate case: 234 flat series -> 78 series x 3 variates
    Organizing data into arrays...
    Saved predictions (quantiles) to /fslarge/scratch/users/h61084/codes/improved/outputs/foundation_models/tasks/seasonal_naive/univariate/azure2019_U/5T/short/run_0/predictions.npz
    Computing per-window metrics...
    Saved metrics to /fslarge/scratch/users/h61084/codes/improved/outputs/foundation_models/tasks/seasonal_naive/univariate/azure2019_U/5T/short/run_0/metrics.npz
    Saved config to /fslarge/scratch/users/h61084/codes/improved/outputs/foundation_models/tasks/seasonal_naive/univariate/azure2019_U/5T/short/run_0/config.json
    Saved aggregate metrics to /fslarge/scratch/users/h61084/codes/improved/outputs/foundation_models/tasks/seasonal_naive/univariate/azure2019_U/5T/short/run_0/metrics_summary.json
    Metrics summary (averaged over all series/windows/variates):
      MSE: 137.0897
      MAE: 3.9214
      RMSE: 5.1518
      MAPE: 0.6285
      sMAPE: 0.2947
      MASE: 1.1131
      ND: 0.3623
      CRPS: 0.5694
  Completed: 78 series x 6 windows
  Output: /fslarge/scratch/users/h61084/codes/improved/outputs/foundation_models/tasks/seasonal_naive/univariate/azure2019_U/5T/short/run_0

============================================================
All experiments completed!
Results saved to: /scratch/users/h61084/codes/improved/outputs/foundation_models/tasks
============================================================

############################################################
# All 1 dataset(s) completed!
############################################################

############################################################
# Dataset 1/1: Smart_Manufacturing/H
############################################################
Loading configuration...

============================================================
Model: Seasonal Naive
Dataset: Smart_Manufacturing/H
Terms: ['short', 'medium', 'long']
============================================================

--- Term: short ---
  Config: prediction_length=24, test_length=336, val_length=336
TIME run allocation action=new run=/fslarge/scratch/users/h61084/codes/improved/outputs/foundation_models/tasks/seasonal_naive/univariate/Smart_Manufacturing/H/short/run_0 launch_id=selena_20260908T145416Z_18651 slurm_job_id=3227276 launched_at=2026-09-08T15:39:16.904932+00:00
  Dataset info:
    - Frequency: H
    - Num series: 34
    - Target dim: 5
    - Target mode: univariate
    - Series length: min=1661, max=1667, avg=1665.9
    - Test split: 336 steps
    - Prediction length: 24
    - Windows: 14
    - Season length: 24
    Total instances: 2380, Series during experiment: 170, Windows: 14
    Collecting ground truth and context...
    Detected to_univariate case: 170 flat series -> 34 series x 5 variates
    Organizing data into arrays...
    Saved predictions (quantiles) to /fslarge/scratch/users/h61084/codes/improved/outputs/foundation_models/tasks/seasonal_naive/univariate/Smart_Manufacturing/H/short/run_0/predictions.npz
    Computing per-window metrics...
    Saved metrics to /fslarge/scratch/users/h61084/codes/improved/outputs/foundation_models/tasks/seasonal_naive/univariate/Smart_Manufacturing/H/short/run_0/metrics.npz
    Saved config to /fslarge/scratch/users/h61084/codes/improved/outputs/foundation_models/tasks/seasonal_naive/univariate/Smart_Manufacturing/H/short/run_0/config.json
    Saved aggregate metrics to /fslarge/scratch/users/h61084/codes/improved/outputs/foundation_models/tasks/seasonal_naive/univariate/Smart_Manufacturing/H/short/run_0/metrics_summary.json
    Metrics summary (averaged over all series/windows/variates):
      MSE: 156.9560
      MAE: 8.0818
      RMSE: 9.9584
      MAPE: 0.4216
      sMAPE: 0.3148
      MASE: 0.9987
      ND: 0.3026
      CRPS: 0.2335
  Completed: 34 series x 14 windows
  Output: /fslarge/scratch/users/h61084/codes/improved/outputs/foundation_models/tasks/seasonal_naive/univariate/Smart_Manufacturing/H/short/run_0

--- Term: medium ---
  Config: prediction_length=168, test_length=336, val_length=336
TIME run allocation action=new run=/fslarge/scratch/users/h61084/codes/improved/outputs/foundation_models/tasks/seasonal_naive/univariate/Smart_Manufacturing/H/medium/run_0 launch_id=selena_20260908T145416Z_18651 slurm_job_id=3227276 launched_at=2026-09-08T15:39:28.293110+00:00
  Dataset info:
    - Frequency: H
    - Num series: 34
    - Target dim: 5
    - Target mode: univariate
    - Series length: min=1661, max=1667, avg=1665.9
    - Test split: 336 steps
    - Prediction length: 168
    - Windows: 2
    - Season length: 24
    Total instances: 340, Series during experiment: 170, Windows: 2
    Collecting ground truth and context...
    Detected to_univariate case: 170 flat series -> 34 series x 5 variates
    Organizing data into arrays...
    Saved predictions (quantiles) to /fslarge/scratch/users/h61084/codes/improved/outputs/foundation_models/tasks/seasonal_naive/univariate/Smart_Manufacturing/H/medium/run_0/predictions.npz
    Computing per-window metrics...
    Saved metrics to /fslarge/scratch/users/h61084/codes/improved/outputs/foundation_models/tasks/seasonal_naive/univariate/Smart_Manufacturing/H/medium/run_0/metrics.npz
    Saved config to /fslarge/scratch/users/h61084/codes/improved/outputs/foundation_models/tasks/seasonal_naive/univariate/Smart_Manufacturing/H/medium/run_0/config.json
    Saved aggregate metrics to /fslarge/scratch/users/h61084/codes/improved/outputs/foundation_models/tasks/seasonal_naive/univariate/Smart_Manufacturing/H/medium/run_0/metrics_summary.json
    Metrics summary (averaged over all series/windows/variates):
      MSE: 159.5024
      MAE: 8.1426
      RMSE: 10.1502
      MAPE: 0.4276
      sMAPE: 0.3179
      MASE: 1.0059
      ND: 0.3032
      CRPS: 0.2698
  Completed: 34 series x 2 windows
  Output: /fslarge/scratch/users/h61084/codes/improved/outputs/foundation_models/tasks/seasonal_naive/univariate/Smart_Manufacturing/H/medium/run_0

--- Term: long ---
  Config: prediction_length=336, test_length=336, val_length=336
TIME run allocation action=new run=/fslarge/scratch/users/h61084/codes/improved/outputs/foundation_models/tasks/seasonal_naive/univariate/Smart_Manufacturing/H/long/run_0 launch_id=selena_20260908T145416Z_18651 slurm_job_id=3227276 launched_at=2026-09-08T15:39:30.540910+00:00
  Dataset info:
    - Frequency: H
    - Num series: 34
    - Target dim: 5
    - Target mode: univariate
    - Series length: min=1661, max=1667, avg=1665.9
    - Test split: 336 steps
    - Prediction length: 336
    - Windows: 1
    - Season length: 24
    Total instances: 170, Series during experiment: 170, Windows: 1
    Collecting ground truth and context...
    Detected to_univariate case: 170 flat series -> 34 series x 5 variates
    Organizing data into arrays...
    Saved predictions (quantiles) to /fslarge/scratch/users/h61084/codes/improved/outputs/foundation_models/tasks/seasonal_naive/univariate/Smart_Manufacturing/H/long/run_0/predictions.npz
    Computing per-window metrics...
    Saved metrics to /fslarge/scratch/users/h61084/codes/improved/outputs/foundation_models/tasks/seasonal_naive/univariate/Smart_Manufacturing/H/long/run_0/metrics.npz
    Saved config to /fslarge/scratch/users/h61084/codes/improved/outputs/foundation_models/tasks/seasonal_naive/univariate/Smart_Manufacturing/H/long/run_0/config.json
    Saved aggregate metrics to /fslarge/scratch/users/h61084/codes/improved/outputs/foundation_models/tasks/seasonal_naive/univariate/Smart_Manufacturing/H/long/run_0/metrics_summary.json
    Metrics summary (averaged over all series/windows/variates):
      MSE: 156.7998
      MAE: 8.0862
      RMSE: 10.0920
      MAPE: 0.4297
      sMAPE: 0.3149
      MASE: 1.0022
      ND: 0.3016
      CRPS: 0.3153
  Completed: 34 series x 1 windows
  Output: /fslarge/scratch/users/h61084/codes/improved/outputs/foundation_models/tasks/seasonal_naive/univariate/Smart_Manufacturing/H/long/run_0

============================================================
All experiments completed!
Results saved to: /scratch/users/h61084/codes/improved/outputs/foundation_models/tasks
============================================================

############################################################
# All 1 dataset(s) completed!
############################################################

############################################################
# Dataset 1/1: MetroPT-3/5T
############################################################
Loading configuration...

============================================================
Model: Seasonal Naive
Dataset: MetroPT-3/5T
Terms: ['short', 'medium', 'long']
============================================================

--- Term: short ---
  Config: prediction_length=48, test_length=1728, val_length=1728
TIME run allocation action=new run=/fslarge/scratch/users/h61084/codes/improved/outputs/foundation_models/tasks/seasonal_naive/univariate/MetroPT-3/5T/short/run_0 launch_id=selena_20260908T145416Z_18651 slurm_job_id=3227276 launched_at=2026-09-08T15:39:35.392432+00:00
  Dataset info:
    - Frequency: 5T
    - Num series: 1
    - Target dim: 6
    - Target mode: univariate
    - Series length: min=17809, max=17809, avg=17809.0
    - Test split: 1728 steps
    - Prediction length: 48
    - Windows: 36
    - Season length: 288
    Total instances: 216, Series during experiment: 6, Windows: 36
    Collecting ground truth and context...
    Detected to_univariate case: 6 flat series -> 1 series x 6 variates
    Organizing data into arrays...
    Saved predictions (quantiles) to /fslarge/scratch/users/h61084/codes/improved/outputs/foundation_models/tasks/seasonal_naive/univariate/MetroPT-3/5T/short/run_0/predictions.npz
    Computing per-window metrics...
    Saved metrics to /fslarge/scratch/users/h61084/codes/improved/outputs/foundation_models/tasks/seasonal_naive/univariate/MetroPT-3/5T/short/run_0/metrics.npz
    Saved config to /fslarge/scratch/users/h61084/codes/improved/outputs/foundation_models/tasks/seasonal_naive/univariate/MetroPT-3/5T/short/run_0/config.json
    Saved aggregate metrics to /fslarge/scratch/users/h61084/codes/improved/outputs/foundation_models/tasks/seasonal_naive/univariate/MetroPT-3/5T/short/run_0/metrics_summary.json
    Metrics summary (averaged over all series/windows/variates):
      MSE: 5.9035
      MAE: 1.5212
      RMSE: 1.9610
      MAPE: 10.9777
      sMAPE: 0.4155
      MASE: 0.8726
      ND: 0.4298
      CRPS: 0.3747
  Completed: 1 series x 36 windows
  Output: /fslarge/scratch/users/h61084/codes/improved/outputs/foundation_models/tasks/seasonal_naive/univariate/MetroPT-3/5T/short/run_0

--- Term: medium ---
  Config: prediction_length=288, test_length=1728, val_length=1728
TIME run allocation action=new run=/fslarge/scratch/users/h61084/codes/improved/outputs/foundation_models/tasks/seasonal_naive/univariate/MetroPT-3/5T/medium/run_0 launch_id=selena_20260908T145416Z_18651 slurm_job_id=3227276 launched_at=2026-09-08T15:39:38.622625+00:00
  Dataset info:
    - Frequency: 5T
    - Num series: 1
    - Target dim: 6
    - Target mode: univariate
    - Series length: min=17809, max=17809, avg=17809.0
    - Test split: 1728 steps
    - Prediction length: 288
    - Windows: 6
    - Season length: 288
    Total instances: 36, Series during experiment: 6, Windows: 6
    Collecting ground truth and context...
    Detected to_univariate case: 6 flat series -> 1 series x 6 variates
    Organizing data into arrays...
    Saved predictions (quantiles) to /fslarge/scratch/users/h61084/codes/improved/outputs/foundation_models/tasks/seasonal_naive/univariate/MetroPT-3/5T/medium/run_0/predictions.npz
    Computing per-window metrics...
    Saved metrics to /fslarge/scratch/users/h61084/codes/improved/outputs/foundation_models/tasks/seasonal_naive/univariate/MetroPT-3/5T/medium/run_0/metrics.npz
    Saved config to /fslarge/scratch/users/h61084/codes/improved/outputs/foundation_models/tasks/seasonal_naive/univariate/MetroPT-3/5T/medium/run_0/config.json
    Saved aggregate metrics to /fslarge/scratch/users/h61084/codes/improved/outputs/foundation_models/tasks/seasonal_naive/univariate/MetroPT-3/5T/medium/run_0/metrics_summary.json
    Metrics summary (averaged over all series/windows/variates):
      MSE: 5.6402
      MAE: 1.4923
      RMSE: 1.9595
      MAPE: 10.8222
      sMAPE: 0.4076
      MASE: 0.8536
      ND: 0.4186
      CRPS: 0.3641
  Completed: 1 series x 6 windows
  Output: /fslarge/scratch/users/h61084/codes/improved/outputs/foundation_models/tasks/seasonal_naive/univariate/MetroPT-3/5T/medium/run_0

--- Term: long ---
  Config: prediction_length=576, test_length=1728, val_length=1728
TIME run allocation action=new run=/fslarge/scratch/users/h61084/codes/improved/outputs/foundation_models/tasks/seasonal_naive/univariate/MetroPT-3/5T/long/run_0 launch_id=selena_20260908T145416Z_18651 slurm_job_id=3227276 launched_at=2026-09-08T15:39:39.005086+00:00
  Dataset info:
    - Frequency: 5T
    - Num series: 1
    - Target dim: 6
    - Target mode: univariate
    - Series length: min=17809, max=17809, avg=17809.0
    - Test split: 1728 steps
    - Prediction length: 576
    - Windows: 3
    - Season length: 288
    Total instances: 18, Series during experiment: 6, Windows: 3
    Collecting ground truth and context...
    Detected to_univariate case: 6 flat series -> 1 series x 6 variates
    Organizing data into arrays...
    Saved predictions (quantiles) to /fslarge/scratch/users/h61084/codes/improved/outputs/foundation_models/tasks/seasonal_naive/univariate/MetroPT-3/5T/long/run_0/predictions.npz
    Computing per-window metrics...
    Saved metrics to /fslarge/scratch/users/h61084/codes/improved/outputs/foundation_models/tasks/seasonal_naive/univariate/MetroPT-3/5T/long/run_0/metrics.npz
    Saved config to /fslarge/scratch/users/h61084/codes/improved/outputs/foundation_models/tasks/seasonal_naive/univariate/MetroPT-3/5T/long/run_0/config.json
    Saved aggregate metrics to /fslarge/scratch/users/h61084/codes/improved/outputs/foundation_models/tasks/seasonal_naive/univariate/MetroPT-3/5T/long/run_0/metrics_summary.json
    Metrics summary (averaged over all series/windows/variates):
      MSE: 5.4098
      MAE: 1.4533
      RMSE: 1.9373
      MAPE: 12.7400
      sMAPE: 0.4078
      MASE: 0.8687
      ND: 0.4313
      CRPS: 0.3845
  Completed: 1 series x 3 windows
  Output: /fslarge/scratch/users/h61084/codes/improved/outputs/foundation_models/tasks/seasonal_naive/univariate/MetroPT-3/5T/long/run_0

============================================================
All experiments completed!
Results saved to: /scratch/users/h61084/codes/improved/outputs/foundation_models/tasks
============================================================

############################################################
# All 1 dataset(s) completed!
############################################################
2026-09-08 17:39:40 | task model=seasonal_naive runner=run_seasonal_naive.sh environment=uv covariate_mode=none target_mode=auto completed status=success
2026-09-08 17:39:40 | stage evaluate completed status=success
2026-09-08 17:39:40 | workflow foundation_models completed status=success exit_code=0
