2026-09-08 01:06:37 | workflow foundation_models started launch_id=selena_20260907T230635Z_3389 task=seasonal_naive slurm_job_id=3221289 slurm_array_job_id=none slurm_array_task_id=none
2026-09-08 01:06:37 | stage evaluate started
2026-09-08 01:06:37 | task model=seasonal_naive runner=run_seasonal_naive.sh environment=uv covariate_mode=none target_mode=auto started
[2026-09-08 01:06:37] TIME runner: run_seasonal_naive.sh
[2026-09-08 01:06:37] datasets: /scratch/users/h61084/datasets/hf_dataset
[2026-09-08 01:06:38] weights: /scratch/users/h61084/weights
[2026-09-08 01:06:38] outputs: /scratch/users/h61084/codes/improved/outputs
[2026-09-08 01:06:38] covariate mode: none
[2026-09-08 01:06:38] target mode: auto

############################################################
# Dataset 1/1: Water_Quality_Darwin/15T
############################################################
Loading configuration...

============================================================
Model: Seasonal Naive
Dataset: Water_Quality_Darwin/15T
Terms: ['short', 'medium', 'long']
============================================================

--- Term: short ---
  Config: prediction_length=16, test_length=1440, val_length=1440
TIME run allocation action=new run=/fslarge/scratch/users/h61084/codes/improved/outputs/foundation_models/tasks/seasonal_naive/univariate/Water_Quality_Darwin/15T/short/run_0 launch_id=selena_20260907T230635Z_3389 slurm_job_id=3221289 launched_at=2026-09-07T23:07:07.634349+00:00
  Dataset info:
    - Frequency: 15T
    - Num series: 7
    - Target dim: 6
    - Target mode: univariate
    - Series length: min=8662, max=18985, avg=15229.4
    - Test split: 1440 steps
    - Prediction length: 16
    - Windows: 90
    - Season length: 96
    Total instances: 3780, Series during experiment: 42, Windows: 90
    Collecting ground truth and context...
    Detected to_univariate case: 42 flat series -> 7 series x 6 variates
    Organizing data into arrays...
    Saved predictions (quantiles) to /fslarge/scratch/users/h61084/codes/improved/outputs/foundation_models/tasks/seasonal_naive/univariate/Water_Quality_Darwin/15T/short/run_0/predictions.npz
    Computing per-window metrics...
    Saved metrics to /fslarge/scratch/users/h61084/codes/improved/outputs/foundation_models/tasks/seasonal_naive/univariate/Water_Quality_Darwin/15T/short/run_0/metrics.npz
    Saved config to /fslarge/scratch/users/h61084/codes/improved/outputs/foundation_models/tasks/seasonal_naive/univariate/Water_Quality_Darwin/15T/short/run_0/config.json
    Saved aggregate metrics to /fslarge/scratch/users/h61084/codes/improved/outputs/foundation_models/tasks/seasonal_naive/univariate/Water_Quality_Darwin/15T/short/run_0/metrics_summary.json
    Metrics summary (averaged over all series/windows/variates):
      MSE: 5.1302
      MAE: 0.7485
      RMSE: 0.8560
      MAPE: 0.0982
      sMAPE: 0.0901
      MASE: 1.0872
      ND: 0.0953
      CRPS: 0.1046
  Completed: 7 series x 90 windows
  Output: /fslarge/scratch/users/h61084/codes/improved/outputs/foundation_models/tasks/seasonal_naive/univariate/Water_Quality_Darwin/15T/short/run_0

--- Term: medium ---
  Config: prediction_length=96, test_length=1440, val_length=1440
TIME run allocation action=new run=/fslarge/scratch/users/h61084/codes/improved/outputs/foundation_models/tasks/seasonal_naive/univariate/Water_Quality_Darwin/15T/medium/run_0 launch_id=selena_20260907T230635Z_3389 slurm_job_id=3221289 launched_at=2026-09-07T23:07:41.665301+00:00
  Dataset info:
    - Frequency: 15T
    - Num series: 7
    - Target dim: 6
    - Target mode: univariate
    - Series length: min=8662, max=18985, avg=15229.4
    - Test split: 1440 steps
    - Prediction length: 96
    - Windows: 15
    - Season length: 96
    Total instances: 630, Series during experiment: 42, Windows: 15
    Collecting ground truth and context...
    Detected to_univariate case: 42 flat series -> 7 series x 6 variates
    Organizing data into arrays...
    Saved predictions (quantiles) to /fslarge/scratch/users/h61084/codes/improved/outputs/foundation_models/tasks/seasonal_naive/univariate/Water_Quality_Darwin/15T/medium/run_0/predictions.npz
    Computing per-window metrics...
    Saved metrics to /fslarge/scratch/users/h61084/codes/improved/outputs/foundation_models/tasks/seasonal_naive/univariate/Water_Quality_Darwin/15T/medium/run_0/metrics.npz
    Saved config to /fslarge/scratch/users/h61084/codes/improved/outputs/foundation_models/tasks/seasonal_naive/univariate/Water_Quality_Darwin/15T/medium/run_0/config.json
    Saved aggregate metrics to /fslarge/scratch/users/h61084/codes/improved/outputs/foundation_models/tasks/seasonal_naive/univariate/Water_Quality_Darwin/15T/medium/run_0/metrics_summary.json
    Metrics summary (averaged over all series/windows/variates):
      MSE: 5.1306
      MAE: 0.7485
      RMSE: 0.9424
      MAPE: 0.0982
      sMAPE: 0.0901
      MASE: 1.0892
      ND: 0.0922
      CRPS: 0.0987
  Completed: 7 series x 15 windows
  Output: /fslarge/scratch/users/h61084/codes/improved/outputs/foundation_models/tasks/seasonal_naive/univariate/Water_Quality_Darwin/15T/medium/run_0

--- Term: long ---
  Config: prediction_length=288, test_length=1440, val_length=1440
TIME run allocation action=new run=/fslarge/scratch/users/h61084/codes/improved/outputs/foundation_models/tasks/seasonal_naive/univariate/Water_Quality_Darwin/15T/long/run_0 launch_id=selena_20260907T230635Z_3389 slurm_job_id=3221289 launched_at=2026-09-07T23:07:45.485627+00:00
  Dataset info:
    - Frequency: 15T
    - Num series: 7
    - Target dim: 6
    - Target mode: univariate
    - Series length: min=8662, max=18985, avg=15229.4
    - Test split: 1440 steps
    - Prediction length: 288
    - Windows: 5
    - Season length: 96
    Total instances: 210, Series during experiment: 42, Windows: 5
    Collecting ground truth and context...
    Detected to_univariate case: 42 flat series -> 7 series x 6 variates
    Organizing data into arrays...
    Saved predictions (quantiles) to /fslarge/scratch/users/h61084/codes/improved/outputs/foundation_models/tasks/seasonal_naive/univariate/Water_Quality_Darwin/15T/long/run_0/predictions.npz
    Computing per-window metrics...
    Saved metrics to /fslarge/scratch/users/h61084/codes/improved/outputs/foundation_models/tasks/seasonal_naive/univariate/Water_Quality_Darwin/15T/long/run_0/metrics.npz
    Saved config to /fslarge/scratch/users/h61084/codes/improved/outputs/foundation_models/tasks/seasonal_naive/univariate/Water_Quality_Darwin/15T/long/run_0/config.json
    Saved aggregate metrics to /fslarge/scratch/users/h61084/codes/improved/outputs/foundation_models/tasks/seasonal_naive/univariate/Water_Quality_Darwin/15T/long/run_0/metrics_summary.json
    Metrics summary (averaged over all series/windows/variates):
      MSE: 9.3407
      MAE: 1.0740
      RMSE: 1.3558
      MAPE: 0.1582
      sMAPE: 0.1323
      MASE: 1.5912
      ND: 0.1371
      CRPS: 0.1340
  Completed: 7 series x 5 windows
  Output: /fslarge/scratch/users/h61084/codes/improved/outputs/foundation_models/tasks/seasonal_naive/univariate/Water_Quality_Darwin/15T/long/run_0

============================================================
All experiments completed!
Results saved to: /scratch/users/h61084/codes/improved/outputs/foundation_models/tasks
============================================================

############################################################
# All 1 dataset(s) completed!
############################################################

############################################################
# Dataset 1/1: current_velocity/5T
############################################################
Loading configuration...

============================================================
Model: Seasonal Naive
Dataset: current_velocity/5T
Terms: ['short', 'medium', 'long']
============================================================

--- Term: short ---
  Config: prediction_length=36, test_length=4320, val_length=4320
TIME run allocation action=new run=/fslarge/scratch/users/h61084/codes/improved/outputs/foundation_models/tasks/seasonal_naive/univariate/current_velocity/5T/short/run_0 launch_id=selena_20260907T230635Z_3389 slurm_job_id=3221289 launched_at=2026-09-07T23:07:57.264280+00:00
  Dataset info:
    - Frequency: 5T
    - Num series: 1
    - Target dim: 6
    - Target mode: univariate
    - Series length: min=26486, max=26486, avg=26486.0
    - Test split: 4320 steps
    - Prediction length: 36
    - Windows: 120
    - Season length: 288
    Total instances: 720, Series during experiment: 6, Windows: 120
    Collecting ground truth and context...
    Detected to_univariate case: 6 flat series -> 1 series x 6 variates
    Organizing data into arrays...
    Saved predictions (quantiles) to /fslarge/scratch/users/h61084/codes/improved/outputs/foundation_models/tasks/seasonal_naive/univariate/current_velocity/5T/short/run_0/predictions.npz
    Computing per-window metrics...
    Saved metrics to /fslarge/scratch/users/h61084/codes/improved/outputs/foundation_models/tasks/seasonal_naive/univariate/current_velocity/5T/short/run_0/metrics.npz
    Saved config to /fslarge/scratch/users/h61084/codes/improved/outputs/foundation_models/tasks/seasonal_naive/univariate/current_velocity/5T/short/run_0/config.json
    Saved aggregate metrics to /fslarge/scratch/users/h61084/codes/improved/outputs/foundation_models/tasks/seasonal_naive/univariate/current_velocity/5T/short/run_0/metrics_summary.json
    Metrics summary (averaged over all series/windows/variates):
      MSE: 9.0463
      MAE: 1.0802
      RMSE: 1.2249
      MAPE: 0.9464
      sMAPE: 0.5009
      MASE: 0.9105
      ND: 0.5783
      CRPS: 0.4508
  Completed: 1 series x 120 windows
  Output: /fslarge/scratch/users/h61084/codes/improved/outputs/foundation_models/tasks/seasonal_naive/univariate/current_velocity/5T/short/run_0

--- Term: medium ---
  Config: prediction_length=288, test_length=4320, val_length=4320
TIME run allocation action=new run=/fslarge/scratch/users/h61084/codes/improved/outputs/foundation_models/tasks/seasonal_naive/univariate/current_velocity/5T/medium/run_0 launch_id=selena_20260907T230635Z_3389 slurm_job_id=3221289 launched_at=2026-09-07T23:08:03.465738+00:00
  Dataset info:
    - Frequency: 5T
    - Num series: 1
    - Target dim: 6
    - Target mode: univariate
    - Series length: min=26486, max=26486, avg=26486.0
    - Test split: 4320 steps
    - Prediction length: 288
    - Windows: 15
    - Season length: 288
    Total instances: 90, Series during experiment: 6, Windows: 15
    Collecting ground truth and context...
    Detected to_univariate case: 6 flat series -> 1 series x 6 variates
    Organizing data into arrays...
    Saved predictions (quantiles) to /fslarge/scratch/users/h61084/codes/improved/outputs/foundation_models/tasks/seasonal_naive/univariate/current_velocity/5T/medium/run_0/predictions.npz
    Computing per-window metrics...
    Saved metrics to /fslarge/scratch/users/h61084/codes/improved/outputs/foundation_models/tasks/seasonal_naive/univariate/current_velocity/5T/medium/run_0/metrics.npz
    Saved config to /fslarge/scratch/users/h61084/codes/improved/outputs/foundation_models/tasks/seasonal_naive/univariate/current_velocity/5T/medium/run_0/config.json
    Saved aggregate metrics to /fslarge/scratch/users/h61084/codes/improved/outputs/foundation_models/tasks/seasonal_naive/univariate/current_velocity/5T/medium/run_0/metrics_summary.json
    Metrics summary (averaged over all series/windows/variates):
      MSE: 9.0463
      MAE: 1.0802
      RMSE: 1.3148
      MAPE: 0.9445
      sMAPE: 0.5009
      MASE: 0.9107
      ND: 0.5016
      CRPS: 0.3945
  Completed: 1 series x 15 windows
  Output: /fslarge/scratch/users/h61084/codes/improved/outputs/foundation_models/tasks/seasonal_naive/univariate/current_velocity/5T/medium/run_0

--- Term: long ---
  Config: prediction_length=864, test_length=4320, val_length=4320
TIME run allocation action=new run=/fslarge/scratch/users/h61084/codes/improved/outputs/foundation_models/tasks/seasonal_naive/univariate/current_velocity/5T/long/run_0 launch_id=selena_20260907T230635Z_3389 slurm_job_id=3221289 launched_at=2026-09-07T23:08:04.497929+00:00
  Dataset info:
    - Frequency: 5T
    - Num series: 1
    - Target dim: 6
    - Target mode: univariate
    - Series length: min=26486, max=26486, avg=26486.0
    - Test split: 4320 steps
    - Prediction length: 864
    - Windows: 5
    - Season length: 288
    Total instances: 30, Series during experiment: 6, Windows: 5
    Collecting ground truth and context...
    Detected to_univariate case: 6 flat series -> 1 series x 6 variates
    Organizing data into arrays...
    Saved predictions (quantiles) to /fslarge/scratch/users/h61084/codes/improved/outputs/foundation_models/tasks/seasonal_naive/univariate/current_velocity/5T/long/run_0/predictions.npz
    Computing per-window metrics...
    Saved metrics to /fslarge/scratch/users/h61084/codes/improved/outputs/foundation_models/tasks/seasonal_naive/univariate/current_velocity/5T/long/run_0/metrics.npz
    Saved config to /fslarge/scratch/users/h61084/codes/improved/outputs/foundation_models/tasks/seasonal_naive/univariate/current_velocity/5T/long/run_0/config.json
    Saved aggregate metrics to /fslarge/scratch/users/h61084/codes/improved/outputs/foundation_models/tasks/seasonal_naive/univariate/current_velocity/5T/long/run_0/metrics_summary.json
    Metrics summary (averaged over all series/windows/variates):
      MSE: 8.8435
      MAE: 1.0888
      RMSE: 1.3505
      MAPE: 0.9926
      sMAPE: 0.5197
      MASE: 1.0927
      ND: 0.5122
      CRPS: 0.4209
  Completed: 1 series x 5 windows
  Output: /fslarge/scratch/users/h61084/codes/improved/outputs/foundation_models/tasks/seasonal_naive/univariate/current_velocity/5T/long/run_0

============================================================
All experiments completed!
Results saved to: /scratch/users/h61084/codes/improved/outputs/foundation_models/tasks
============================================================

############################################################
# All 1 dataset(s) completed!
############################################################

############################################################
# Dataset 1/1: current_velocity/10T
############################################################
Loading configuration...

============================================================
Model: Seasonal Naive
Dataset: current_velocity/10T
Terms: ['short', 'medium', 'long']
============================================================

--- Term: short ---
  Config: prediction_length=18, test_length=2160, val_length=2160
TIME run allocation action=new run=/fslarge/scratch/users/h61084/codes/improved/outputs/foundation_models/tasks/seasonal_naive/univariate/current_velocity/10T/short/run_0 launch_id=selena_20260907T230635Z_3389 slurm_job_id=3221289 launched_at=2026-09-07T23:08:08.550909+00:00
  Dataset info:
    - Frequency: 10T
    - Num series: 10
    - Target dim: 6
    - Target mode: univariate
    - Series length: min=7481, max=31957, avg=20668.5
    - Test split: 2160 steps
    - Prediction length: 18
    - Windows: 120
    - Season length: 144
    Total instances: 7200, Series during experiment: 60, Windows: 120
    Collecting ground truth and context...
    Detected to_univariate case: 60 flat series -> 10 series x 6 variates
    Organizing data into arrays...
    Saved predictions (quantiles) to /fslarge/scratch/users/h61084/codes/improved/outputs/foundation_models/tasks/seasonal_naive/univariate/current_velocity/10T/short/run_0/predictions.npz
    Computing per-window metrics...
    Saved metrics to /fslarge/scratch/users/h61084/codes/improved/outputs/foundation_models/tasks/seasonal_naive/univariate/current_velocity/10T/short/run_0/metrics.npz
    Saved config to /fslarge/scratch/users/h61084/codes/improved/outputs/foundation_models/tasks/seasonal_naive/univariate/current_velocity/10T/short/run_0/config.json
    Saved aggregate metrics to /fslarge/scratch/users/h61084/codes/improved/outputs/foundation_models/tasks/seasonal_naive/univariate/current_velocity/10T/short/run_0/metrics_summary.json
    Metrics summary (averaged over all series/windows/variates):
      MSE: 15.3100
      MAE: 1.1871
      RMSE: 1.4278
      MAPE: 5013.1441
      sMAPE: 0.5415
      MASE: 1.0426
      ND: 0.5565
      CRPS: 0.4421
  Completed: 10 series x 120 windows
  Output: /fslarge/scratch/users/h61084/codes/improved/outputs/foundation_models/tasks/seasonal_naive/univariate/current_velocity/10T/short/run_0

--- Term: medium ---
  Config: prediction_length=144, test_length=2160, val_length=2160
TIME run allocation action=new run=/fslarge/scratch/users/h61084/codes/improved/outputs/foundation_models/tasks/seasonal_naive/univariate/current_velocity/10T/medium/run_0 launch_id=selena_20260907T230635Z_3389 slurm_job_id=3221289 launched_at=2026-09-07T23:08:44.162125+00:00
  Dataset info:
    - Frequency: 10T
    - Num series: 10
    - Target dim: 6
    - Target mode: univariate
    - Series length: min=7481, max=31957, avg=20668.5
    - Test split: 2160 steps
    - Prediction length: 144
    - Windows: 15
    - Season length: 144
    Total instances: 900, Series during experiment: 60, Windows: 15
    Collecting ground truth and context...
    Detected to_univariate case: 60 flat series -> 10 series x 6 variates
    Organizing data into arrays...
    Saved predictions (quantiles) to /fslarge/scratch/users/h61084/codes/improved/outputs/foundation_models/tasks/seasonal_naive/univariate/current_velocity/10T/medium/run_0/predictions.npz
    Computing per-window metrics...
    Saved metrics to /fslarge/scratch/users/h61084/codes/improved/outputs/foundation_models/tasks/seasonal_naive/univariate/current_velocity/10T/medium/run_0/metrics.npz
    Saved config to /fslarge/scratch/users/h61084/codes/improved/outputs/foundation_models/tasks/seasonal_naive/univariate/current_velocity/10T/medium/run_0/config.json
    Saved aggregate metrics to /fslarge/scratch/users/h61084/codes/improved/outputs/foundation_models/tasks/seasonal_naive/univariate/current_velocity/10T/medium/run_0/metrics_summary.json
    Metrics summary (averaged over all series/windows/variates):
      MSE: 15.3119
      MAE: 1.1872
      RMSE: 1.5532
      MAPE: 4987.4242
      sMAPE: 0.5415
      MASE: 1.0437
      ND: 0.4787
      CRPS: 0.3791
  Completed: 10 series x 15 windows
  Output: /fslarge/scratch/users/h61084/codes/improved/outputs/foundation_models/tasks/seasonal_naive/univariate/current_velocity/10T/medium/run_0

--- Term: long ---
  Config: prediction_length=432, test_length=2160, val_length=2160
TIME run allocation action=new run=/fslarge/scratch/users/h61084/codes/improved/outputs/foundation_models/tasks/seasonal_naive/univariate/current_velocity/10T/long/run_0 launch_id=selena_20260907T230635Z_3389 slurm_job_id=3221289 launched_at=2026-09-07T23:08:50.590000+00:00
  Dataset info:
    - Frequency: 10T
    - Num series: 10
    - Target dim: 6
    - Target mode: univariate
    - Series length: min=7481, max=31957, avg=20668.5
    - Test split: 2160 steps
    - Prediction length: 432
    - Windows: 5
    - Season length: 144
    Total instances: 300, Series during experiment: 60, Windows: 5
    Collecting ground truth and context...
    Detected to_univariate case: 60 flat series -> 10 series x 6 variates
    Organizing data into arrays...
    Saved predictions (quantiles) to /fslarge/scratch/users/h61084/codes/improved/outputs/foundation_models/tasks/seasonal_naive/univariate/current_velocity/10T/long/run_0/predictions.npz
    Computing per-window metrics...
    Saved metrics to /fslarge/scratch/users/h61084/codes/improved/outputs/foundation_models/tasks/seasonal_naive/univariate/current_velocity/10T/long/run_0/metrics.npz
    Saved config to /fslarge/scratch/users/h61084/codes/improved/outputs/foundation_models/tasks/seasonal_naive/univariate/current_velocity/10T/long/run_0/config.json
    Saved aggregate metrics to /fslarge/scratch/users/h61084/codes/improved/outputs/foundation_models/tasks/seasonal_naive/univariate/current_velocity/10T/long/run_0/metrics_summary.json
    Metrics summary (averaged over all series/windows/variates):
      MSE: 19.5433
      MAE: 1.4286
      RMSE: 1.8445
      MAPE: 5545.1652
      sMAPE: 0.6133
      MASE: 1.4375
      ND: 0.5575
      CRPS: 0.4492
  Completed: 10 series x 5 windows
  Output: /fslarge/scratch/users/h61084/codes/improved/outputs/foundation_models/tasks/seasonal_naive/univariate/current_velocity/10T/long/run_0

============================================================
All experiments completed!
Results saved to: /scratch/users/h61084/codes/improved/outputs/foundation_models/tasks
============================================================

############################################################
# All 1 dataset(s) completed!
############################################################

############################################################
# Dataset 1/1: current_velocity/15T
############################################################
Loading configuration...

============================================================
Model: Seasonal Naive
Dataset: current_velocity/15T
Terms: ['short', 'medium', 'long']
============================================================

--- Term: short ---
  Config: prediction_length=12, test_length=1440, val_length=1440
TIME run allocation action=new run=/fslarge/scratch/users/h61084/codes/improved/outputs/foundation_models/tasks/seasonal_naive/univariate/current_velocity/15T/short/run_0 launch_id=selena_20260907T230635Z_3389 slurm_job_id=3221289 launched_at=2026-09-07T23:08:58.077874+00:00
  Dataset info:
    - Frequency: 15T
    - Num series: 5
    - Target dim: 6
    - Target mode: univariate
    - Series length: min=3710, max=17953, avg=8503.2
    - Test split: 1440 steps
    - Prediction length: 12
    - Windows: 120
    - Season length: 96
    Total instances: 3600, Series during experiment: 30, Windows: 120
    Collecting ground truth and context...
    Detected to_univariate case: 30 flat series -> 5 series x 6 variates
    Organizing data into arrays...
    Saved predictions (quantiles) to /fslarge/scratch/users/h61084/codes/improved/outputs/foundation_models/tasks/seasonal_naive/univariate/current_velocity/15T/short/run_0/predictions.npz
    Computing per-window metrics...
    Saved metrics to /fslarge/scratch/users/h61084/codes/improved/outputs/foundation_models/tasks/seasonal_naive/univariate/current_velocity/15T/short/run_0/metrics.npz
    Saved config to /fslarge/scratch/users/h61084/codes/improved/outputs/foundation_models/tasks/seasonal_naive/univariate/current_velocity/15T/short/run_0/config.json
    Saved aggregate metrics to /fslarge/scratch/users/h61084/codes/improved/outputs/foundation_models/tasks/seasonal_naive/univariate/current_velocity/15T/short/run_0/metrics_summary.json
    Metrics summary (averaged over all series/windows/variates):
      MSE: 14.5912
      MAE: 1.2321
      RMSE: 1.4516
      MAPE: 193497.0338
      sMAPE: 0.6265
      MASE: 0.9914
      ND: 0.6825
      CRPS: 0.5372
  Completed: 5 series x 120 windows
  Output: /fslarge/scratch/users/h61084/codes/improved/outputs/foundation_models/tasks/seasonal_naive/univariate/current_velocity/15T/short/run_0

--- Term: medium ---
  Config: prediction_length=96, test_length=1440, val_length=1440
TIME run allocation action=new run=/fslarge/scratch/users/h61084/codes/improved/outputs/foundation_models/tasks/seasonal_naive/univariate/current_velocity/15T/medium/run_0 launch_id=selena_20260907T230635Z_3389 slurm_job_id=3221289 launched_at=2026-09-07T23:09:14.040077+00:00
  Dataset info:
    - Frequency: 15T
    - Num series: 5
    - Target dim: 6
    - Target mode: univariate
    - Series length: min=3710, max=17953, avg=8503.2
    - Test split: 1440 steps
    - Prediction length: 96
    - Windows: 15
    - Season length: 96
    Total instances: 450, Series during experiment: 30, Windows: 15
    Collecting ground truth and context...
    Detected to_univariate case: 30 flat series -> 5 series x 6 variates
    Organizing data into arrays...
    Saved predictions (quantiles) to /fslarge/scratch/users/h61084/codes/improved/outputs/foundation_models/tasks/seasonal_naive/univariate/current_velocity/15T/medium/run_0/predictions.npz
    Computing per-window metrics...
    Saved metrics to /fslarge/scratch/users/h61084/codes/improved/outputs/foundation_models/tasks/seasonal_naive/univariate/current_velocity/15T/medium/run_0/metrics.npz
    Saved config to /fslarge/scratch/users/h61084/codes/improved/outputs/foundation_models/tasks/seasonal_naive/univariate/current_velocity/15T/medium/run_0/config.json
    Saved aggregate metrics to /fslarge/scratch/users/h61084/codes/improved/outputs/foundation_models/tasks/seasonal_naive/univariate/current_velocity/15T/medium/run_0/metrics_summary.json
    Metrics summary (averaged over all series/windows/variates):
      MSE: 14.5912
      MAE: 1.2321
      RMSE: 1.5568
      MAPE: 193327.5203
      sMAPE: 0.6264
      MASE: 0.9924
      ND: 0.6025
      CRPS: 0.4743
  Completed: 5 series x 15 windows
  Output: /fslarge/scratch/users/h61084/codes/improved/outputs/foundation_models/tasks/seasonal_naive/univariate/current_velocity/15T/medium/run_0

--- Term: long ---
  Config: prediction_length=288, test_length=1440, val_length=1440
TIME run allocation action=new run=/fslarge/scratch/users/h61084/codes/improved/outputs/foundation_models/tasks/seasonal_naive/univariate/current_velocity/15T/long/run_0 launch_id=selena_20260907T230635Z_3389 slurm_job_id=3221289 launched_at=2026-09-07T23:09:16.621224+00:00
  Dataset info:
    - Frequency: 15T
    - Num series: 5
    - Target dim: 6
    - Target mode: univariate
    - Series length: min=3710, max=17953, avg=8503.2
    - Test split: 1440 steps
    - Prediction length: 288
    - Windows: 5
    - Season length: 96
    Total instances: 150, Series during experiment: 30, Windows: 5
    Collecting ground truth and context...
    Detected to_univariate case: 30 flat series -> 5 series x 6 variates
    Organizing data into arrays...
    Saved predictions (quantiles) to /fslarge/scratch/users/h61084/codes/improved/outputs/foundation_models/tasks/seasonal_naive/univariate/current_velocity/15T/long/run_0/predictions.npz
    Computing per-window metrics...
    Saved metrics to /fslarge/scratch/users/h61084/codes/improved/outputs/foundation_models/tasks/seasonal_naive/univariate/current_velocity/15T/long/run_0/metrics.npz
    Saved config to /fslarge/scratch/users/h61084/codes/improved/outputs/foundation_models/tasks/seasonal_naive/univariate/current_velocity/15T/long/run_0/config.json
    Saved aggregate metrics to /fslarge/scratch/users/h61084/codes/improved/outputs/foundation_models/tasks/seasonal_naive/univariate/current_velocity/15T/long/run_0/metrics_summary.json
    Metrics summary (averaged over all series/windows/variates):
      MSE: 15.5399
      MAE: 1.2977
      RMSE: 1.6448
      MAPE: 120667.5462
      sMAPE: 0.6398
      MASE: 1.1286
      ND: 0.6011
      CRPS: 0.4905
  Completed: 5 series x 5 windows
  Output: /fslarge/scratch/users/h61084/codes/improved/outputs/foundation_models/tasks/seasonal_naive/univariate/current_velocity/15T/long/run_0

============================================================
All experiments completed!
Results saved to: /scratch/users/h61084/codes/improved/outputs/foundation_models/tasks
============================================================

############################################################
# All 1 dataset(s) completed!
############################################################

############################################################
# Dataset 1/1: current_velocity/20T
############################################################
Loading configuration...

============================================================
Model: Seasonal Naive
Dataset: current_velocity/20T
Terms: ['short', 'medium', 'long']
============================================================

--- Term: short ---
  Config: prediction_length=9, test_length=1080, val_length=1080
TIME run allocation action=new run=/fslarge/scratch/users/h61084/codes/improved/outputs/foundation_models/tasks/seasonal_naive/univariate/current_velocity/20T/short/run_0 launch_id=selena_20260907T230635Z_3389 slurm_job_id=3221289 launched_at=2026-09-07T23:09:21.225049+00:00
  Dataset info:
    - Frequency: 20T
    - Num series: 27
    - Target dim: 6
    - Target mode: univariate
    - Series length: min=2529, max=16759, avg=6460.2
    - Test split: 1080 steps
    - Prediction length: 9
    - Windows: 120
    - Season length: 72
    Total instances: 19440, Series during experiment: 162, Windows: 120
    Collecting ground truth and context...
    Detected to_univariate case: 162 flat series -> 27 series x 6 variates
    Organizing data into arrays...
    Saved predictions (quantiles) to /fslarge/scratch/users/h61084/codes/improved/outputs/foundation_models/tasks/seasonal_naive/univariate/current_velocity/20T/short/run_0/predictions.npz
    Computing per-window metrics...
    Saved metrics to /fslarge/scratch/users/h61084/codes/improved/outputs/foundation_models/tasks/seasonal_naive/univariate/current_velocity/20T/short/run_0/metrics.npz
    Saved config to /fslarge/scratch/users/h61084/codes/improved/outputs/foundation_models/tasks/seasonal_naive/univariate/current_velocity/20T/short/run_0/config.json
    Saved aggregate metrics to /fslarge/scratch/users/h61084/codes/improved/outputs/foundation_models/tasks/seasonal_naive/univariate/current_velocity/20T/short/run_0/metrics_summary.json
    Metrics summary (averaged over all series/windows/variates):
      MSE: 11.1701
      MAE: 1.0746
      RMSE: 1.2139
      MAPE: 1.7963
      sMAPE: 0.5697
      MASE: 1.0157
      ND: 0.6662
      CRPS: 0.5319
  Completed: 27 series x 120 windows
  Output: /fslarge/scratch/users/h61084/codes/improved/outputs/foundation_models/tasks/seasonal_naive/univariate/current_velocity/20T/short/run_0

--- Term: medium ---
  Config: prediction_length=72, test_length=1080, val_length=1080
TIME run allocation action=new run=/fslarge/scratch/users/h61084/codes/improved/outputs/foundation_models/tasks/seasonal_naive/univariate/current_velocity/20T/medium/run_0 launch_id=selena_20260907T230635Z_3389 slurm_job_id=3221289 launched_at=2026-09-07T23:10:32.058691+00:00
  Dataset info:
    - Frequency: 20T
    - Num series: 27
    - Target dim: 6
    - Target mode: univariate
    - Series length: min=2529, max=16759, avg=6460.2
    - Test split: 1080 steps
    - Prediction length: 72
    - Windows: 15
    - Season length: 72
    Total instances: 2430, Series during experiment: 162, Windows: 15
    Collecting ground truth and context...
    Detected to_univariate case: 162 flat series -> 27 series x 6 variates
    Organizing data into arrays...
    Saved predictions (quantiles) to /fslarge/scratch/users/h61084/codes/improved/outputs/foundation_models/tasks/seasonal_naive/univariate/current_velocity/20T/medium/run_0/predictions.npz
    Computing per-window metrics...
    Saved metrics to /fslarge/scratch/users/h61084/codes/improved/outputs/foundation_models/tasks/seasonal_naive/univariate/current_velocity/20T/medium/run_0/metrics.npz
    Saved config to /fslarge/scratch/users/h61084/codes/improved/outputs/foundation_models/tasks/seasonal_naive/univariate/current_velocity/20T/medium/run_0/config.json
    Saved aggregate metrics to /fslarge/scratch/users/h61084/codes/improved/outputs/foundation_models/tasks/seasonal_naive/univariate/current_velocity/20T/medium/run_0/metrics_summary.json
    Metrics summary (averaged over all series/windows/variates):
      MSE: 11.1701
      MAE: 1.0746
      RMSE: 1.3315
      MAPE: 1.7955
      sMAPE: 0.5696
      MASE: 1.0179
      ND: 0.5328
      CRPS: 0.4252
  Completed: 27 series x 15 windows
  Output: /fslarge/scratch/users/h61084/codes/improved/outputs/foundation_models/tasks/seasonal_naive/univariate/current_velocity/20T/medium/run_0

--- Term: long ---
  Config: prediction_length=216, test_length=1080, val_length=1080
TIME run allocation action=new run=/fslarge/scratch/users/h61084/codes/improved/outputs/foundation_models/tasks/seasonal_naive/univariate/current_velocity/20T/long/run_0 launch_id=selena_20260907T230635Z_3389 slurm_job_id=3221289 launched_at=2026-09-07T23:10:43.604826+00:00
  Dataset info:
    - Frequency: 20T
    - Num series: 27
    - Target dim: 6
    - Target mode: univariate
    - Series length: min=2529, max=16759, avg=6460.2
    - Test split: 1080 steps
    - Prediction length: 216
    - Windows: 5
    - Season length: 72
    Total instances: 810, Series during experiment: 162, Windows: 5
    Collecting ground truth and context...
    Detected to_univariate case: 162 flat series -> 27 series x 6 variates
    Organizing data into arrays...
    Saved predictions (quantiles) to /fslarge/scratch/users/h61084/codes/improved/outputs/foundation_models/tasks/seasonal_naive/univariate/current_velocity/20T/long/run_0/predictions.npz
    Computing per-window metrics...
    Saved metrics to /fslarge/scratch/users/h61084/codes/improved/outputs/foundation_models/tasks/seasonal_naive/univariate/current_velocity/20T/long/run_0/metrics.npz
    Saved config to /fslarge/scratch/users/h61084/codes/improved/outputs/foundation_models/tasks/seasonal_naive/univariate/current_velocity/20T/long/run_0/config.json
    Saved aggregate metrics to /fslarge/scratch/users/h61084/codes/improved/outputs/foundation_models/tasks/seasonal_naive/univariate/current_velocity/20T/long/run_0/metrics_summary.json
    Metrics summary (averaged over all series/windows/variates):
      MSE: 13.0693
      MAE: 1.2043
      RMSE: 1.5124
      MAPE: 2.2600
      sMAPE: 0.6366
      MASE: 1.3237
      ND: 0.6029
      CRPS: 0.4868
  Completed: 27 series x 5 windows
  Output: /fslarge/scratch/users/h61084/codes/improved/outputs/foundation_models/tasks/seasonal_naive/univariate/current_velocity/20T/long/run_0

============================================================
All experiments completed!
Results saved to: /scratch/users/h61084/codes/improved/outputs/foundation_models/tasks
============================================================

############################################################
# All 1 dataset(s) completed!
############################################################

############################################################
# Dataset 1/1: current_velocity/H
############################################################
Loading configuration...

============================================================
Model: Seasonal Naive
Dataset: current_velocity/H
Terms: ['short', 'medium', 'long']
============================================================

--- Term: short ---
  Config: prediction_length=24, test_length=672, val_length=672
TIME run allocation action=new run=/fslarge/scratch/users/h61084/codes/improved/outputs/foundation_models/tasks/seasonal_naive/univariate/current_velocity/H/short/run_0 launch_id=selena_20260907T230635Z_3389 slurm_job_id=3221289 launched_at=2026-09-07T23:10:54.138966+00:00
  Dataset info:
    - Frequency: H
    - Num series: 21
    - Target dim: 6
    - Target mode: univariate
    - Series length: min=2208, max=5587, avg=3502.3
    - Test split: 672 steps
    - Prediction length: 24
    - Windows: 28
    - Season length: 24
    Total instances: 3528, Series during experiment: 126, Windows: 28
    Collecting ground truth and context...
    Detected to_univariate case: 126 flat series -> 21 series x 6 variates
    Organizing data into arrays...
    Saved predictions (quantiles) to /fslarge/scratch/users/h61084/codes/improved/outputs/foundation_models/tasks/seasonal_naive/univariate/current_velocity/H/short/run_0/predictions.npz
    Computing per-window metrics...
    Saved metrics to /fslarge/scratch/users/h61084/codes/improved/outputs/foundation_models/tasks/seasonal_naive/univariate/current_velocity/H/short/run_0/metrics.npz
    Saved config to /fslarge/scratch/users/h61084/codes/improved/outputs/foundation_models/tasks/seasonal_naive/univariate/current_velocity/H/short/run_0/config.json
    Saved aggregate metrics to /fslarge/scratch/users/h61084/codes/improved/outputs/foundation_models/tasks/seasonal_naive/univariate/current_velocity/H/short/run_0/metrics_summary.json
    Metrics summary (averaged over all series/windows/variates):
      MSE: 10.2343
      MAE: 1.0301
      RMSE: 1.2777
      MAPE: 4333211585385.3604
      sMAPE: 0.5183
      MASE: 1.0338
      ND: 0.4707
      CRPS: 0.3755
  Completed: 21 series x 28 windows
  Output: /fslarge/scratch/users/h61084/codes/improved/outputs/foundation_models/tasks/seasonal_naive/univariate/current_velocity/H/short/run_0

--- Term: medium ---
  Config: prediction_length=168, test_length=672, val_length=672
TIME run allocation action=new run=/fslarge/scratch/users/h61084/codes/improved/outputs/foundation_models/tasks/seasonal_naive/univariate/current_velocity/H/medium/run_0 launch_id=selena_20260907T230635Z_3389 slurm_job_id=3221289 launched_at=2026-09-07T23:11:09.478549+00:00
  Dataset info:
    - Frequency: H
    - Num series: 21
    - Target dim: 6
    - Target mode: univariate
    - Series length: min=2208, max=5587, avg=3502.3
    - Test split: 672 steps
    - Prediction length: 168
    - Windows: 4
    - Season length: 24
    Total instances: 504, Series during experiment: 126, Windows: 4
    Collecting ground truth and context...
    Detected to_univariate case: 126 flat series -> 21 series x 6 variates
    Organizing data into arrays...
    Saved predictions (quantiles) to /fslarge/scratch/users/h61084/codes/improved/outputs/foundation_models/tasks/seasonal_naive/univariate/current_velocity/H/medium/run_0/predictions.npz
    Computing per-window metrics...
    Saved metrics to /fslarge/scratch/users/h61084/codes/improved/outputs/foundation_models/tasks/seasonal_naive/univariate/current_velocity/H/medium/run_0/metrics.npz
    Saved config to /fslarge/scratch/users/h61084/codes/improved/outputs/foundation_models/tasks/seasonal_naive/univariate/current_velocity/H/medium/run_0/config.json
    Saved aggregate metrics to /fslarge/scratch/users/h61084/codes/improved/outputs/foundation_models/tasks/seasonal_naive/univariate/current_velocity/H/medium/run_0/metrics_summary.json
    Metrics summary (averaged over all series/windows/variates):
      MSE: 19.4527
      MAE: 1.4810
      RMSE: 1.8565
      MAPE: 4151891140728.1421
      sMAPE: 0.6663
      MASE: 1.8437
      ND: 0.6183
      CRPS: 0.5187
  Completed: 21 series x 4 windows
  Output: /fslarge/scratch/users/h61084/codes/improved/outputs/foundation_models/tasks/seasonal_naive/univariate/current_velocity/H/medium/run_0

--- Term: long ---
  Config: prediction_length=336, test_length=672, val_length=672
TIME run allocation action=new run=/fslarge/scratch/users/h61084/codes/improved/outputs/foundation_models/tasks/seasonal_naive/univariate/current_velocity/H/long/run_0 launch_id=selena_20260907T230635Z_3389 slurm_job_id=3221289 launched_at=2026-09-07T23:11:12.772489+00:00
  Dataset info:
    - Frequency: H
    - Num series: 21
    - Target dim: 6
    - Target mode: univariate
    - Series length: min=2208, max=5587, avg=3502.3
    - Test split: 672 steps
    - Prediction length: 336
    - Windows: 2
    - Season length: 24
    Total instances: 252, Series during experiment: 126, Windows: 2
    Collecting ground truth and context...
    Detected to_univariate case: 126 flat series -> 21 series x 6 variates
    Organizing data into arrays...
    Saved predictions (quantiles) to /fslarge/scratch/users/h61084/codes/improved/outputs/foundation_models/tasks/seasonal_naive/univariate/current_velocity/H/long/run_0/predictions.npz
    Computing per-window metrics...
    Saved metrics to /fslarge/scratch/users/h61084/codes/improved/outputs/foundation_models/tasks/seasonal_naive/univariate/current_velocity/H/long/run_0/metrics.npz
    Saved config to /fslarge/scratch/users/h61084/codes/improved/outputs/foundation_models/tasks/seasonal_naive/univariate/current_velocity/H/long/run_0/config.json
    Saved aggregate metrics to /fslarge/scratch/users/h61084/codes/improved/outputs/foundation_models/tasks/seasonal_naive/univariate/current_velocity/H/long/run_0/metrics_summary.json
    Metrics summary (averaged over all series/windows/variates):
      MSE: 22.5257
      MAE: 1.5682
      RMSE: 1.9732
      MAPE: 4346818060690.5068
      sMAPE: 0.6808
      MASE: 1.9781
      ND: 0.6084
      CRPS: 0.5708
  Completed: 21 series x 2 windows
  Output: /fslarge/scratch/users/h61084/codes/improved/outputs/foundation_models/tasks/seasonal_naive/univariate/current_velocity/H/long/run_0

============================================================
All experiments completed!
Results saved to: /scratch/users/h61084/codes/improved/outputs/foundation_models/tasks
============================================================

############################################################
# All 1 dataset(s) completed!
############################################################

############################################################
# Dataset 1/1: CPHL/15T
############################################################
Loading configuration...

============================================================
Model: Seasonal Naive
Dataset: CPHL/15T
Terms: ['short', 'medium', 'long']
============================================================

--- Term: short ---
  Config: prediction_length=12, test_length=1440, val_length=1440
TIME run allocation action=new run=/fslarge/scratch/users/h61084/codes/improved/outputs/foundation_models/tasks/seasonal_naive/univariate/CPHL/15T/short/run_0 launch_id=selena_20260907T230635Z_3389 slurm_job_id=3221289 launched_at=2026-09-07T23:11:18.357166+00:00
  Dataset info:
    - Frequency: 15T
    - Num series: 2
    - Target dim: 1
    - Target mode: univariate
    - Series length: min=9956, max=10831, avg=10393.5
    - Test split: 1440 steps
    - Prediction length: 12
    - Windows: 120
    - Season length: 96
    Total instances: 240, Series during experiment: 2, Windows: 120
    Collecting ground truth and context...
    Organizing data into arrays...
    Saved predictions (quantiles) to /fslarge/scratch/users/h61084/codes/improved/outputs/foundation_models/tasks/seasonal_naive/univariate/CPHL/15T/short/run_0/predictions.npz
    Computing per-window metrics...
    Saved metrics to /fslarge/scratch/users/h61084/codes/improved/outputs/foundation_models/tasks/seasonal_naive/univariate/CPHL/15T/short/run_0/metrics.npz
    Saved config to /fslarge/scratch/users/h61084/codes/improved/outputs/foundation_models/tasks/seasonal_naive/univariate/CPHL/15T/short/run_0/config.json
    Saved aggregate metrics to /fslarge/scratch/users/h61084/codes/improved/outputs/foundation_models/tasks/seasonal_naive/univariate/CPHL/15T/short/run_0/metrics_summary.json
    Metrics summary (averaged over all series/windows/variates):
      MSE: 0.1706
      MAE: 0.2767
      RMSE: 0.3092
      MAPE: 0.4541
      sMAPE: 0.3725
      MASE: 1.3687
      ND: 0.4340
      CRPS: 0.3520
  Completed: 2 series x 120 windows
  Output: /fslarge/scratch/users/h61084/codes/improved/outputs/foundation_models/tasks/seasonal_naive/univariate/CPHL/15T/short/run_0

--- Term: medium ---
  Config: prediction_length=96, test_length=1440, val_length=1440
TIME run allocation action=new run=/fslarge/scratch/users/h61084/codes/improved/outputs/foundation_models/tasks/seasonal_naive/univariate/CPHL/15T/medium/run_0 launch_id=selena_20260907T230635Z_3389 slurm_job_id=3221289 launched_at=2026-09-07T23:11:21.416326+00:00
  Dataset info:
    - Frequency: 15T
    - Num series: 2
    - Target dim: 1
    - Target mode: univariate
    - Series length: min=9956, max=10831, avg=10393.5
    - Test split: 1440 steps
    - Prediction length: 96
    - Windows: 15
    - Season length: 96
    Total instances: 30, Series during experiment: 2, Windows: 15
    Collecting ground truth and context...
    Organizing data into arrays...
    Saved predictions (quantiles) to /fslarge/scratch/users/h61084/codes/improved/outputs/foundation_models/tasks/seasonal_naive/univariate/CPHL/15T/medium/run_0/predictions.npz
    Computing per-window metrics...
    Saved metrics to /fslarge/scratch/users/h61084/codes/improved/outputs/foundation_models/tasks/seasonal_naive/univariate/CPHL/15T/medium/run_0/metrics.npz
    Saved config to /fslarge/scratch/users/h61084/codes/improved/outputs/foundation_models/tasks/seasonal_naive/univariate/CPHL/15T/medium/run_0/config.json
    Saved aggregate metrics to /fslarge/scratch/users/h61084/codes/improved/outputs/foundation_models/tasks/seasonal_naive/univariate/CPHL/15T/medium/run_0/metrics_summary.json
    Metrics summary (averaged over all series/windows/variates):
      MSE: 0.1707
      MAE: 0.2766
      RMSE: 0.3405
      MAPE: 0.4540
      sMAPE: 0.3724
      MASE: 1.3728
      ND: 0.3809
      CRPS: 0.3075
  Completed: 2 series x 15 windows
  Output: /fslarge/scratch/users/h61084/codes/improved/outputs/foundation_models/tasks/seasonal_naive/univariate/CPHL/15T/medium/run_0

--- Term: long ---
  Config: prediction_length=288, test_length=1440, val_length=1440
TIME run allocation action=new run=/fslarge/scratch/users/h61084/codes/improved/outputs/foundation_models/tasks/seasonal_naive/univariate/CPHL/15T/long/run_0 launch_id=selena_20260907T230635Z_3389 slurm_job_id=3221289 launched_at=2026-09-07T23:11:21.601905+00:00
  Dataset info:
    - Frequency: 15T
    - Num series: 2
    - Target dim: 1
    - Target mode: univariate
    - Series length: min=9956, max=10831, avg=10393.5
    - Test split: 1440 steps
    - Prediction length: 288
    - Windows: 5
    - Season length: 96
    Total instances: 10, Series during experiment: 2, Windows: 5
    Collecting ground truth and context...
    Organizing data into arrays...
    Saved predictions (quantiles) to /fslarge/scratch/users/h61084/codes/improved/outputs/foundation_models/tasks/seasonal_naive/univariate/CPHL/15T/long/run_0/predictions.npz
    Computing per-window metrics...
    Saved metrics to /fslarge/scratch/users/h61084/codes/improved/outputs/foundation_models/tasks/seasonal_naive/univariate/CPHL/15T/long/run_0/metrics.npz
    Saved config to /fslarge/scratch/users/h61084/codes/improved/outputs/foundation_models/tasks/seasonal_naive/univariate/CPHL/15T/long/run_0/config.json
    Saved aggregate metrics to /fslarge/scratch/users/h61084/codes/improved/outputs/foundation_models/tasks/seasonal_naive/univariate/CPHL/15T/long/run_0/metrics_summary.json
    Metrics summary (averaged over all series/windows/variates):
      MSE: 0.2291
      MAE: 0.3138
      RMSE: 0.3870
      MAPE: 0.5125
      sMAPE: 0.3833
      MASE: 1.5567
      ND: 0.4181
      CRPS: 0.3459
  Completed: 2 series x 5 windows
  Output: /fslarge/scratch/users/h61084/codes/improved/outputs/foundation_models/tasks/seasonal_naive/univariate/CPHL/15T/long/run_0

============================================================
All experiments completed!
Results saved to: /scratch/users/h61084/codes/improved/outputs/foundation_models/tasks
============================================================

############################################################
# All 1 dataset(s) completed!
############################################################

############################################################
# Dataset 1/1: CPHL/30T
############################################################
Loading configuration...

============================================================
Model: Seasonal Naive
Dataset: CPHL/30T
Terms: ['short', 'medium', 'long']
============================================================

--- Term: short ---
  Config: prediction_length=12, test_length=1440, val_length=1440
TIME run allocation action=new run=/fslarge/scratch/users/h61084/codes/improved/outputs/foundation_models/tasks/seasonal_naive/univariate/CPHL/30T/short/run_0 launch_id=selena_20260907T230635Z_3389 slurm_job_id=3221289 launched_at=2026-09-07T23:11:24.881198+00:00
  Dataset info:
    - Frequency: 30T
    - Num series: 2
    - Target dim: 1
    - Target mode: univariate
    - Series length: min=11808, max=17566, avg=14687.0
    - Test split: 1440 steps
    - Prediction length: 12
    - Windows: 120
    - Season length: 48
    Total instances: 240, Series during experiment: 2, Windows: 120
    Collecting ground truth and context...
    Organizing data into arrays...
    Saved predictions (quantiles) to /fslarge/scratch/users/h61084/codes/improved/outputs/foundation_models/tasks/seasonal_naive/univariate/CPHL/30T/short/run_0/predictions.npz
    Computing per-window metrics...
    Saved metrics to /fslarge/scratch/users/h61084/codes/improved/outputs/foundation_models/tasks/seasonal_naive/univariate/CPHL/30T/short/run_0/metrics.npz
    Saved config to /fslarge/scratch/users/h61084/codes/improved/outputs/foundation_models/tasks/seasonal_naive/univariate/CPHL/30T/short/run_0/config.json
    Saved aggregate metrics to /fslarge/scratch/users/h61084/codes/improved/outputs/foundation_models/tasks/seasonal_naive/univariate/CPHL/30T/short/run_0/metrics_summary.json
    Metrics summary (averaged over all series/windows/variates):
      MSE: 1.2685
      MAE: 0.6503
      RMSE: 0.7859
      MAPE: 0.5893
      sMAPE: 0.4079
      MASE: 1.9158
      ND: 0.4355
      CRPS: 0.3559
  Completed: 2 series x 120 windows
  Output: /fslarge/scratch/users/h61084/codes/improved/outputs/foundation_models/tasks/seasonal_naive/univariate/CPHL/30T/short/run_0

--- Term: medium ---
  Config: prediction_length=48, test_length=1440, val_length=1440
TIME run allocation action=new run=/fslarge/scratch/users/h61084/codes/improved/outputs/foundation_models/tasks/seasonal_naive/univariate/CPHL/30T/medium/run_0 launch_id=selena_20260907T230635Z_3389 slurm_job_id=3221289 launched_at=2026-09-07T23:11:28.010598+00:00
  Dataset info:
    - Frequency: 30T
    - Num series: 2
    - Target dim: 1
    - Target mode: univariate
    - Series length: min=11808, max=17566, avg=14687.0
    - Test split: 1440 steps
    - Prediction length: 48
    - Windows: 30
    - Season length: 48
    Total instances: 60, Series during experiment: 2, Windows: 30
    Collecting ground truth and context...
    Organizing data into arrays...
    Saved predictions (quantiles) to /fslarge/scratch/users/h61084/codes/improved/outputs/foundation_models/tasks/seasonal_naive/univariate/CPHL/30T/medium/run_0/predictions.npz
    Computing per-window metrics...
    Saved metrics to /fslarge/scratch/users/h61084/codes/improved/outputs/foundation_models/tasks/seasonal_naive/univariate/CPHL/30T/medium/run_0/metrics.npz
    Saved config to /fslarge/scratch/users/h61084/codes/improved/outputs/foundation_models/tasks/seasonal_naive/univariate/CPHL/30T/medium/run_0/config.json
    Saved aggregate metrics to /fslarge/scratch/users/h61084/codes/improved/outputs/foundation_models/tasks/seasonal_naive/univariate/CPHL/30T/medium/run_0/metrics_summary.json
    Metrics summary (averaged over all series/windows/variates):
      MSE: 1.2144
      MAE: 0.6390
      RMSE: 0.7936
      MAPE: 0.5951
      sMAPE: 0.4047
      MASE: 1.8933
      ND: 0.4197
      CRPS: 0.3430
  Completed: 2 series x 30 windows
  Output: /fslarge/scratch/users/h61084/codes/improved/outputs/foundation_models/tasks/seasonal_naive/univariate/CPHL/30T/medium/run_0

--- Term: long ---
  Config: prediction_length=144, test_length=1440, val_length=1440
TIME run allocation action=new run=/fslarge/scratch/users/h61084/codes/improved/outputs/foundation_models/tasks/seasonal_naive/univariate/CPHL/30T/long/run_0 launch_id=selena_20260907T230635Z_3389 slurm_job_id=3221289 launched_at=2026-09-07T23:11:28.321573+00:00
  Dataset info:
    - Frequency: 30T
    - Num series: 2
    - Target dim: 1
    - Target mode: univariate
    - Series length: min=11808, max=17566, avg=14687.0
    - Test split: 1440 steps
    - Prediction length: 144
    - Windows: 10
    - Season length: 48
    Total instances: 20, Series during experiment: 2, Windows: 10
    Collecting ground truth and context...
    Organizing data into arrays...
    Saved predictions (quantiles) to /fslarge/scratch/users/h61084/codes/improved/outputs/foundation_models/tasks/seasonal_naive/univariate/CPHL/30T/long/run_0/predictions.npz
    Computing per-window metrics...
    Saved metrics to /fslarge/scratch/users/h61084/codes/improved/outputs/foundation_models/tasks/seasonal_naive/univariate/CPHL/30T/long/run_0/metrics.npz
    Saved config to /fslarge/scratch/users/h61084/codes/improved/outputs/foundation_models/tasks/seasonal_naive/univariate/CPHL/30T/long/run_0/config.json
    Saved aggregate metrics to /fslarge/scratch/users/h61084/codes/improved/outputs/foundation_models/tasks/seasonal_naive/univariate/CPHL/30T/long/run_0/metrics_summary.json
    Metrics summary (averaged over all series/windows/variates):
      MSE: 1.4475
      MAE: 0.7185
      RMSE: 0.8762
      MAPE: 0.7643
      sMAPE: 0.4909
      MASE: 2.2237
      ND: 0.4662
      CRPS: 0.3725
  Completed: 2 series x 10 windows
  Output: /fslarge/scratch/users/h61084/codes/improved/outputs/foundation_models/tasks/seasonal_naive/univariate/CPHL/30T/long/run_0

============================================================
All experiments completed!
Results saved to: /scratch/users/h61084/codes/improved/outputs/foundation_models/tasks
============================================================

############################################################
# All 1 dataset(s) completed!
############################################################

############################################################
# Dataset 1/1: CPHL/H
############################################################
Loading configuration...

============================================================
Model: Seasonal Naive
Dataset: CPHL/H
Terms: ['short', 'medium', 'long']
============================================================

--- Term: short ---
  Config: prediction_length=24, test_length=672, val_length=672
TIME run allocation action=new run=/fslarge/scratch/users/h61084/codes/improved/outputs/foundation_models/tasks/seasonal_naive/univariate/CPHL/H/short/run_0 launch_id=selena_20260907T230635Z_3389 slurm_job_id=3221289 launched_at=2026-09-07T23:11:31.660724+00:00
  Dataset info:
    - Frequency: H
    - Num series: 4
    - Target dim: 1
    - Target mode: univariate
    - Series length: min=2490, max=8783, avg=4971.2
    - Test split: 672 steps
    - Prediction length: 24
    - Windows: 28
    - Season length: 24
    Total instances: 112, Series during experiment: 4, Windows: 28
    Collecting ground truth and context...
    Organizing data into arrays...
    Saved predictions (quantiles) to /fslarge/scratch/users/h61084/codes/improved/outputs/foundation_models/tasks/seasonal_naive/univariate/CPHL/H/short/run_0/predictions.npz
    Computing per-window metrics...
    Saved metrics to /fslarge/scratch/users/h61084/codes/improved/outputs/foundation_models/tasks/seasonal_naive/univariate/CPHL/H/short/run_0/metrics.npz
    Saved config to /fslarge/scratch/users/h61084/codes/improved/outputs/foundation_models/tasks/seasonal_naive/univariate/CPHL/H/short/run_0/config.json
    Saved aggregate metrics to /fslarge/scratch/users/h61084/codes/improved/outputs/foundation_models/tasks/seasonal_naive/univariate/CPHL/H/short/run_0/metrics_summary.json
    Metrics summary (averaged over all series/windows/variates):
      MSE: 0.5731
      MAE: 0.4246
      RMSE: 0.5127
      MAPE: 0.4200
      sMAPE: 0.3572
      MASE: 1.5555
      ND: 0.3607
      CRPS: 0.2917
  Completed: 4 series x 28 windows
  Output: /fslarge/scratch/users/h61084/codes/improved/outputs/foundation_models/tasks/seasonal_naive/univariate/CPHL/H/short/run_0

--- Term: medium ---
  Config: prediction_length=168, test_length=672, val_length=672
TIME run allocation action=new run=/fslarge/scratch/users/h61084/codes/improved/outputs/foundation_models/tasks/seasonal_naive/univariate/CPHL/H/medium/run_0 launch_id=selena_20260907T230635Z_3389 slurm_job_id=3221289 launched_at=2026-09-07T23:11:34.231386+00:00
  Dataset info:
    - Frequency: H
    - Num series: 4
    - Target dim: 1
    - Target mode: univariate
    - Series length: min=2490, max=8783, avg=4971.2
    - Test split: 672 steps
    - Prediction length: 168
    - Windows: 4
    - Season length: 24
    Total instances: 16, Series during experiment: 4, Windows: 4
    Collecting ground truth and context...
    Organizing data into arrays...
    Saved predictions (quantiles) to /fslarge/scratch/users/h61084/codes/improved/outputs/foundation_models/tasks/seasonal_naive/univariate/CPHL/H/medium/run_0/predictions.npz
    Computing per-window metrics...
    Saved metrics to /fslarge/scratch/users/h61084/codes/improved/outputs/foundation_models/tasks/seasonal_naive/univariate/CPHL/H/medium/run_0/metrics.npz
    Saved config to /fslarge/scratch/users/h61084/codes/improved/outputs/foundation_models/tasks/seasonal_naive/univariate/CPHL/H/medium/run_0/config.json
    Saved aggregate metrics to /fslarge/scratch/users/h61084/codes/improved/outputs/foundation_models/tasks/seasonal_naive/univariate/CPHL/H/medium/run_0/metrics_summary.json
    Metrics summary (averaged over all series/windows/variates):
      MSE: 0.6983
      MAE: 0.5267
      RMSE: 0.6506
      MAPE: 0.5989
      sMAPE: 0.4961
      MASE: 2.2276
      ND: 0.5040
      CRPS: 0.3932
  Completed: 4 series x 4 windows
  Output: /fslarge/scratch/users/h61084/codes/improved/outputs/foundation_models/tasks/seasonal_naive/univariate/CPHL/H/medium/run_0

--- Term: long ---
  Config: prediction_length=336, test_length=672, val_length=672
TIME run allocation action=new run=/fslarge/scratch/users/h61084/codes/improved/outputs/foundation_models/tasks/seasonal_naive/univariate/CPHL/H/long/run_0 launch_id=selena_20260907T230635Z_3389 slurm_job_id=3221289 launched_at=2026-09-07T23:11:34.356086+00:00
  Dataset info:
    - Frequency: H
    - Num series: 4
    - Target dim: 1
    - Target mode: univariate
    - Series length: min=2490, max=8783, avg=4971.2
    - Test split: 672 steps
    - Prediction length: 336
    - Windows: 2
    - Season length: 24
    Total instances: 8, Series during experiment: 4, Windows: 2
    Collecting ground truth and context...
    Organizing data into arrays...
    Saved predictions (quantiles) to /fslarge/scratch/users/h61084/codes/improved/outputs/foundation_models/tasks/seasonal_naive/univariate/CPHL/H/long/run_0/predictions.npz
    Computing per-window metrics...
    Saved metrics to /fslarge/scratch/users/h61084/codes/improved/outputs/foundation_models/tasks/seasonal_naive/univariate/CPHL/H/long/run_0/metrics.npz
    Saved config to /fslarge/scratch/users/h61084/codes/improved/outputs/foundation_models/tasks/seasonal_naive/univariate/CPHL/H/long/run_0/config.json
    Saved aggregate metrics to /fslarge/scratch/users/h61084/codes/improved/outputs/foundation_models/tasks/seasonal_naive/univariate/CPHL/H/long/run_0/metrics_summary.json
    Metrics summary (averaged over all series/windows/variates):
      MSE: 0.7768
      MAE: 0.5550
      RMSE: 0.7050
      MAPE: 0.6114
      sMAPE: 0.5468
      MASE: 2.5243
      ND: 0.5314
      CRPS: 0.4454
  Completed: 4 series x 2 windows
  Output: /fslarge/scratch/users/h61084/codes/improved/outputs/foundation_models/tasks/seasonal_naive/univariate/CPHL/H/long/run_0

============================================================
All experiments completed!
Results saved to: /scratch/users/h61084/codes/improved/outputs/foundation_models/tasks
============================================================

############################################################
# All 1 dataset(s) completed!
############################################################

############################################################
# Dataset 1/1: Coastal_T_S/5T
############################################################
Loading configuration...

============================================================
Model: Seasonal Naive
Dataset: Coastal_T_S/5T
Terms: ['short', 'medium', 'long']
============================================================

--- Term: short ---
  Config: prediction_length=36, test_length=4320, val_length=4320
TIME run allocation action=new run=/fslarge/scratch/users/h61084/codes/improved/outputs/foundation_models/tasks/seasonal_naive/univariate/Coastal_T_S/5T/short/run_0 launch_id=selena_20260907T230635Z_3389 slurm_job_id=3221289 launched_at=2026-09-07T23:11:37.741532+00:00
  Dataset info:
    - Frequency: 5T
    - Num series: 18
    - Target dim: 3
    - Target mode: univariate
    - Series length: min=44614, max=105408, avg=68604.9
    - Test split: 4320 steps
    - Prediction length: 36
    - Windows: 120
    - Season length: 288
    Total instances: 6480, Series during experiment: 54, Windows: 120
    Collecting ground truth and context...
    Detected to_univariate case: 54 flat series -> 18 series x 3 variates
    Organizing data into arrays...
    Saved predictions (quantiles) to /fslarge/scratch/users/h61084/codes/improved/outputs/foundation_models/tasks/seasonal_naive/univariate/Coastal_T_S/5T/short/run_0/predictions.npz
    Computing per-window metrics...
    Saved metrics to /fslarge/scratch/users/h61084/codes/improved/outputs/foundation_models/tasks/seasonal_naive/univariate/Coastal_T_S/5T/short/run_0/metrics.npz
    Saved config to /fslarge/scratch/users/h61084/codes/improved/outputs/foundation_models/tasks/seasonal_naive/univariate/Coastal_T_S/5T/short/run_0/config.json
    Saved aggregate metrics to /fslarge/scratch/users/h61084/codes/improved/outputs/foundation_models/tasks/seasonal_naive/univariate/Coastal_T_S/5T/short/run_0/metrics_summary.json
    Metrics summary (averaged over all series/windows/variates):
      MSE: 219.4145
      MAE: 3.0586
      RMSE: 4.2031
      MAPE: 0.1037
      sMAPE: 0.0701
      MASE: 1.2182
      ND: 0.0713
      CRPS: 0.0817
  Completed: 18 series x 120 windows
  Output: /fslarge/scratch/users/h61084/codes/improved/outputs/foundation_models/tasks/seasonal_naive/univariate/Coastal_T_S/5T/short/run_0

--- Term: medium ---
  Config: prediction_length=288, test_length=4320, val_length=4320
TIME run allocation action=new run=/fslarge/scratch/users/h61084/codes/improved/outputs/foundation_models/tasks/seasonal_naive/univariate/Coastal_T_S/5T/medium/run_0 launch_id=selena_20260907T230635Z_3389 slurm_job_id=3221289 launched_at=2026-09-07T23:12:31.018829+00:00
  Dataset info:
    - Frequency: 5T
    - Num series: 18
    - Target dim: 3
    - Target mode: univariate
    - Series length: min=44614, max=105408, avg=68604.9
    - Test split: 4320 steps
    - Prediction length: 288
    - Windows: 15
    - Season length: 288
    Total instances: 810, Series during experiment: 54, Windows: 15
    Collecting ground truth and context...
    Detected to_univariate case: 54 flat series -> 18 series x 3 variates
    Organizing data into arrays...
    Saved predictions (quantiles) to /fslarge/scratch/users/h61084/codes/improved/outputs/foundation_models/tasks/seasonal_naive/univariate/Coastal_T_S/5T/medium/run_0/predictions.npz
    Computing per-window metrics...
    Saved metrics to /fslarge/scratch/users/h61084/codes/improved/outputs/foundation_models/tasks/seasonal_naive/univariate/Coastal_T_S/5T/medium/run_0/metrics.npz
    Saved config to /fslarge/scratch/users/h61084/codes/improved/outputs/foundation_models/tasks/seasonal_naive/univariate/Coastal_T_S/5T/medium/run_0/config.json
    Saved aggregate metrics to /fslarge/scratch/users/h61084/codes/improved/outputs/foundation_models/tasks/seasonal_naive/univariate/Coastal_T_S/5T/medium/run_0/metrics_summary.json
    Metrics summary (averaged over all series/windows/variates):
      MSE: 219.4145
      MAE: 3.0586
      RMSE: 4.2762
      MAPE: 0.1037
      sMAPE: 0.0701
      MASE: 1.2221
      ND: 0.0709
      CRPS: 0.0810
  Completed: 18 series x 15 windows
  Output: /fslarge/scratch/users/h61084/codes/improved/outputs/foundation_models/tasks/seasonal_naive/univariate/Coastal_T_S/5T/medium/run_0

--- Term: long ---
  Config: prediction_length=864, test_length=4320, val_length=4320
TIME run allocation action=new run=/fslarge/scratch/users/h61084/codes/improved/outputs/foundation_models/tasks/seasonal_naive/univariate/Coastal_T_S/5T/long/run_0 launch_id=selena_20260907T230635Z_3389 slurm_job_id=3221289 launched_at=2026-09-07T23:12:41.943718+00:00
  Dataset info:
    - Frequency: 5T
    - Num series: 18
    - Target dim: 3
    - Target mode: univariate
    - Series length: min=44614, max=105408, avg=68604.9
    - Test split: 4320 steps
    - Prediction length: 864
    - Windows: 5
    - Season length: 288
    Total instances: 270, Series during experiment: 54, Windows: 5
    Collecting ground truth and context...
    Detected to_univariate case: 54 flat series -> 18 series x 3 variates
    Organizing data into arrays...
    Saved predictions (quantiles) to /fslarge/scratch/users/h61084/codes/improved/outputs/foundation_models/tasks/seasonal_naive/univariate/Coastal_T_S/5T/long/run_0/predictions.npz
    Computing per-window metrics...
    Saved metrics to /fslarge/scratch/users/h61084/codes/improved/outputs/foundation_models/tasks/seasonal_naive/univariate/Coastal_T_S/5T/long/run_0/metrics.npz
    Saved config to /fslarge/scratch/users/h61084/codes/improved/outputs/foundation_models/tasks/seasonal_naive/univariate/Coastal_T_S/5T/long/run_0/config.json
    Saved aggregate metrics to /fslarge/scratch/users/h61084/codes/improved/outputs/foundation_models/tasks/seasonal_naive/univariate/Coastal_T_S/5T/long/run_0/metrics_summary.json
    Metrics summary (averaged over all series/windows/variates):
      MSE: 225.5474
      MAE: 3.2298
      RMSE: 4.4883
      MAPE: 0.1061
      sMAPE: 0.0745
      MASE: 1.4810
      ND: 0.0755
      CRPS: 0.0913
  Completed: 18 series x 5 windows
  Output: /fslarge/scratch/users/h61084/codes/improved/outputs/foundation_models/tasks/seasonal_naive/univariate/Coastal_T_S/5T/long/run_0

============================================================
All experiments completed!
Results saved to: /scratch/users/h61084/codes/improved/outputs/foundation_models/tasks
============================================================

############################################################
# All 1 dataset(s) completed!
############################################################

############################################################
# Dataset 1/1: Coastal_T_S/15T
############################################################
Loading configuration...

============================================================
Model: Seasonal Naive
Dataset: Coastal_T_S/15T
Terms: ['short', 'medium', 'long']
============================================================

--- Term: short ---
  Config: prediction_length=12, test_length=1440, val_length=1440
TIME run allocation action=new run=/fslarge/scratch/users/h61084/codes/improved/outputs/foundation_models/tasks/seasonal_naive/univariate/Coastal_T_S/15T/short/run_0 launch_id=selena_20260907T230635Z_3389 slurm_job_id=3221289 launched_at=2026-09-07T23:12:52.627598+00:00
  Dataset info:
    - Frequency: 15T
    - Num series: 5
    - Target dim: 3
    - Target mode: univariate
    - Series length: min=16686, max=23134, avg=20870.2
    - Test split: 1440 steps
    - Prediction length: 12
    - Windows: 120
    - Season length: 96
    Total instances: 1800, Series during experiment: 15, Windows: 120
    Collecting ground truth and context...
    Detected to_univariate case: 15 flat series -> 5 series x 3 variates
    Organizing data into arrays...
    Saved predictions (quantiles) to /fslarge/scratch/users/h61084/codes/improved/outputs/foundation_models/tasks/seasonal_naive/univariate/Coastal_T_S/15T/short/run_0/predictions.npz
    Computing per-window metrics...
    Saved metrics to /fslarge/scratch/users/h61084/codes/improved/outputs/foundation_models/tasks/seasonal_naive/univariate/Coastal_T_S/15T/short/run_0/metrics.npz
    Saved config to /fslarge/scratch/users/h61084/codes/improved/outputs/foundation_models/tasks/seasonal_naive/univariate/Coastal_T_S/15T/short/run_0/config.json
    Saved aggregate metrics to /fslarge/scratch/users/h61084/codes/improved/outputs/foundation_models/tasks/seasonal_naive/univariate/Coastal_T_S/15T/short/run_0/metrics_summary.json
    Metrics summary (averaged over all series/windows/variates):
      MSE: 205.6381
      MAE: 4.7237
      RMSE: 6.5568
      MAPE: 0.1504
      sMAPE: 0.1158
      MASE: 1.4480
      ND: 0.1195
      CRPS: 0.1077
  Completed: 5 series x 120 windows
  Output: /fslarge/scratch/users/h61084/codes/improved/outputs/foundation_models/tasks/seasonal_naive/univariate/Coastal_T_S/15T/short/run_0

--- Term: medium ---
  Config: prediction_length=96, test_length=1440, val_length=1440
TIME run allocation action=new run=/fslarge/scratch/users/h61084/codes/improved/outputs/foundation_models/tasks/seasonal_naive/univariate/Coastal_T_S/15T/medium/run_0 launch_id=selena_20260907T230635Z_3389 slurm_job_id=3221289 launched_at=2026-09-07T23:13:02.980005+00:00
  Dataset info:
    - Frequency: 15T
    - Num series: 5
    - Target dim: 3
    - Target mode: univariate
    - Series length: min=16686, max=23134, avg=20870.2
    - Test split: 1440 steps
    - Prediction length: 96
    - Windows: 15
    - Season length: 96
    Total instances: 225, Series during experiment: 15, Windows: 15
    Collecting ground truth and context...
    Detected to_univariate case: 15 flat series -> 5 series x 3 variates
    Organizing data into arrays...
    Saved predictions (quantiles) to /fslarge/scratch/users/h61084/codes/improved/outputs/foundation_models/tasks/seasonal_naive/univariate/Coastal_T_S/15T/medium/run_0/predictions.npz
    Computing per-window metrics...
    Saved metrics to /fslarge/scratch/users/h61084/codes/improved/outputs/foundation_models/tasks/seasonal_naive/univariate/Coastal_T_S/15T/medium/run_0/metrics.npz
    Saved config to /fslarge/scratch/users/h61084/codes/improved/outputs/foundation_models/tasks/seasonal_naive/univariate/Coastal_T_S/15T/medium/run_0/config.json
    Saved aggregate metrics to /fslarge/scratch/users/h61084/codes/improved/outputs/foundation_models/tasks/seasonal_naive/univariate/Coastal_T_S/15T/medium/run_0/metrics_summary.json
    Metrics summary (averaged over all series/windows/variates):
      MSE: 205.6381
      MAE: 4.7237
      RMSE: 6.6422
      MAPE: 0.1504
      sMAPE: 0.1158
      MASE: 1.4517
      ND: 0.1170
      CRPS: 0.1054
  Completed: 5 series x 15 windows
  Output: /fslarge/scratch/users/h61084/codes/improved/outputs/foundation_models/tasks/seasonal_naive/univariate/Coastal_T_S/15T/medium/run_0

--- Term: long ---
  Config: prediction_length=288, test_length=1440, val_length=1440
TIME run allocation action=new run=/fslarge/scratch/users/h61084/codes/improved/outputs/foundation_models/tasks/seasonal_naive/univariate/Coastal_T_S/15T/long/run_0 launch_id=selena_20260907T230635Z_3389 slurm_job_id=3221289 launched_at=2026-09-07T23:13:04.498660+00:00
  Dataset info:
    - Frequency: 15T
    - Num series: 5
    - Target dim: 3
    - Target mode: univariate
    - Series length: min=16686, max=23134, avg=20870.2
    - Test split: 1440 steps
    - Prediction length: 288
    - Windows: 5
    - Season length: 96
    Total instances: 75, Series during experiment: 15, Windows: 5
    Collecting ground truth and context...
    Detected to_univariate case: 15 flat series -> 5 series x 3 variates
    Organizing data into arrays...
    Saved predictions (quantiles) to /fslarge/scratch/users/h61084/codes/improved/outputs/foundation_models/tasks/seasonal_naive/univariate/Coastal_T_S/15T/long/run_0/predictions.npz
    Computing per-window metrics...
    Saved metrics to /fslarge/scratch/users/h61084/codes/improved/outputs/foundation_models/tasks/seasonal_naive/univariate/Coastal_T_S/15T/long/run_0/metrics.npz
    Saved config to /fslarge/scratch/users/h61084/codes/improved/outputs/foundation_models/tasks/seasonal_naive/univariate/Coastal_T_S/15T/long/run_0/config.json
    Saved aggregate metrics to /fslarge/scratch/users/h61084/codes/improved/outputs/foundation_models/tasks/seasonal_naive/univariate/Coastal_T_S/15T/long/run_0/metrics_summary.json
    Metrics summary (averaged over all series/windows/variates):
      MSE: 212.9253
      MAE: 4.9230
      RMSE: 6.7895
      MAPE: 0.1537
      sMAPE: 0.1211
      MASE: 1.5935
      ND: 0.1221
      CRPS: 0.1089
  Completed: 5 series x 5 windows
  Output: /fslarge/scratch/users/h61084/codes/improved/outputs/foundation_models/tasks/seasonal_naive/univariate/Coastal_T_S/15T/long/run_0

============================================================
All experiments completed!
Results saved to: /scratch/users/h61084/codes/improved/outputs/foundation_models/tasks
============================================================

############################################################
# All 1 dataset(s) completed!
############################################################

############################################################
# Dataset 1/1: Coastal_T_S/20T
############################################################
Loading configuration...

============================================================
Model: Seasonal Naive
Dataset: Coastal_T_S/20T
Terms: ['short', 'medium', 'long']
============================================================

--- Term: short ---
  Config: prediction_length=9, test_length=1080, val_length=1080
TIME run allocation action=new run=/fslarge/scratch/users/h61084/codes/improved/outputs/foundation_models/tasks/seasonal_naive/univariate/Coastal_T_S/20T/short/run_0 launch_id=selena_20260907T230635Z_3389 slurm_job_id=3221289 launched_at=2026-09-07T23:13:08.509627+00:00
  Dataset info:
    - Frequency: 20T
    - Num series: 1
    - Target dim: 3
    - Target mode: univariate
    - Series length: min=8198, max=8198, avg=8198.0
    - Test split: 1080 steps
    - Prediction length: 9
    - Windows: 120
    - Season length: 72
    Total instances: 360, Series during experiment: 3, Windows: 120
    Collecting ground truth and context...
    Detected to_univariate case: 3 flat series -> 1 series x 3 variates
    Organizing data into arrays...
    Saved predictions (quantiles) to /fslarge/scratch/users/h61084/codes/improved/outputs/foundation_models/tasks/seasonal_naive/univariate/Coastal_T_S/20T/short/run_0/predictions.npz
    Computing per-window metrics...
    Saved metrics to /fslarge/scratch/users/h61084/codes/improved/outputs/foundation_models/tasks/seasonal_naive/univariate/Coastal_T_S/20T/short/run_0/metrics.npz
    Saved config to /fslarge/scratch/users/h61084/codes/improved/outputs/foundation_models/tasks/seasonal_naive/univariate/Coastal_T_S/20T/short/run_0/config.json
    Saved aggregate metrics to /fslarge/scratch/users/h61084/codes/improved/outputs/foundation_models/tasks/seasonal_naive/univariate/Coastal_T_S/20T/short/run_0/metrics_summary.json
    Metrics summary (averaged over all series/windows/variates):
      MSE: 0.0504
      MAE: 0.1661
      RMSE: 0.1752
      MAPE: 0.0067
      sMAPE: 0.0067
      MASE: 1.2782
      ND: 0.0067
      CRPS: 0.0054
  Completed: 1 series x 120 windows
  Output: /fslarge/scratch/users/h61084/codes/improved/outputs/foundation_models/tasks/seasonal_naive/univariate/Coastal_T_S/20T/short/run_0

--- Term: medium ---
  Config: prediction_length=72, test_length=1080, val_length=1080
TIME run allocation action=new run=/fslarge/scratch/users/h61084/codes/improved/outputs/foundation_models/tasks/seasonal_naive/univariate/Coastal_T_S/20T/medium/run_0 launch_id=selena_20260907T230635Z_3389 slurm_job_id=3221289 launched_at=2026-09-07T23:13:12.021941+00:00
  Dataset info:
    - Frequency: 20T
    - Num series: 1
    - Target dim: 3
    - Target mode: univariate
    - Series length: min=8198, max=8198, avg=8198.0
    - Test split: 1080 steps
    - Prediction length: 72
    - Windows: 15
    - Season length: 72
    Total instances: 45, Series during experiment: 3, Windows: 15
    Collecting ground truth and context...
    Detected to_univariate case: 3 flat series -> 1 series x 3 variates
    Organizing data into arrays...
    Saved predictions (quantiles) to /fslarge/scratch/users/h61084/codes/improved/outputs/foundation_models/tasks/seasonal_naive/univariate/Coastal_T_S/20T/medium/run_0/predictions.npz
    Computing per-window metrics...
    Saved metrics to /fslarge/scratch/users/h61084/codes/improved/outputs/foundation_models/tasks/seasonal_naive/univariate/Coastal_T_S/20T/medium/run_0/metrics.npz
    Saved config to /fslarge/scratch/users/h61084/codes/improved/outputs/foundation_models/tasks/seasonal_naive/univariate/Coastal_T_S/20T/medium/run_0/config.json
    Saved aggregate metrics to /fslarge/scratch/users/h61084/codes/improved/outputs/foundation_models/tasks/seasonal_naive/univariate/Coastal_T_S/20T/medium/run_0/metrics_summary.json
    Metrics summary (averaged over all series/windows/variates):
      MSE: 0.0504
      MAE: 0.1661
      RMSE: 0.1968
      MAPE: 0.0067
      sMAPE: 0.0067
      MASE: 1.2828
      ND: 0.0067
      CRPS: 0.0054
  Completed: 1 series x 15 windows
  Output: /fslarge/scratch/users/h61084/codes/improved/outputs/foundation_models/tasks/seasonal_naive/univariate/Coastal_T_S/20T/medium/run_0

--- Term: long ---
  Config: prediction_length=216, test_length=1080, val_length=1080
TIME run allocation action=new run=/fslarge/scratch/users/h61084/codes/improved/outputs/foundation_models/tasks/seasonal_naive/univariate/Coastal_T_S/20T/long/run_0 launch_id=selena_20260907T230635Z_3389 slurm_job_id=3221289 launched_at=2026-09-07T23:13:12.271985+00:00
  Dataset info:
    - Frequency: 20T
    - Num series: 1
    - Target dim: 3
    - Target mode: univariate
    - Series length: min=8198, max=8198, avg=8198.0
    - Test split: 1080 steps
    - Prediction length: 216
    - Windows: 5
    - Season length: 72
    Total instances: 15, Series during experiment: 3, Windows: 5
    Collecting ground truth and context...
    Detected to_univariate case: 3 flat series -> 1 series x 3 variates
    Organizing data into arrays...
    Saved predictions (quantiles) to /fslarge/scratch/users/h61084/codes/improved/outputs/foundation_models/tasks/seasonal_naive/univariate/Coastal_T_S/20T/long/run_0/predictions.npz
    Computing per-window metrics...
    Saved metrics to /fslarge/scratch/users/h61084/codes/improved/outputs/foundation_models/tasks/seasonal_naive/univariate/Coastal_T_S/20T/long/run_0/metrics.npz
    Saved config to /fslarge/scratch/users/h61084/codes/improved/outputs/foundation_models/tasks/seasonal_naive/univariate/Coastal_T_S/20T/long/run_0/config.json
    Saved aggregate metrics to /fslarge/scratch/users/h61084/codes/improved/outputs/foundation_models/tasks/seasonal_naive/univariate/Coastal_T_S/20T/long/run_0/metrics_summary.json
    Metrics summary (averaged over all series/windows/variates):
      MSE: 0.1179
      MAE: 0.2425
      RMSE: 0.3049
      MAPE: 0.0101
      sMAPE: 0.0101
      MASE: 1.8378
      ND: 0.0101
      CRPS: 0.0080
  Completed: 1 series x 5 windows
  Output: /fslarge/scratch/users/h61084/codes/improved/outputs/foundation_models/tasks/seasonal_naive/univariate/Coastal_T_S/20T/long/run_0

============================================================
All experiments completed!
Results saved to: /scratch/users/h61084/codes/improved/outputs/foundation_models/tasks
============================================================

############################################################
# All 1 dataset(s) completed!
############################################################

############################################################
# Dataset 1/1: Coastal_T_S/H
############################################################
Loading configuration...

============================================================
Model: Seasonal Naive
Dataset: Coastal_T_S/H
Terms: ['short', 'medium', 'long']
============================================================

--- Term: short ---
  Config: prediction_length=24, test_length=672, val_length=672
TIME run allocation action=new run=/fslarge/scratch/users/h61084/codes/improved/outputs/foundation_models/tasks/seasonal_naive/univariate/Coastal_T_S/H/short/run_0 launch_id=selena_20260907T230635Z_3389 slurm_job_id=3221289 launched_at=2026-09-07T23:13:15.619287+00:00
  Dataset info:
    - Frequency: H
    - Num series: 24
    - Target dim: 3
    - Target mode: univariate
    - Series length: min=2733, max=8784, avg=5488.8
    - Test split: 672 steps
    - Prediction length: 24
    - Windows: 28
    - Season length: 24
    Total instances: 2016, Series during experiment: 72, Windows: 28
    Collecting ground truth and context...
    Detected to_univariate case: 72 flat series -> 24 series x 3 variates
    Organizing data into arrays...
    Saved predictions (quantiles) to /fslarge/scratch/users/h61084/codes/improved/outputs/foundation_models/tasks/seasonal_naive/univariate/Coastal_T_S/H/short/run_0/predictions.npz
    Computing per-window metrics...
    Saved metrics to /fslarge/scratch/users/h61084/codes/improved/outputs/foundation_models/tasks/seasonal_naive/univariate/Coastal_T_S/H/short/run_0/metrics.npz
    Saved config to /fslarge/scratch/users/h61084/codes/improved/outputs/foundation_models/tasks/seasonal_naive/univariate/Coastal_T_S/H/short/run_0/config.json
    Saved aggregate metrics to /fslarge/scratch/users/h61084/codes/improved/outputs/foundation_models/tasks/seasonal_naive/univariate/Coastal_T_S/H/short/run_0/metrics_summary.json
    Metrics summary (averaged over all series/windows/variates):
      MSE: 27.3531
      MAE: 1.4652
      RMSE: 1.8309
      MAPE: 0.0384
      sMAPE: 0.0367
      MASE: 1.2049
      ND: 0.0363
      CRPS: 0.0353
  Completed: 24 series x 28 windows
  Output: /fslarge/scratch/users/h61084/codes/improved/outputs/foundation_models/tasks/seasonal_naive/univariate/Coastal_T_S/H/short/run_0

--- Term: medium ---
  Config: prediction_length=168, test_length=672, val_length=672
TIME run allocation action=new run=/fslarge/scratch/users/h61084/codes/improved/outputs/foundation_models/tasks/seasonal_naive/univariate/Coastal_T_S/H/medium/run_0 launch_id=selena_20260907T230635Z_3389 slurm_job_id=3221289 launched_at=2026-09-07T23:13:25.585581+00:00
  Dataset info:
    - Frequency: H
    - Num series: 24
    - Target dim: 3
    - Target mode: univariate
    - Series length: min=2733, max=8784, avg=5488.8
    - Test split: 672 steps
    - Prediction length: 168
    - Windows: 4
    - Season length: 24
    Total instances: 288, Series during experiment: 72, Windows: 4
    Collecting ground truth and context...
    Detected to_univariate case: 72 flat series -> 24 series x 3 variates
    Organizing data into arrays...
    Saved predictions (quantiles) to /fslarge/scratch/users/h61084/codes/improved/outputs/foundation_models/tasks/seasonal_naive/univariate/Coastal_T_S/H/medium/run_0/predictions.npz
    Computing per-window metrics...
    Saved metrics to /fslarge/scratch/users/h61084/codes/improved/outputs/foundation_models/tasks/seasonal_naive/univariate/Coastal_T_S/H/medium/run_0/metrics.npz
    Saved config to /fslarge/scratch/users/h61084/codes/improved/outputs/foundation_models/tasks/seasonal_naive/univariate/Coastal_T_S/H/medium/run_0/config.json
    Saved aggregate metrics to /fslarge/scratch/users/h61084/codes/improved/outputs/foundation_models/tasks/seasonal_naive/univariate/Coastal_T_S/H/medium/run_0/metrics_summary.json
    Metrics summary (averaged over all series/windows/variates):
      MSE: 34.9174
      MAE: 1.8128
      RMSE: 2.2748
      MAPE: 0.0523
      sMAPE: 0.0472
      MASE: 2.0550
      ND: 0.0499
      CRPS: 0.0522
  Completed: 24 series x 4 windows
  Output: /fslarge/scratch/users/h61084/codes/improved/outputs/foundation_models/tasks/seasonal_naive/univariate/Coastal_T_S/H/medium/run_0

--- Term: long ---
  Config: prediction_length=336, test_length=672, val_length=672
TIME run allocation action=new run=/fslarge/scratch/users/h61084/codes/improved/outputs/foundation_models/tasks/seasonal_naive/univariate/Coastal_T_S/H/long/run_0 launch_id=selena_20260907T230635Z_3389 slurm_job_id=3221289 launched_at=2026-09-07T23:13:27.607822+00:00
  Dataset info:
    - Frequency: H
    - Num series: 24
    - Target dim: 3
    - Target mode: univariate
    - Series length: min=2733, max=8784, avg=5488.8
    - Test split: 672 steps
    - Prediction length: 336
    - Windows: 2
    - Season length: 24
    Total instances: 144, Series during experiment: 72, Windows: 2
    Collecting ground truth and context...
    Detected to_univariate case: 72 flat series -> 24 series x 3 variates
    Organizing data into arrays...
    Saved predictions (quantiles) to /fslarge/scratch/users/h61084/codes/improved/outputs/foundation_models/tasks/seasonal_naive/univariate/Coastal_T_S/H/long/run_0/predictions.npz
    Computing per-window metrics...
    Saved metrics to /fslarge/scratch/users/h61084/codes/improved/outputs/foundation_models/tasks/seasonal_naive/univariate/Coastal_T_S/H/long/run_0/metrics.npz
    Saved config to /fslarge/scratch/users/h61084/codes/improved/outputs/foundation_models/tasks/seasonal_naive/univariate/Coastal_T_S/H/long/run_0/config.json
    Saved aggregate metrics to /fslarge/scratch/users/h61084/codes/improved/outputs/foundation_models/tasks/seasonal_naive/univariate/Coastal_T_S/H/long/run_0/metrics_summary.json
    Metrics summary (averaged over all series/windows/variates):
      MSE: 36.6719
      MAE: 1.8973
      RMSE: 2.4147
      MAPE: 0.0568
      sMAPE: 0.0515
      MASE: 2.6468
      ND: 0.0519
      CRPS: 0.0618
  Completed: 24 series x 2 windows
  Output: /fslarge/scratch/users/h61084/codes/improved/outputs/foundation_models/tasks/seasonal_naive/univariate/Coastal_T_S/H/long/run_0

============================================================
All experiments completed!
Results saved to: /scratch/users/h61084/codes/improved/outputs/foundation_models/tasks
============================================================

############################################################
# All 1 dataset(s) completed!
############################################################

############################################################
# Dataset 1/1: SG_Weather/D
############################################################
Loading configuration...

============================================================
Model: Seasonal Naive
Dataset: SG_Weather/D
Terms: ['short', 'medium', 'long']
============================================================

--- Term: short ---
  Config: prediction_length=3, test_length=366, val_length=366
TIME run allocation action=new run=/fslarge/scratch/users/h61084/codes/improved/outputs/foundation_models/tasks/seasonal_naive/univariate/SG_Weather/D/short/run_0 launch_id=selena_20260907T230635Z_3389 slurm_job_id=3221289 launched_at=2026-09-07T23:13:32.235206+00:00
  Dataset info:
    - Frequency: D
    - Num series: 6
    - Target dim: 4
    - Target mode: univariate
    - Series length: min=2953, max=2953, avg=2953.0
    - Test split: 366 steps
    - Prediction length: 3
    - Windows: 122
    - Season length: 1
    Total instances: 2928, Series during experiment: 24, Windows: 122
    Collecting ground truth and context...
    Detected to_univariate case: 24 flat series -> 6 series x 4 variates
    Organizing data into arrays...
    Saved predictions (quantiles) to /fslarge/scratch/users/h61084/codes/improved/outputs/foundation_models/tasks/seasonal_naive/univariate/SG_Weather/D/short/run_0/predictions.npz
    Computing per-window metrics...
    Saved metrics to /fslarge/scratch/users/h61084/codes/improved/outputs/foundation_models/tasks/seasonal_naive/univariate/SG_Weather/D/short/run_0/metrics.npz
    Saved config to /fslarge/scratch/users/h61084/codes/improved/outputs/foundation_models/tasks/seasonal_naive/univariate/SG_Weather/D/short/run_0/config.json
    Saved aggregate metrics to /fslarge/scratch/users/h61084/codes/improved/outputs/foundation_models/tasks/seasonal_naive/univariate/SG_Weather/D/short/run_0/metrics_summary.json
    Metrics summary (averaged over all series/windows/variates):
      MSE: 3629.6993
      MAE: 21.8121
      RMSE: 25.2493
      MAPE: 0.5116
      sMAPE: 0.2695
      MASE: 1.0690
      ND: 0.3110
      CRPS: 0.2942
  Completed: 6 series x 122 windows
  Output: /fslarge/scratch/users/h61084/codes/improved/outputs/foundation_models/tasks/seasonal_naive/univariate/SG_Weather/D/short/run_0

--- Term: medium ---
  Config: prediction_length=7, test_length=366, val_length=366
TIME run allocation action=new run=/fslarge/scratch/users/h61084/codes/improved/outputs/foundation_models/tasks/seasonal_naive/univariate/SG_Weather/D/medium/run_0 launch_id=selena_20260907T230635Z_3389 slurm_job_id=3221289 launched_at=2026-09-07T23:13:43.690139+00:00
  Dataset info:
    - Frequency: D
    - Num series: 6
    - Target dim: 4
    - Target mode: univariate
    - Series length: min=2953, max=2953, avg=2953.0
    - Test split: 366 steps
    - Prediction length: 7
    - Windows: 52
    - Season length: 1
    Total instances: 1248, Series during experiment: 24, Windows: 52
    Collecting ground truth and context...
    Detected to_univariate case: 24 flat series -> 6 series x 4 variates
    Organizing data into arrays...
    Saved predictions (quantiles) to /fslarge/scratch/users/h61084/codes/improved/outputs/foundation_models/tasks/seasonal_naive/univariate/SG_Weather/D/medium/run_0/predictions.npz
    Computing per-window metrics...
    Saved metrics to /fslarge/scratch/users/h61084/codes/improved/outputs/foundation_models/tasks/seasonal_naive/univariate/SG_Weather/D/medium/run_0/metrics.npz
    Saved config to /fslarge/scratch/users/h61084/codes/improved/outputs/foundation_models/tasks/seasonal_naive/univariate/SG_Weather/D/medium/run_0/config.json
    Saved aggregate metrics to /fslarge/scratch/users/h61084/codes/improved/outputs/foundation_models/tasks/seasonal_naive/univariate/SG_Weather/D/medium/run_0/metrics_summary.json
    Metrics summary (averaged over all series/windows/variates):
      MSE: 4142.7605
      MAE: 24.4711
      RMSE: 29.3966
      MAPE: 0.5714
      sMAPE: 0.2924
      MASE: 1.1803
      ND: 0.3236
      CRPS: 0.3158
  Completed: 6 series x 52 windows
  Output: /fslarge/scratch/users/h61084/codes/improved/outputs/foundation_models/tasks/seasonal_naive/univariate/SG_Weather/D/medium/run_0

--- Term: long ---
  Config: prediction_length=14, test_length=366, val_length=366
TIME run allocation action=new run=/fslarge/scratch/users/h61084/codes/improved/outputs/foundation_models/tasks/seasonal_naive/univariate/SG_Weather/D/long/run_0 launch_id=selena_20260907T230635Z_3389 slurm_job_id=3221289 launched_at=2026-09-07T23:13:47.780294+00:00
  Dataset info:
    - Frequency: D
    - Num series: 6
    - Target dim: 4
    - Target mode: univariate
    - Series length: min=2953, max=2953, avg=2953.0
    - Test split: 366 steps
    - Prediction length: 14
    - Windows: 26
    - Season length: 1
    Total instances: 624, Series during experiment: 24, Windows: 26
    Collecting ground truth and context...
    Detected to_univariate case: 24 flat series -> 6 series x 4 variates
    Organizing data into arrays...
    Saved predictions (quantiles) to /fslarge/scratch/users/h61084/codes/improved/outputs/foundation_models/tasks/seasonal_naive/univariate/SG_Weather/D/long/run_0/predictions.npz
    Computing per-window metrics...
    Saved metrics to /fslarge/scratch/users/h61084/codes/improved/outputs/foundation_models/tasks/seasonal_naive/univariate/SG_Weather/D/long/run_0/metrics.npz
    Saved config to /fslarge/scratch/users/h61084/codes/improved/outputs/foundation_models/tasks/seasonal_naive/univariate/SG_Weather/D/long/run_0/config.json
    Saved aggregate metrics to /fslarge/scratch/users/h61084/codes/improved/outputs/foundation_models/tasks/seasonal_naive/univariate/SG_Weather/D/long/run_0/metrics_summary.json
    Metrics summary (averaged over all series/windows/variates):
      MSE: 3817.9822
      MAE: 23.0608
      RMSE: 28.8593
      MAPE: 0.5482
      sMAPE: 0.2842
      MASE: 1.1878
      ND: 0.3011
      CRPS: 0.3467
  Completed: 6 series x 26 windows
  Output: /fslarge/scratch/users/h61084/codes/improved/outputs/foundation_models/tasks/seasonal_naive/univariate/SG_Weather/D/long/run_0

============================================================
All experiments completed!
Results saved to: /scratch/users/h61084/codes/improved/outputs/foundation_models/tasks
============================================================

############################################################
# All 1 dataset(s) completed!
############################################################

############################################################
# Dataset 1/1: SG_PM25/H
############################################################
Loading configuration...

============================================================
Model: Seasonal Naive
Dataset: SG_PM25/H
Terms: ['short', 'medium', 'long']
============================================================

--- Term: short ---
  Config: prediction_length=24, test_length=2208, val_length=2160
TIME run allocation action=new run=/fslarge/scratch/users/h61084/codes/improved/outputs/foundation_models/tasks/seasonal_naive/univariate/SG_PM25/H/short/run_0 launch_id=selena_20260907T230635Z_3389 slurm_job_id=3221289 launched_at=2026-09-07T23:13:53.774732+00:00
  Dataset info:
    - Frequency: H
    - Num series: 1
    - Target dim: 5
    - Target mode: univariate
    - Series length: min=38688, max=38688, avg=38688.0
    - Test split: 2208 steps
    - Prediction length: 24
    - Windows: 92
    - Season length: 24
    Total instances: 460, Series during experiment: 5, Windows: 92
    Collecting ground truth and context...
    Detected to_univariate case: 5 flat series -> 1 series x 5 variates
    Organizing data into arrays...
    Saved predictions (quantiles) to /fslarge/scratch/users/h61084/codes/improved/outputs/foundation_models/tasks/seasonal_naive/univariate/SG_PM25/H/short/run_0/predictions.npz
    Computing per-window metrics...
    Saved metrics to /fslarge/scratch/users/h61084/codes/improved/outputs/foundation_models/tasks/seasonal_naive/univariate/SG_PM25/H/short/run_0/metrics.npz
    Saved config to /fslarge/scratch/users/h61084/codes/improved/outputs/foundation_models/tasks/seasonal_naive/univariate/SG_PM25/H/short/run_0/config.json
    Saved aggregate metrics to /fslarge/scratch/users/h61084/codes/improved/outputs/foundation_models/tasks/seasonal_naive/univariate/SG_PM25/H/short/run_0/metrics_summary.json
    Metrics summary (averaged over all series/windows/variates):
      MSE: 70.4910
      MAE: 6.1640
      RMSE: 7.7072
      MAPE: 0.6697
      sMAPE: 0.5076
      MASE: 1.1720
      ND: 0.5321
      CRPS: 0.4276
  Completed: 1 series x 92 windows
  Output: /fslarge/scratch/users/h61084/codes/improved/outputs/foundation_models/tasks/seasonal_naive/univariate/SG_PM25/H/short/run_0

--- Term: medium ---
  Config: prediction_length=72, test_length=2208, val_length=2160
TIME run allocation action=new run=/fslarge/scratch/users/h61084/codes/improved/outputs/foundation_models/tasks/seasonal_naive/univariate/SG_PM25/H/medium/run_0 launch_id=selena_20260907T230635Z_3389 slurm_job_id=3221289 launched_at=2026-09-07T23:13:58.726674+00:00
  Dataset info:
    - Frequency: H
    - Num series: 1
    - Target dim: 5
    - Target mode: univariate
    - Series length: min=38688, max=38688, avg=38688.0
    - Test split: 2208 steps
    - Prediction length: 72
    - Windows: 30
    - Season length: 24
    Total instances: 150, Series during experiment: 5, Windows: 30
    Collecting ground truth and context...
    Detected to_univariate case: 5 flat series -> 1 series x 5 variates
    Organizing data into arrays...
    Saved predictions (quantiles) to /fslarge/scratch/users/h61084/codes/improved/outputs/foundation_models/tasks/seasonal_naive/univariate/SG_PM25/H/medium/run_0/predictions.npz
    Computing per-window metrics...
    Saved metrics to /fslarge/scratch/users/h61084/codes/improved/outputs/foundation_models/tasks/seasonal_naive/univariate/SG_PM25/H/medium/run_0/metrics.npz
    Saved config to /fslarge/scratch/users/h61084/codes/improved/outputs/foundation_models/tasks/seasonal_naive/univariate/SG_PM25/H/medium/run_0/config.json
    Saved aggregate metrics to /fslarge/scratch/users/h61084/codes/improved/outputs/foundation_models/tasks/seasonal_naive/univariate/SG_PM25/H/medium/run_0/metrics_summary.json
    Metrics summary (averaged over all series/windows/variates):
      MSE: 71.1614
      MAE: 6.2366
      RMSE: 7.9249
      MAPE: 0.6681
      sMAPE: 0.5159
      MASE: 1.1852
      ND: 0.5203
      CRPS: 0.4342
  Completed: 1 series x 30 windows
  Output: /fslarge/scratch/users/h61084/codes/improved/outputs/foundation_models/tasks/seasonal_naive/univariate/SG_PM25/H/medium/run_0

--- Term: long ---
  Config: prediction_length=168, test_length=2208, val_length=2160
TIME run allocation action=new run=/fslarge/scratch/users/h61084/codes/improved/outputs/foundation_models/tasks/seasonal_naive/univariate/SG_PM25/H/long/run_0 launch_id=selena_20260907T230635Z_3389 slurm_job_id=3221289 launched_at=2026-09-07T23:13:59.814981+00:00
  Dataset info:
    - Frequency: H
    - Num series: 1
    - Target dim: 5
    - Target mode: univariate
    - Series length: min=38688, max=38688, avg=38688.0
    - Test split: 2208 steps
    - Prediction length: 168
    - Windows: 13
    - Season length: 24
    Total instances: 65, Series during experiment: 5, Windows: 13
    Collecting ground truth and context...
    Detected to_univariate case: 5 flat series -> 1 series x 5 variates
    Organizing data into arrays...
    Saved predictions (quantiles) to /fslarge/scratch/users/h61084/codes/improved/outputs/foundation_models/tasks/seasonal_naive/univariate/SG_PM25/H/long/run_0/predictions.npz
    Computing per-window metrics...
    Saved metrics to /fslarge/scratch/users/h61084/codes/improved/outputs/foundation_models/tasks/seasonal_naive/univariate/SG_PM25/H/long/run_0/metrics.npz
    Saved config to /fslarge/scratch/users/h61084/codes/improved/outputs/foundation_models/tasks/seasonal_naive/univariate/SG_PM25/H/long/run_0/config.json
    Saved aggregate metrics to /fslarge/scratch/users/h61084/codes/improved/outputs/foundation_models/tasks/seasonal_naive/univariate/SG_PM25/H/long/run_0/metrics_summary.json
    Metrics summary (averaged over all series/windows/variates):
      MSE: 81.3696
      MAE: 6.8059
      RMSE: 8.6916
      MAPE: 0.7692
      sMAPE: 0.5415
      MASE: 1.2910
      ND: 0.5676
      CRPS: 0.4988
  Completed: 1 series x 13 windows
  Output: /fslarge/scratch/users/h61084/codes/improved/outputs/foundation_models/tasks/seasonal_naive/univariate/SG_PM25/H/long/run_0

============================================================
All experiments completed!
Results saved to: /scratch/users/h61084/codes/improved/outputs/foundation_models/tasks
============================================================

############################################################
# All 1 dataset(s) completed!
############################################################

############################################################
# Dataset 1/1: NE_China_Wind/H
############################################################
Loading configuration...

============================================================
Model: Seasonal Naive
Dataset: NE_China_Wind/H
Terms: ['short', 'medium', 'long']
============================================================

--- Term: short ---
  Config: prediction_length=24, test_length=720, val_length=720
TIME run allocation action=new run=/fslarge/scratch/users/h61084/codes/improved/outputs/foundation_models/tasks/seasonal_naive/univariate/NE_China_Wind/H/short/run_0 launch_id=selena_20260907T230635Z_3389 slurm_job_id=3221289 launched_at=2026-09-07T23:14:03.624823+00:00
  Dataset info:
    - Frequency: H
    - Num series: 1
    - Target dim: 4
    - Target mode: univariate
    - Series length: min=8764, max=8764, avg=8764.0
    - Test split: 720 steps
    - Prediction length: 24
    - Windows: 30
    - Season length: 24
    Total instances: 120, Series during experiment: 4, Windows: 30
    Collecting ground truth and context...
    Detected to_univariate case: 4 flat series -> 1 series x 4 variates
    Organizing data into arrays...
    Saved predictions (quantiles) to /fslarge/scratch/users/h61084/codes/improved/outputs/foundation_models/tasks/seasonal_naive/univariate/NE_China_Wind/H/short/run_0/predictions.npz
    Computing per-window metrics...
    Saved metrics to /fslarge/scratch/users/h61084/codes/improved/outputs/foundation_models/tasks/seasonal_naive/univariate/NE_China_Wind/H/short/run_0/metrics.npz
    Saved config to /fslarge/scratch/users/h61084/codes/improved/outputs/foundation_models/tasks/seasonal_naive/univariate/NE_China_Wind/H/short/run_0/config.json
    Saved aggregate metrics to /fslarge/scratch/users/h61084/codes/improved/outputs/foundation_models/tasks/seasonal_naive/univariate/NE_China_Wind/H/short/run_0/metrics_summary.json
    Metrics summary (averaged over all series/windows/variates):
      MSE: 0.2639
      MAE: 0.3584
      RMSE: 0.4021
      MAPE: 1.5869
      sMAPE: 0.6338
      MASE: 0.8322
      ND: 0.7402
      CRPS: 0.6244
  Completed: 1 series x 30 windows
  Output: /fslarge/scratch/users/h61084/codes/improved/outputs/foundation_models/tasks/seasonal_naive/univariate/NE_China_Wind/H/short/run_0

--- Term: medium ---
  Config: prediction_length=72, test_length=720, val_length=720
TIME run allocation action=new run=/fslarge/scratch/users/h61084/codes/improved/outputs/foundation_models/tasks/seasonal_naive/univariate/NE_China_Wind/H/medium/run_0 launch_id=selena_20260907T230635Z_3389 slurm_job_id=3221289 launched_at=2026-09-07T23:14:06.263048+00:00
  Dataset info:
    - Frequency: H
    - Num series: 1
    - Target dim: 4
    - Target mode: univariate
    - Series length: min=8764, max=8764, avg=8764.0
    - Test split: 720 steps
    - Prediction length: 72
    - Windows: 10
    - Season length: 24
    Total instances: 40, Series during experiment: 4, Windows: 10
    Collecting ground truth and context...
    Detected to_univariate case: 4 flat series -> 1 series x 4 variates
    Organizing data into arrays...
    Saved predictions (quantiles) to /fslarge/scratch/users/h61084/codes/improved/outputs/foundation_models/tasks/seasonal_naive/univariate/NE_China_Wind/H/medium/run_0/predictions.npz
    Computing per-window metrics...
    Saved metrics to /fslarge/scratch/users/h61084/codes/improved/outputs/foundation_models/tasks/seasonal_naive/univariate/NE_China_Wind/H/medium/run_0/metrics.npz
    Saved config to /fslarge/scratch/users/h61084/codes/improved/outputs/foundation_models/tasks/seasonal_naive/univariate/NE_China_Wind/H/medium/run_0/config.json
    Saved aggregate metrics to /fslarge/scratch/users/h61084/codes/improved/outputs/foundation_models/tasks/seasonal_naive/univariate/NE_China_Wind/H/medium/run_0/metrics_summary.json
    Metrics summary (averaged over all series/windows/variates):
      MSE: 0.3842
      MAE: 0.4535
      RMSE: 0.5182
      MAPE: 1.8737
      sMAPE: 0.7643
      MASE: 1.0925
      ND: 0.7432
      CRPS: 0.6515
  Completed: 1 series x 10 windows
  Output: /fslarge/scratch/users/h61084/codes/improved/outputs/foundation_models/tasks/seasonal_naive/univariate/NE_China_Wind/H/medium/run_0

--- Term: long ---
  Config: prediction_length=168, test_length=720, val_length=720
TIME run allocation action=new run=/fslarge/scratch/users/h61084/codes/improved/outputs/foundation_models/tasks/seasonal_naive/univariate/NE_China_Wind/H/long/run_0 launch_id=selena_20260907T230635Z_3389 slurm_job_id=3221289 launched_at=2026-09-07T23:14:06.485316+00:00
  Dataset info:
    - Frequency: H
    - Num series: 1
    - Target dim: 4
    - Target mode: univariate
    - Series length: min=8764, max=8764, avg=8764.0
    - Test split: 720 steps
    - Prediction length: 168
    - Windows: 4
    - Season length: 24
    Total instances: 16, Series during experiment: 4, Windows: 4
    Collecting ground truth and context...
    Detected to_univariate case: 4 flat series -> 1 series x 4 variates
    Organizing data into arrays...
    Saved predictions (quantiles) to /fslarge/scratch/users/h61084/codes/improved/outputs/foundation_models/tasks/seasonal_naive/univariate/NE_China_Wind/H/long/run_0/predictions.npz
    Computing per-window metrics...
    Saved metrics to /fslarge/scratch/users/h61084/codes/improved/outputs/foundation_models/tasks/seasonal_naive/univariate/NE_China_Wind/H/long/run_0/metrics.npz
    Saved config to /fslarge/scratch/users/h61084/codes/improved/outputs/foundation_models/tasks/seasonal_naive/univariate/NE_China_Wind/H/long/run_0/config.json
    Saved aggregate metrics to /fslarge/scratch/users/h61084/codes/improved/outputs/foundation_models/tasks/seasonal_naive/univariate/NE_China_Wind/H/long/run_0/metrics_summary.json
    Metrics summary (averaged over all series/windows/variates):
      MSE: 0.4333
      MAE: 0.4975
      RMSE: 0.6057
      MAPE: 1.6490
      sMAPE: 0.7946
      MASE: 1.3311
      ND: 0.6797
      CRPS: 0.6639
  Completed: 1 series x 4 windows
  Output: /fslarge/scratch/users/h61084/codes/improved/outputs/foundation_models/tasks/seasonal_naive/univariate/NE_China_Wind/H/long/run_0

============================================================
All experiments completed!
Results saved to: /scratch/users/h61084/codes/improved/outputs/foundation_models/tasks
============================================================

############################################################
# All 1 dataset(s) completed!
############################################################

############################################################
# Dataset 1/1: Australia_Solar/H
############################################################
Loading configuration...

============================================================
Model: Seasonal Naive
Dataset: Australia_Solar/H
Terms: ['short', 'medium', 'long']
============================================================

--- Term: short ---
  Config: prediction_length=24, test_length=2520, val_length=2520
TIME run allocation action=new run=/fslarge/scratch/users/h61084/codes/improved/outputs/foundation_models/tasks/seasonal_naive/univariate/Australia_Solar/H/short/run_0 launch_id=selena_20260907T230635Z_3389 slurm_job_id=3221289 launched_at=2026-09-07T23:14:09.923232+00:00
  Dataset info:
    - Frequency: H
    - Num series: 1
    - Target dim: 3
    - Target mode: univariate
    - Series length: min=35064, max=35064, avg=35064.0
    - Test split: 2520 steps
    - Prediction length: 24
    - Windows: 105
    - Season length: 24
    Total instances: 315, Series during experiment: 3, Windows: 105
    Collecting ground truth and context...
    Detected to_univariate case: 3 flat series -> 1 series x 3 variates
    Organizing data into arrays...
    ⚠️  Predictions max value (2247829.25) exceeds float16 safe range.
    ⚠️  Applying scale factor: 100 (values will be divided)
    Saved predictions (quantiles) to /fslarge/scratch/users/h61084/codes/improved/outputs/foundation_models/tasks/seasonal_naive/univariate/Australia_Solar/H/short/run_0/predictions.npz
    Computing per-window metrics...
    Saved metrics to /fslarge/scratch/users/h61084/codes/improved/outputs/foundation_models/tasks/seasonal_naive/univariate/Australia_Solar/H/short/run_0/metrics.npz
    Saved config to /fslarge/scratch/users/h61084/codes/improved/outputs/foundation_models/tasks/seasonal_naive/univariate/Australia_Solar/H/short/run_0/config.json
    Saved aggregate metrics to /fslarge/scratch/users/h61084/codes/improved/outputs/foundation_models/tasks/seasonal_naive/univariate/Australia_Solar/H/short/run_0/metrics_summary.json
    Metrics summary (averaged over all series/windows/variates):
      MSE: 39089163419.0427
      MAE: 95466.4722
      RMSE: 129102.6292
      MAPE: 1072.0277
      sMAPE: 0.3559
      MASE: 1.2355
      ND: 0.3478
      CRPS: 0.3152
  Completed: 1 series x 105 windows
  Output: /fslarge/scratch/users/h61084/codes/improved/outputs/foundation_models/tasks/seasonal_naive/univariate/Australia_Solar/H/short/run_0

--- Term: medium ---
  Config: prediction_length=72, test_length=2520, val_length=2520
TIME run allocation action=new run=/fslarge/scratch/users/h61084/codes/improved/outputs/foundation_models/tasks/seasonal_naive/univariate/Australia_Solar/H/medium/run_0 launch_id=selena_20260907T230635Z_3389 slurm_job_id=3221289 launched_at=2026-09-07T23:14:14.254112+00:00
  Dataset info:
    - Frequency: H
    - Num series: 1
    - Target dim: 3
    - Target mode: univariate
    - Series length: min=35064, max=35064, avg=35064.0
    - Test split: 2520 steps
    - Prediction length: 72
    - Windows: 35
    - Season length: 24
    Total instances: 105, Series during experiment: 3, Windows: 35
    Collecting ground truth and context...
    Detected to_univariate case: 3 flat series -> 1 series x 3 variates
    Organizing data into arrays...
    ⚠️  Predictions max value (2454677.75) exceeds float16 safe range.
    ⚠️  Applying scale factor: 100 (values will be divided)
    Saved predictions (quantiles) to /fslarge/scratch/users/h61084/codes/improved/outputs/foundation_models/tasks/seasonal_naive/univariate/Australia_Solar/H/medium/run_0/predictions.npz
    Computing per-window metrics...
    Saved metrics to /fslarge/scratch/users/h61084/codes/improved/outputs/foundation_models/tasks/seasonal_naive/univariate/Australia_Solar/H/medium/run_0/metrics.npz
    Saved config to /fslarge/scratch/users/h61084/codes/improved/outputs/foundation_models/tasks/seasonal_naive/univariate/Australia_Solar/H/medium/run_0/config.json
    Saved aggregate metrics to /fslarge/scratch/users/h61084/codes/improved/outputs/foundation_models/tasks/seasonal_naive/univariate/Australia_Solar/H/medium/run_0/metrics_summary.json
    Metrics summary (averaged over all series/windows/variates):
      MSE: 41978724496.6677
      MAE: 101098.4159
      RMSE: 149379.6230
      MAPE: 1122.3709
      sMAPE: 0.3846
      MASE: 1.3590
      ND: 0.3168
      CRPS: 0.3031
  Completed: 1 series x 35 windows
  Output: /fslarge/scratch/users/h61084/codes/improved/outputs/foundation_models/tasks/seasonal_naive/univariate/Australia_Solar/H/medium/run_0

--- Term: long ---
  Config: prediction_length=168, test_length=2520, val_length=2520
TIME run allocation action=new run=/fslarge/scratch/users/h61084/codes/improved/outputs/foundation_models/tasks/seasonal_naive/univariate/Australia_Solar/H/long/run_0 launch_id=selena_20260907T230635Z_3389 slurm_job_id=3221289 launched_at=2026-09-07T23:14:14.991807+00:00
  Dataset info:
    - Frequency: H
    - Num series: 1
    - Target dim: 3
    - Target mode: univariate
    - Series length: min=35064, max=35064, avg=35064.0
    - Test split: 2520 steps
    - Prediction length: 168
    - Windows: 15
    - Season length: 24
    Total instances: 45, Series during experiment: 3, Windows: 15
    Collecting ground truth and context...
    Detected to_univariate case: 3 flat series -> 1 series x 3 variates
    Organizing data into arrays...
    ⚠️  Predictions max value (2589712.00) exceeds float16 safe range.
    ⚠️  Applying scale factor: 100 (values will be divided)
    Saved predictions (quantiles) to /fslarge/scratch/users/h61084/codes/improved/outputs/foundation_models/tasks/seasonal_naive/univariate/Australia_Solar/H/long/run_0/predictions.npz
    Computing per-window metrics...
    Saved metrics to /fslarge/scratch/users/h61084/codes/improved/outputs/foundation_models/tasks/seasonal_naive/univariate/Australia_Solar/H/long/run_0/metrics.npz
    Saved config to /fslarge/scratch/users/h61084/codes/improved/outputs/foundation_models/tasks/seasonal_naive/univariate/Australia_Solar/H/long/run_0/config.json
    Saved aggregate metrics to /fslarge/scratch/users/h61084/codes/improved/outputs/foundation_models/tasks/seasonal_naive/univariate/Australia_Solar/H/long/run_0/metrics_summary.json
    Metrics summary (averaged over all series/windows/variates):
      MSE: 30836958999.9058
      MAE: 86718.3089
      RMSE: 138890.2710
      MAPE: 435.7225
      sMAPE: 0.3600
      MASE: 1.2763
      ND: 0.2889
      CRPS: 0.3065
  Completed: 1 series x 15 windows
  Output: /fslarge/scratch/users/h61084/codes/improved/outputs/foundation_models/tasks/seasonal_naive/univariate/Australia_Solar/H/long/run_0

============================================================
All experiments completed!
Results saved to: /scratch/users/h61084/codes/improved/outputs/foundation_models/tasks
============================================================

############################################################
# All 1 dataset(s) completed!
############################################################

############################################################
# Dataset 1/1: epf_electricity_price/H
############################################################
Loading configuration...

============================================================
Model: Seasonal Naive
Dataset: epf_electricity_price/H
Terms: ['short', 'medium', 'long']
============================================================

--- Term: short ---
  Config: prediction_length=24, test_length=2520, val_length=2520
TIME run allocation action=new run=/fslarge/scratch/users/h61084/codes/improved/outputs/foundation_models/tasks/seasonal_naive/univariate/epf_electricity_price/H/short/run_0 launch_id=selena_20260907T230635Z_3389 slurm_job_id=3221289 launched_at=2026-09-07T23:14:18.604873+00:00
  Dataset info:
    - Frequency: H
    - Num series: 5
    - Target dim: 1
    - Target mode: univariate
    - Series length: min=52416, max=52416, avg=52416.0
    - Test split: 2520 steps
    - Prediction length: 24
    - Windows: 105
    - Season length: 24
    Total instances: 525, Series during experiment: 5, Windows: 105
    Collecting ground truth and context...
    Organizing data into arrays...
    Saved predictions (quantiles) to /fslarge/scratch/users/h61084/codes/improved/outputs/foundation_models/tasks/seasonal_naive/univariate/epf_electricity_price/H/short/run_0/predictions.npz
    Computing per-window metrics...
    Saved metrics to /fslarge/scratch/users/h61084/codes/improved/outputs/foundation_models/tasks/seasonal_naive/univariate/epf_electricity_price/H/short/run_0/metrics.npz
    Saved config to /fslarge/scratch/users/h61084/codes/improved/outputs/foundation_models/tasks/seasonal_naive/univariate/epf_electricity_price/H/short/run_0/config.json
    Saved aggregate metrics to /fslarge/scratch/users/h61084/codes/improved/outputs/foundation_models/tasks/seasonal_naive/univariate/epf_electricity_price/H/short/run_0/metrics_summary.json
    Metrics summary (averaged over all series/windows/variates):
      MSE: 252.4744
      MAE: 9.1745
      RMSE: 11.3527
      MAPE: 1.6592
      sMAPE: 0.2302
      MASE: 1.4288
      ND: 0.2366
      CRPS: 0.1965
  Completed: 5 series x 105 windows
  Output: /fslarge/scratch/users/h61084/codes/improved/outputs/foundation_models/tasks/seasonal_naive/univariate/epf_electricity_price/H/short/run_0

--- Term: medium ---
  Config: prediction_length=72, test_length=2520, val_length=2520
TIME run allocation action=new run=/fslarge/scratch/users/h61084/codes/improved/outputs/foundation_models/tasks/seasonal_naive/univariate/epf_electricity_price/H/medium/run_0 launch_id=selena_20260907T230635Z_3389 slurm_job_id=3221289 launched_at=2026-09-07T23:14:24.284538+00:00
  Dataset info:
    - Frequency: H
    - Num series: 5
    - Target dim: 1
    - Target mode: univariate
    - Series length: min=52416, max=52416, avg=52416.0
    - Test split: 2520 steps
    - Prediction length: 72
    - Windows: 35
    - Season length: 24
    Total instances: 175, Series during experiment: 5, Windows: 35
    Collecting ground truth and context...
    Organizing data into arrays...
    Saved predictions (quantiles) to /fslarge/scratch/users/h61084/codes/improved/outputs/foundation_models/tasks/seasonal_naive/univariate/epf_electricity_price/H/medium/run_0/predictions.npz
    Computing per-window metrics...
    Saved metrics to /fslarge/scratch/users/h61084/codes/improved/outputs/foundation_models/tasks/seasonal_naive/univariate/epf_electricity_price/H/medium/run_0/metrics.npz
    Saved config to /fslarge/scratch/users/h61084/codes/improved/outputs/foundation_models/tasks/seasonal_naive/univariate/epf_electricity_price/H/medium/run_0/config.json
    Saved aggregate metrics to /fslarge/scratch/users/h61084/codes/improved/outputs/foundation_models/tasks/seasonal_naive/univariate/epf_electricity_price/H/medium/run_0/metrics_summary.json
    Metrics summary (averaged over all series/windows/variates):
      MSE: 433.3530
      MAE: 12.0715
      RMSE: 15.1800
      MAPE: 2.2627
      sMAPE: 0.2831
      MASE: 1.8635
      ND: 0.2900
      CRPS: 0.2425
  Completed: 5 series x 35 windows
  Output: /fslarge/scratch/users/h61084/codes/improved/outputs/foundation_models/tasks/seasonal_naive/univariate/epf_electricity_price/H/medium/run_0

--- Term: long ---
  Config: prediction_length=168, test_length=2520, val_length=2520
TIME run allocation action=new run=/fslarge/scratch/users/h61084/codes/improved/outputs/foundation_models/tasks/seasonal_naive/univariate/epf_electricity_price/H/long/run_0 launch_id=selena_20260907T230635Z_3389 slurm_job_id=3221289 launched_at=2026-09-07T23:14:25.624011+00:00
  Dataset info:
    - Frequency: H
    - Num series: 5
    - Target dim: 1
    - Target mode: univariate
    - Series length: min=52416, max=52416, avg=52416.0
    - Test split: 2520 steps
    - Prediction length: 168
    - Windows: 15
    - Season length: 24
    Total instances: 75, Series during experiment: 5, Windows: 15
    Collecting ground truth and context...
    Organizing data into arrays...
    Saved predictions (quantiles) to /fslarge/scratch/users/h61084/codes/improved/outputs/foundation_models/tasks/seasonal_naive/univariate/epf_electricity_price/H/long/run_0/predictions.npz
    Computing per-window metrics...
    Saved metrics to /fslarge/scratch/users/h61084/codes/improved/outputs/foundation_models/tasks/seasonal_naive/univariate/epf_electricity_price/H/long/run_0/metrics.npz
    Saved config to /fslarge/scratch/users/h61084/codes/improved/outputs/foundation_models/tasks/seasonal_naive/univariate/epf_electricity_price/H/long/run_0/config.json
    Saved aggregate metrics to /fslarge/scratch/users/h61084/codes/improved/outputs/foundation_models/tasks/seasonal_naive/univariate/epf_electricity_price/H/long/run_0/metrics_summary.json
    Metrics summary (averaged over all series/windows/variates):
      MSE: 475.2475
      MAE: 12.7518
      RMSE: 16.7672
      MAPE: 1.8403
      sMAPE: 0.3227
      MASE: 1.9955
      ND: 0.3005
      CRPS: 0.2634
  Completed: 5 series x 15 windows
  Output: /fslarge/scratch/users/h61084/codes/improved/outputs/foundation_models/tasks/seasonal_naive/univariate/epf_electricity_price/H/long/run_0

============================================================
All experiments completed!
Results saved to: /scratch/users/h61084/codes/improved/outputs/foundation_models/tasks
============================================================

############################################################
# All 1 dataset(s) completed!
############################################################

############################################################
# Dataset 1/1: OpenElectricity_NEM/5T
############################################################
Loading configuration...

============================================================
Model: Seasonal Naive
Dataset: OpenElectricity_NEM/5T
Terms: ['short', 'medium', 'long']
============================================================

--- Term: short ---
  Config: prediction_length=24, test_length=4032, val_length=4032
TIME run allocation action=new run=/fslarge/scratch/users/h61084/codes/improved/outputs/foundation_models/tasks/seasonal_naive/univariate/OpenElectricity_NEM/5T/short/run_0 launch_id=selena_20260907T230635Z_3389 slurm_job_id=3221289 launched_at=2026-09-07T23:14:29.651216+00:00
  Dataset info:
    - Frequency: 5T
    - Num series: 1
    - Target dim: 10
    - Target mode: univariate
    - Series length: min=43488, max=43488, avg=43488.0
    - Test split: 4032 steps
    - Prediction length: 24
    - Windows: 168
    - Season length: 288
    Total instances: 1680, Series during experiment: 10, Windows: 168
    Collecting ground truth and context...
    Detected to_univariate case: 10 flat series -> 1 series x 10 variates
    Organizing data into arrays...
    Saved predictions (quantiles) to /fslarge/scratch/users/h61084/codes/improved/outputs/foundation_models/tasks/seasonal_naive/univariate/OpenElectricity_NEM/5T/short/run_0/predictions.npz
    Computing per-window metrics...
    Saved metrics to /fslarge/scratch/users/h61084/codes/improved/outputs/foundation_models/tasks/seasonal_naive/univariate/OpenElectricity_NEM/5T/short/run_0/metrics.npz
    Saved config to /fslarge/scratch/users/h61084/codes/improved/outputs/foundation_models/tasks/seasonal_naive/univariate/OpenElectricity_NEM/5T/short/run_0/config.json
    Saved aggregate metrics to /fslarge/scratch/users/h61084/codes/improved/outputs/foundation_models/tasks/seasonal_naive/univariate/OpenElectricity_NEM/5T/short/run_0/metrics_summary.json
    Metrics summary (averaged over all series/windows/variates):
      MSE: 138463.5791
      MAE: 174.9631
      RMSE: 184.6310
      MAPE: 7.0655
      sMAPE: 0.3432
      MASE: 1.0217
      ND: 0.4827
      CRPS: 0.4097
  Completed: 1 series x 168 windows
  Output: /fslarge/scratch/users/h61084/codes/improved/outputs/foundation_models/tasks/seasonal_naive/univariate/OpenElectricity_NEM/5T/short/run_0

--- Term: medium ---
  Config: prediction_length=96, test_length=4032, val_length=4032
TIME run allocation action=new run=/fslarge/scratch/users/h61084/codes/improved/outputs/foundation_models/tasks/seasonal_naive/univariate/OpenElectricity_NEM/5T/medium/run_0 launch_id=selena_20260907T230635Z_3389 slurm_job_id=3221289 launched_at=2026-09-07T23:14:42.026540+00:00
  Dataset info:
    - Frequency: 5T
    - Num series: 1
    - Target dim: 10
    - Target mode: univariate
    - Series length: min=43488, max=43488, avg=43488.0
    - Test split: 4032 steps
    - Prediction length: 96
    - Windows: 42
    - Season length: 288
    Total instances: 420, Series during experiment: 10, Windows: 42
    Collecting ground truth and context...
    Detected to_univariate case: 10 flat series -> 1 series x 10 variates
    Organizing data into arrays...
    Saved predictions (quantiles) to /fslarge/scratch/users/h61084/codes/improved/outputs/foundation_models/tasks/seasonal_naive/univariate/OpenElectricity_NEM/5T/medium/run_0/predictions.npz
    Computing per-window metrics...
    Saved metrics to /fslarge/scratch/users/h61084/codes/improved/outputs/foundation_models/tasks/seasonal_naive/univariate/OpenElectricity_NEM/5T/medium/run_0/metrics.npz
    Saved config to /fslarge/scratch/users/h61084/codes/improved/outputs/foundation_models/tasks/seasonal_naive/univariate/OpenElectricity_NEM/5T/medium/run_0/config.json
    Saved aggregate metrics to /fslarge/scratch/users/h61084/codes/improved/outputs/foundation_models/tasks/seasonal_naive/univariate/OpenElectricity_NEM/5T/medium/run_0/metrics_summary.json
    Metrics summary (averaged over all series/windows/variates):
      MSE: 138463.5791
      MAE: 174.9631
      RMSE: 202.9262
      MAPE: 6.8516
      sMAPE: 0.3431
      MASE: 1.0221
      ND: 0.4052
      CRPS: 0.3404
  Completed: 1 series x 42 windows
  Output: /fslarge/scratch/users/h61084/codes/improved/outputs/foundation_models/tasks/seasonal_naive/univariate/OpenElectricity_NEM/5T/medium/run_0

--- Term: long ---
  Config: prediction_length=288, test_length=4032, val_length=4032
TIME run allocation action=new run=/fslarge/scratch/users/h61084/codes/improved/outputs/foundation_models/tasks/seasonal_naive/univariate/OpenElectricity_NEM/5T/long/run_0 launch_id=selena_20260907T230635Z_3389 slurm_job_id=3221289 launched_at=2026-09-07T23:14:45.367145+00:00
  Dataset info:
    - Frequency: 5T
    - Num series: 1
    - Target dim: 10
    - Target mode: univariate
    - Series length: min=43488, max=43488, avg=43488.0
    - Test split: 4032 steps
    - Prediction length: 288
    - Windows: 14
    - Season length: 288
    Total instances: 140, Series during experiment: 10, Windows: 14
    Collecting ground truth and context...
    Detected to_univariate case: 10 flat series -> 1 series x 10 variates
    Organizing data into arrays...
    Saved predictions (quantiles) to /fslarge/scratch/users/h61084/codes/improved/outputs/foundation_models/tasks/seasonal_naive/univariate/OpenElectricity_NEM/5T/long/run_0/predictions.npz
    Computing per-window metrics...
    Saved metrics to /fslarge/scratch/users/h61084/codes/improved/outputs/foundation_models/tasks/seasonal_naive/univariate/OpenElectricity_NEM/5T/long/run_0/metrics.npz
    Saved config to /fslarge/scratch/users/h61084/codes/improved/outputs/foundation_models/tasks/seasonal_naive/univariate/OpenElectricity_NEM/5T/long/run_0/config.json
    Saved aggregate metrics to /fslarge/scratch/users/h61084/codes/improved/outputs/foundation_models/tasks/seasonal_naive/univariate/OpenElectricity_NEM/5T/long/run_0/metrics_summary.json
    Metrics summary (averaged over all series/windows/variates):
      MSE: 138463.5791
      MAE: 174.9631
      RMSE: 233.6873
      MAPE: 6.6750
      sMAPE: 0.3431
      MASE: 1.0225
      ND: 0.3194
      CRPS: 0.2714
  Completed: 1 series x 14 windows
  Output: /fslarge/scratch/users/h61084/codes/improved/outputs/foundation_models/tasks/seasonal_naive/univariate/OpenElectricity_NEM/5T/long/run_0

============================================================
All experiments completed!
Results saved to: /scratch/users/h61084/codes/improved/outputs/foundation_models/tasks
============================================================

############################################################
# All 1 dataset(s) completed!
############################################################

############################################################
# Dataset 1/1: EWELD_Load/15T
############################################################
Loading configuration...

============================================================
Model: Seasonal Naive
Dataset: EWELD_Load/15T
Terms: ['short', 'medium', 'long']
============================================================

--- Term: short ---
  Config: prediction_length=24, test_length=1344, val_length=1344
TIME run allocation action=new run=/fslarge/scratch/users/h61084/codes/improved/outputs/foundation_models/tasks/seasonal_naive/univariate/EWELD_Load/15T/short/run_0 launch_id=selena_20260907T230635Z_3389 slurm_job_id=3221289 launched_at=2026-09-07T23:14:50.231010+00:00
  Dataset info:
    - Frequency: 15T
    - Num series: 1
    - Target dim: 10
    - Target mode: univariate
    - Series length: min=20544, max=20544, avg=20544.0
    - Test split: 1344 steps
    - Prediction length: 24
    - Windows: 56
    - Season length: 96
    Total instances: 560, Series during experiment: 10, Windows: 56
    Collecting ground truth and context...
    Detected to_univariate case: 10 flat series -> 1 series x 10 variates
    Organizing data into arrays...
    Saved predictions (quantiles) to /fslarge/scratch/users/h61084/codes/improved/outputs/foundation_models/tasks/seasonal_naive/univariate/EWELD_Load/15T/short/run_0/predictions.npz
    Computing per-window metrics...
    Saved metrics to /fslarge/scratch/users/h61084/codes/improved/outputs/foundation_models/tasks/seasonal_naive/univariate/EWELD_Load/15T/short/run_0/metrics.npz
    Saved config to /fslarge/scratch/users/h61084/codes/improved/outputs/foundation_models/tasks/seasonal_naive/univariate/EWELD_Load/15T/short/run_0/config.json
    Saved aggregate metrics to /fslarge/scratch/users/h61084/codes/improved/outputs/foundation_models/tasks/seasonal_naive/univariate/EWELD_Load/15T/short/run_0/metrics_summary.json
    Metrics summary (averaged over all series/windows/variates):
      MSE: 2308.9373
      MAE: 19.3557
      RMSE: 24.3558
      MAPE: 0.6644
      sMAPE: 0.3774
      MASE: 0.9109
      ND: 0.8027
      CRPS: 2.3853
  Completed: 1 series x 56 windows
  Output: /fslarge/scratch/users/h61084/codes/improved/outputs/foundation_models/tasks/seasonal_naive/univariate/EWELD_Load/15T/short/run_0

--- Term: medium ---
  Config: prediction_length=96, test_length=1344, val_length=1344
TIME run allocation action=new run=/fslarge/scratch/users/h61084/codes/improved/outputs/foundation_models/tasks/seasonal_naive/univariate/EWELD_Load/15T/medium/run_0 launch_id=selena_20260907T230635Z_3389 slurm_job_id=3221289 launched_at=2026-09-07T23:14:55.074944+00:00
  Dataset info:
    - Frequency: 15T
    - Num series: 1
    - Target dim: 10
    - Target mode: univariate
    - Series length: min=20544, max=20544, avg=20544.0
    - Test split: 1344 steps
    - Prediction length: 96
    - Windows: 14
    - Season length: 96
    Total instances: 140, Series during experiment: 10, Windows: 14
    Collecting ground truth and context...
    Detected to_univariate case: 10 flat series -> 1 series x 10 variates
    Organizing data into arrays...
    Saved predictions (quantiles) to /fslarge/scratch/users/h61084/codes/improved/outputs/foundation_models/tasks/seasonal_naive/univariate/EWELD_Load/15T/medium/run_0/predictions.npz
    Computing per-window metrics...
    Saved metrics to /fslarge/scratch/users/h61084/codes/improved/outputs/foundation_models/tasks/seasonal_naive/univariate/EWELD_Load/15T/medium/run_0/metrics.npz
    Saved config to /fslarge/scratch/users/h61084/codes/improved/outputs/foundation_models/tasks/seasonal_naive/univariate/EWELD_Load/15T/medium/run_0/config.json
    Saved aggregate metrics to /fslarge/scratch/users/h61084/codes/improved/outputs/foundation_models/tasks/seasonal_naive/univariate/EWELD_Load/15T/medium/run_0/metrics_summary.json
    Metrics summary (averaged over all series/windows/variates):
      MSE: 2308.9373
      MAE: 19.3557
      RMSE: 26.4258
      MAPE: 0.6211
      sMAPE: 0.3572
      MASE: 0.9107
      ND: 0.3300
      CRPS: 0.3193
  Completed: 1 series x 14 windows
  Output: /fslarge/scratch/users/h61084/codes/improved/outputs/foundation_models/tasks/seasonal_naive/univariate/EWELD_Load/15T/medium/run_0

--- Term: long ---
  Config: prediction_length=672, test_length=1344, val_length=1344
TIME run allocation action=new run=/fslarge/scratch/users/h61084/codes/improved/outputs/foundation_models/tasks/seasonal_naive/univariate/EWELD_Load/15T/long/run_0 launch_id=selena_20260907T230635Z_3389 slurm_job_id=3221289 launched_at=2026-09-07T23:14:55.987690+00:00
  Dataset info:
    - Frequency: 15T
    - Num series: 1
    - Target dim: 10
    - Target mode: univariate
    - Series length: min=20544, max=20544, avg=20544.0
    - Test split: 1344 steps
    - Prediction length: 672
    - Windows: 2
    - Season length: 96
    Total instances: 20, Series during experiment: 10, Windows: 2
    Collecting ground truth and context...
    Detected to_univariate case: 10 flat series -> 1 series x 10 variates
    Organizing data into arrays...
    Saved predictions (quantiles) to /fslarge/scratch/users/h61084/codes/improved/outputs/foundation_models/tasks/seasonal_naive/univariate/EWELD_Load/15T/long/run_0/predictions.npz
    Computing per-window metrics...
    Saved metrics to /fslarge/scratch/users/h61084/codes/improved/outputs/foundation_models/tasks/seasonal_naive/univariate/EWELD_Load/15T/long/run_0/metrics.npz
    Saved config to /fslarge/scratch/users/h61084/codes/improved/outputs/foundation_models/tasks/seasonal_naive/univariate/EWELD_Load/15T/long/run_0/config.json
    Saved aggregate metrics to /fslarge/scratch/users/h61084/codes/improved/outputs/foundation_models/tasks/seasonal_naive/univariate/EWELD_Load/15T/long/run_0/metrics_summary.json
    Metrics summary (averaged over all series/windows/variates):
      MSE: 2574.7876
      MAE: 20.0364
      RMSE: 27.8261
      MAPE: 0.5876
      sMAPE: 0.3709
      MASE: 0.9731
      ND: 0.3172
      CRPS: 0.3942
  Completed: 1 series x 2 windows
  Output: /fslarge/scratch/users/h61084/codes/improved/outputs/foundation_models/tasks/seasonal_naive/univariate/EWELD_Load/15T/long/run_0

============================================================
All experiments completed!
Results saved to: /scratch/users/h61084/codes/improved/outputs/foundation_models/tasks
============================================================

############################################################
# All 1 dataset(s) completed!
############################################################

############################################################
# Dataset 1/1: SG_Carpark/15T
############################################################
Loading configuration...

============================================================
Model: Seasonal Naive
Dataset: SG_Carpark/15T
Terms: ['short', 'medium', 'long']
============================================================

--- Term: short ---
  Config: prediction_length=16, test_length=672, val_length=672
TIME run allocation action=new run=/fslarge/scratch/users/h61084/codes/improved/outputs/foundation_models/tasks/seasonal_naive/univariate/SG_Carpark/15T/short/run_0 launch_id=selena_20260907T230635Z_3389 slurm_job_id=3221289 launched_at=2026-09-07T23:14:59.708815+00:00
  Dataset info:
    - Frequency: 15T
    - Num series: 354
    - Target dim: 1
    - Target mode: univariate
    - Series length: min=14495, max=14495, avg=14495.0
    - Test split: 672 steps
    - Prediction length: 16
    - Windows: 42
    - Season length: 96
    Total instances: 14868, Series during experiment: 354, Windows: 42
    Collecting ground truth and context...
    Organizing data into arrays...
    Saved predictions (quantiles) to /fslarge/scratch/users/h61084/codes/improved/outputs/foundation_models/tasks/seasonal_naive/univariate/SG_Carpark/15T/short/run_0/predictions.npz
    Computing per-window metrics...
    Saved metrics to /fslarge/scratch/users/h61084/codes/improved/outputs/foundation_models/tasks/seasonal_naive/univariate/SG_Carpark/15T/short/run_0/metrics.npz
    Saved config to /fslarge/scratch/users/h61084/codes/improved/outputs/foundation_models/tasks/seasonal_naive/univariate/SG_Carpark/15T/short/run_0/config.json
    Saved aggregate metrics to /fslarge/scratch/users/h61084/codes/improved/outputs/foundation_models/tasks/seasonal_naive/univariate/SG_Carpark/15T/short/run_0/metrics_summary.json
    Metrics summary (averaged over all series/windows/variates):
      MSE: 971.2445
      MAE: 14.4234
      RMSE: 16.6666
      MAPE: 0.0871
      sMAPE: 0.0828
      MASE: 0.9421
      ND: 0.0827
      CRPS: 0.0776
  Completed: 354 series x 42 windows
  Output: /fslarge/scratch/users/h61084/codes/improved/outputs/foundation_models/tasks/seasonal_naive/univariate/SG_Carpark/15T/short/run_0

--- Term: medium ---
  Config: prediction_length=96, test_length=672, val_length=672
TIME run allocation action=new run=/fslarge/scratch/users/h61084/codes/improved/outputs/foundation_models/tasks/seasonal_naive/univariate/SG_Carpark/15T/medium/run_0 launch_id=selena_20260907T230635Z_3389 slurm_job_id=3221289 launched_at=2026-09-07T23:16:08.557992+00:00
  Dataset info:
    - Frequency: 15T
    - Num series: 354
    - Target dim: 1
    - Target mode: univariate
    - Series length: min=14495, max=14495, avg=14495.0
    - Test split: 672 steps
    - Prediction length: 96
    - Windows: 7
    - Season length: 96
    Total instances: 2478, Series during experiment: 354, Windows: 7
    Collecting ground truth and context...
    Organizing data into arrays...
    Saved predictions (quantiles) to /fslarge/scratch/users/h61084/codes/improved/outputs/foundation_models/tasks/seasonal_naive/univariate/SG_Carpark/15T/medium/run_0/predictions.npz
    Computing per-window metrics...
    Saved metrics to /fslarge/scratch/users/h61084/codes/improved/outputs/foundation_models/tasks/seasonal_naive/univariate/SG_Carpark/15T/medium/run_0/metrics.npz
    Saved config to /fslarge/scratch/users/h61084/codes/improved/outputs/foundation_models/tasks/seasonal_naive/univariate/SG_Carpark/15T/medium/run_0/config.json
    Saved aggregate metrics to /fslarge/scratch/users/h61084/codes/improved/outputs/foundation_models/tasks/seasonal_naive/univariate/SG_Carpark/15T/medium/run_0/metrics_summary.json
    Metrics summary (averaged over all series/windows/variates):
      MSE: 975.5628
      MAE: 14.4857
      RMSE: 19.6030
      MAPE: 0.0862
      sMAPE: 0.0837
      MASE: 0.9472
      ND: 0.0759
      CRPS: 0.0694
  Completed: 354 series x 7 windows
  Output: /fslarge/scratch/users/h61084/codes/improved/outputs/foundation_models/tasks/seasonal_naive/univariate/SG_Carpark/15T/medium/run_0

--- Term: long ---
  Config: prediction_length=672, test_length=672, val_length=672
TIME run allocation action=new run=/fslarge/scratch/users/h61084/codes/improved/outputs/foundation_models/tasks/seasonal_naive/univariate/SG_Carpark/15T/long/run_0 launch_id=selena_20260907T230635Z_3389 slurm_job_id=3221289 launched_at=2026-09-07T23:16:23.935867+00:00
  Dataset info:
    - Frequency: 15T
    - Num series: 354
    - Target dim: 1
    - Target mode: univariate
    - Series length: min=14495, max=14495, avg=14495.0
    - Test split: 672 steps
    - Prediction length: 672
    - Windows: 1
    - Season length: 96
    Total instances: 354, Series during experiment: 354, Windows: 1
    Collecting ground truth and context...
    Organizing data into arrays...
    Saved predictions (quantiles) to /fslarge/scratch/users/h61084/codes/improved/outputs/foundation_models/tasks/seasonal_naive/univariate/SG_Carpark/15T/long/run_0/predictions.npz
    Computing per-window metrics...
    Saved metrics to /fslarge/scratch/users/h61084/codes/improved/outputs/foundation_models/tasks/seasonal_naive/univariate/SG_Carpark/15T/long/run_0/metrics.npz
    Saved config to /fslarge/scratch/users/h61084/codes/improved/outputs/foundation_models/tasks/seasonal_naive/univariate/SG_Carpark/15T/long/run_0/config.json
    Saved aggregate metrics to /fslarge/scratch/users/h61084/codes/improved/outputs/foundation_models/tasks/seasonal_naive/univariate/SG_Carpark/15T/long/run_0/metrics_summary.json
    Metrics summary (averaged over all series/windows/variates):
      MSE: 1425.3833
      MAE: 20.3386
      RMSE: 27.6804
      MAPE: 0.1145
      sMAPE: 0.1159
      MASE: 1.3079
      ND: 0.1058
      CRPS: 0.1019
  Completed: 354 series x 1 windows
  Output: /fslarge/scratch/users/h61084/codes/improved/outputs/foundation_models/tasks/seasonal_naive/univariate/SG_Carpark/15T/long/run_0

============================================================
All experiments completed!
Results saved to: /scratch/users/h61084/codes/improved/outputs/foundation_models/tasks
============================================================

############################################################
# All 1 dataset(s) completed!
############################################################

############################################################
# Dataset 1/1: Finland_Traffic/15T
############################################################
Loading configuration...

============================================================
Model: Seasonal Naive
Dataset: Finland_Traffic/15T
Terms: ['short', 'medium', 'long']
============================================================

--- Term: short ---
  Config: prediction_length=16, test_length=2976, val_length=2880
TIME run allocation action=new run=/fslarge/scratch/users/h61084/codes/improved/outputs/foundation_models/tasks/seasonal_naive/univariate/Finland_Traffic/15T/short/run_0 launch_id=selena_20260907T230635Z_3389 slurm_job_id=3221289 launched_at=2026-09-07T23:16:34.099069+00:00
  Dataset info:
    - Frequency: 15T
    - Num series: 1
    - Target dim: 1
    - Target mode: univariate
    - Series length: min=35136, max=35136, avg=35136.0
    - Test split: 2976 steps
    - Prediction length: 16
    - Windows: 186
    - Season length: 96
    Total instances: 186, Series during experiment: 1, Windows: 186
    Collecting ground truth and context...
    Organizing data into arrays...
    Saved predictions (quantiles) to /fslarge/scratch/users/h61084/codes/improved/outputs/foundation_models/tasks/seasonal_naive/univariate/Finland_Traffic/15T/short/run_0/predictions.npz
    Computing per-window metrics...
    Saved metrics to /fslarge/scratch/users/h61084/codes/improved/outputs/foundation_models/tasks/seasonal_naive/univariate/Finland_Traffic/15T/short/run_0/metrics.npz
    Saved config to /fslarge/scratch/users/h61084/codes/improved/outputs/foundation_models/tasks/seasonal_naive/univariate/Finland_Traffic/15T/short/run_0/config.json
    Saved aggregate metrics to /fslarge/scratch/users/h61084/codes/improved/outputs/foundation_models/tasks/seasonal_naive/univariate/Finland_Traffic/15T/short/run_0/metrics_summary.json
    Metrics summary (averaged over all series/windows/variates):
      MSE: 2599.3569
      MAE: 32.1983
      RMSE: 37.8607
      MAPE: 0.3633
      sMAPE: 0.3113
      MASE: 0.7822
      ND: 0.3339
      CRPS: 0.5039
  Completed: 1 series x 186 windows
  Output: /fslarge/scratch/users/h61084/codes/improved/outputs/foundation_models/tasks/seasonal_naive/univariate/Finland_Traffic/15T/short/run_0

--- Term: medium ---
  Config: prediction_length=96, test_length=2976, val_length=2880
TIME run allocation action=new run=/fslarge/scratch/users/h61084/codes/improved/outputs/foundation_models/tasks/seasonal_naive/univariate/Finland_Traffic/15T/medium/run_0 launch_id=selena_20260907T230635Z_3389 slurm_job_id=3221289 launched_at=2026-09-07T23:16:37.323863+00:00
  Dataset info:
    - Frequency: 15T
    - Num series: 1
    - Target dim: 1
    - Target mode: univariate
    - Series length: min=35136, max=35136, avg=35136.0
    - Test split: 2976 steps
    - Prediction length: 96
    - Windows: 31
    - Season length: 96
    Total instances: 31, Series during experiment: 1, Windows: 31
    Collecting ground truth and context...
    Organizing data into arrays...
    Saved predictions (quantiles) to /fslarge/scratch/users/h61084/codes/improved/outputs/foundation_models/tasks/seasonal_naive/univariate/Finland_Traffic/15T/medium/run_0/predictions.npz
    Computing per-window metrics...
    Saved metrics to /fslarge/scratch/users/h61084/codes/improved/outputs/foundation_models/tasks/seasonal_naive/univariate/Finland_Traffic/15T/medium/run_0/metrics.npz
    Saved config to /fslarge/scratch/users/h61084/codes/improved/outputs/foundation_models/tasks/seasonal_naive/univariate/Finland_Traffic/15T/medium/run_0/config.json
    Saved aggregate metrics to /fslarge/scratch/users/h61084/codes/improved/outputs/foundation_models/tasks/seasonal_naive/univariate/Finland_Traffic/15T/medium/run_0/metrics_summary.json
    Metrics summary (averaged over all series/windows/variates):
      MSE: 2599.3569
      MAE: 32.1983
      RMSE: 45.0638
      MAPE: 0.3633
      sMAPE: 0.3113
      MASE: 0.7820
      ND: 0.2577
      CRPS: 0.2444
  Completed: 1 series x 31 windows
  Output: /fslarge/scratch/users/h61084/codes/improved/outputs/foundation_models/tasks/seasonal_naive/univariate/Finland_Traffic/15T/medium/run_0

--- Term: long ---
  Config: prediction_length=672, test_length=2976, val_length=2880
TIME run allocation action=new run=/fslarge/scratch/users/h61084/codes/improved/outputs/foundation_models/tasks/seasonal_naive/univariate/Finland_Traffic/15T/long/run_0 launch_id=selena_20260907T230635Z_3389 slurm_job_id=3221289 launched_at=2026-09-07T23:16:37.562232+00:00
  Dataset info:
    - Frequency: 15T
    - Num series: 1
    - Target dim: 1
    - Target mode: univariate
    - Series length: min=35136, max=35136, avg=35136.0
    - Test split: 2976 steps
    - Prediction length: 672
    - Windows: 4
    - Season length: 96
    Total instances: 4, Series during experiment: 1, Windows: 4
    Collecting ground truth and context...
    Organizing data into arrays...
    Saved predictions (quantiles) to /fslarge/scratch/users/h61084/codes/improved/outputs/foundation_models/tasks/seasonal_naive/univariate/Finland_Traffic/15T/long/run_0/predictions.npz
    Computing per-window metrics...
    Saved metrics to /fslarge/scratch/users/h61084/codes/improved/outputs/foundation_models/tasks/seasonal_naive/univariate/Finland_Traffic/15T/long/run_0/metrics.npz
    Saved config to /fslarge/scratch/users/h61084/codes/improved/outputs/foundation_models/tasks/seasonal_naive/univariate/Finland_Traffic/15T/long/run_0/config.json
    Saved aggregate metrics to /fslarge/scratch/users/h61084/codes/improved/outputs/foundation_models/tasks/seasonal_naive/univariate/Finland_Traffic/15T/long/run_0/metrics_summary.json
    Metrics summary (averaged over all series/windows/variates):
      MSE: 3411.3073
      MAE: 38.6354
      RMSE: 57.7493
      MAPE: 0.3717
      sMAPE: 0.3529
      MASE: 0.9356
      ND: 0.2937
      CRPS: 0.3423
  Completed: 1 series x 4 windows
  Output: /fslarge/scratch/users/h61084/codes/improved/outputs/foundation_models/tasks/seasonal_naive/univariate/Finland_Traffic/15T/long/run_0

============================================================
All experiments completed!
Results saved to: /scratch/users/h61084/codes/improved/outputs/foundation_models/tasks
============================================================

############################################################
# All 1 dataset(s) completed!
############################################################

############################################################
# Dataset 1/1: Port_Activity/D
############################################################
Loading configuration...

============================================================
Model: Seasonal Naive
Dataset: Port_Activity/D
Terms: ['short']
============================================================

--- Term: short ---
  Config: prediction_length=30, test_length=365, val_length=90
TIME run allocation action=new run=/fslarge/scratch/users/h61084/codes/improved/outputs/foundation_models/tasks/seasonal_naive/univariate/Port_Activity/D/short/run_0 launch_id=selena_20260907T230635Z_3389 slurm_job_id=3221289 launched_at=2026-09-07T23:16:40.844679+00:00
  Dataset info:
    - Frequency: D
    - Num series: 99
    - Target dim: 2
    - Target mode: univariate
    - Series length: min=2127, max=2127, avg=2127.0
    - Test split: 365 steps
    - Prediction length: 30
    - Windows: 12
    - Season length: 1
    Total instances: 2376, Series during experiment: 198, Windows: 12
    Collecting ground truth and context...
    Detected to_univariate case: 198 flat series -> 99 series x 2 variates
    Organizing data into arrays...
    ⚠️  Predictions max value (1963383.12) exceeds float16 safe range.
    ⚠️  Applying scale factor: 100 (values will be divided)
    Saved predictions (quantiles) to /fslarge/scratch/users/h61084/codes/improved/outputs/foundation_models/tasks/seasonal_naive/univariate/Port_Activity/D/short/run_0/predictions.npz
    Computing per-window metrics...
    Saved metrics to /fslarge/scratch/users/h61084/codes/improved/outputs/foundation_models/tasks/seasonal_naive/univariate/Port_Activity/D/short/run_0/metrics.npz
    Saved config to /fslarge/scratch/users/h61084/codes/improved/outputs/foundation_models/tasks/seasonal_naive/univariate/Port_Activity/D/short/run_0/config.json
    Saved aggregate metrics to /fslarge/scratch/users/h61084/codes/improved/outputs/foundation_models/tasks/seasonal_naive/univariate/Port_Activity/D/short/run_0/metrics_summary.json
    Metrics summary (averaged over all series/windows/variates):
      MSE: 1827611456.9983
      MAE: 22185.7365
      RMSE: 27928.8855
      MAPE: 7.2098
      sMAPE: 1.1668
      MASE: 0.9536
      ND: 1.0905
      CRPS: 3.3919
  Completed: 99 series x 12 windows
  Output: /fslarge/scratch/users/h61084/codes/improved/outputs/foundation_models/tasks/seasonal_naive/univariate/Port_Activity/D/short/run_0

============================================================
All experiments completed!
Results saved to: /scratch/users/h61084/codes/improved/outputs/foundation_models/tasks
============================================================

############################################################
# All 1 dataset(s) completed!
############################################################

############################################################
# Dataset 1/1: Port_Activity/W
############################################################
Loading configuration...

============================================================
Model: Seasonal Naive
Dataset: Port_Activity/W
Terms: ['short']
============================================================

--- Term: short ---
  Config: prediction_length=13, test_length=52, val_length=13
TIME run allocation action=new run=/fslarge/scratch/users/h61084/codes/improved/outputs/foundation_models/tasks/seasonal_naive/univariate/Port_Activity/W/short/run_0 launch_id=selena_20260907T230635Z_3389 slurm_job_id=3221289 launched_at=2026-09-07T23:16:55.002614+00:00
  Dataset info:
    - Frequency: W
    - Num series: 99
    - Target dim: 2
    - Target mode: univariate
    - Series length: min=304, max=304, avg=304.0
    - Test split: 52 steps
    - Prediction length: 13
    - Windows: 4
    - Season length: 1
    Total instances: 792, Series during experiment: 198, Windows: 4
    Collecting ground truth and context...
    Detected to_univariate case: 198 flat series -> 99 series x 2 variates
    Organizing data into arrays...
    ⚠️  Predictions max value (4321556.00) exceeds float16 safe range.
    ⚠️  Applying scale factor: 100 (values will be divided)
    Saved predictions (quantiles) to /fslarge/scratch/users/h61084/codes/improved/outputs/foundation_models/tasks/seasonal_naive/univariate/Port_Activity/W/short/run_0/predictions.npz
    Computing per-window metrics...
    Saved metrics to /fslarge/scratch/users/h61084/codes/improved/outputs/foundation_models/tasks/seasonal_naive/univariate/Port_Activity/W/short/run_0/metrics.npz
    Saved config to /fslarge/scratch/users/h61084/codes/improved/outputs/foundation_models/tasks/seasonal_naive/univariate/Port_Activity/W/short/run_0/config.json
    Saved aggregate metrics to /fslarge/scratch/users/h61084/codes/improved/outputs/foundation_models/tasks/seasonal_naive/univariate/Port_Activity/W/short/run_0/metrics_summary.json
    Metrics summary (averaged over all series/windows/variates):
      MSE: 9329314085.2355
      MAE: 54781.2982
      RMSE: 65422.3254
      MAPE: 0.7243
      sMAPE: 0.4240
      MASE: 0.9755
      ND: 0.4228
      CRPS: 0.4890
  Completed: 99 series x 4 windows
  Output: /fslarge/scratch/users/h61084/codes/improved/outputs/foundation_models/tasks/seasonal_naive/univariate/Port_Activity/W/short/run_0

============================================================
All experiments completed!
Results saved to: /scratch/users/h61084/codes/improved/outputs/foundation_models/tasks
============================================================

############################################################
# All 1 dataset(s) completed!
############################################################

############################################################
# Dataset 1/1: ECDC_COVID/D
############################################################
Loading configuration...

============================================================
Model: Seasonal Naive
Dataset: ECDC_COVID/D
Terms: ['short']
============================================================

--- Term: short ---
  Config: prediction_length=30, test_length=150, val_length=30
TIME run allocation action=new run=/fslarge/scratch/users/h61084/codes/improved/outputs/foundation_models/tasks/seasonal_naive/univariate/ECDC_COVID/D/short/run_0 launch_id=selena_20260907T230635Z_3389 slurm_job_id=3221289 launched_at=2026-09-07T23:17:04.077487+00:00
  Dataset info:
    - Frequency: D
    - Num series: 9
    - Target dim: 1
    - Target mode: univariate
    - Series length: min=794, max=1229, avg=1116.6
    - Test split: 150 steps
    - Prediction length: 30
    - Windows: 5
    - Season length: 1
    Total instances: 45, Series during experiment: 9, Windows: 5
    Collecting ground truth and context...
    Organizing data into arrays...
    Saved predictions (quantiles) to /fslarge/scratch/users/h61084/codes/improved/outputs/foundation_models/tasks/seasonal_naive/univariate/ECDC_COVID/D/short/run_0/predictions.npz
    Computing per-window metrics...
    Saved metrics to /fslarge/scratch/users/h61084/codes/improved/outputs/foundation_models/tasks/seasonal_naive/univariate/ECDC_COVID/D/short/run_0/metrics.npz
    Saved config to /fslarge/scratch/users/h61084/codes/improved/outputs/foundation_models/tasks/seasonal_naive/univariate/ECDC_COVID/D/short/run_0/config.json
    Saved aggregate metrics to /fslarge/scratch/users/h61084/codes/improved/outputs/foundation_models/tasks/seasonal_naive/univariate/ECDC_COVID/D/short/run_0/metrics_summary.json
    Metrics summary (averaged over all series/windows/variates):
      MSE: 51539.0496
      MAE: 133.1281
      RMSE: 153.0662
      MAPE: 0.4967
      sMAPE: 0.3378
      MASE: 3.5427
      ND: 0.3687
      CRPS: 0.6498
  Completed: 9 series x 5 windows
  Output: /fslarge/scratch/users/h61084/codes/improved/outputs/foundation_models/tasks/seasonal_naive/univariate/ECDC_COVID/D/short/run_0

============================================================
All experiments completed!
Results saved to: /scratch/users/h61084/codes/improved/outputs/foundation_models/tasks
============================================================

############################################################
# All 1 dataset(s) completed!
############################################################

############################################################
# Dataset 1/1: ECDC_COVID/W
############################################################
Loading configuration...

============================================================
Model: Seasonal Naive
Dataset: ECDC_COVID/W
Terms: ['short']
============================================================

--- Term: short ---
  Config: prediction_length=13, test_length=52, val_length=13
TIME run allocation action=new run=/fslarge/scratch/users/h61084/codes/improved/outputs/foundation_models/tasks/seasonal_naive/univariate/ECDC_COVID/W/short/run_0 launch_id=selena_20260907T230635Z_3389 slurm_job_id=3221289 launched_at=2026-09-07T23:17:09.600058+00:00
  Dataset info:
    - Frequency: W
    - Num series: 16
    - Target dim: 1
    - Target mode: univariate
    - Series length: min=114, max=196, avg=165.4
    - Test split: 52 steps
    - Prediction length: 13
    - Windows: 4
    - Season length: 1
    Total instances: 64, Series during experiment: 16, Windows: 4
    Collecting ground truth and context...
    Organizing data into arrays...
    Saved predictions (quantiles) to /fslarge/scratch/users/h61084/codes/improved/outputs/foundation_models/tasks/seasonal_naive/univariate/ECDC_COVID/W/short/run_0/predictions.npz
    Computing per-window metrics...
    Saved metrics to /fslarge/scratch/users/h61084/codes/improved/outputs/foundation_models/tasks/seasonal_naive/univariate/ECDC_COVID/W/short/run_0/metrics.npz
    Saved config to /fslarge/scratch/users/h61084/codes/improved/outputs/foundation_models/tasks/seasonal_naive/univariate/ECDC_COVID/W/short/run_0/config.json
    Saved aggregate metrics to /fslarge/scratch/users/h61084/codes/improved/outputs/foundation_models/tasks/seasonal_naive/univariate/ECDC_COVID/W/short/run_0/metrics_summary.json
    Metrics summary (averaged over all series/windows/variates):
      MSE: 3640247.6390
      MAE: 638.8263
      RMSE: 723.5644
      MAPE: 1.0706
      sMAPE: 0.5328
      MASE: 1.5434
      ND: 0.6362
      CRPS: 0.7838
  Completed: 16 series x 4 windows
  Output: /fslarge/scratch/users/h61084/codes/improved/outputs/foundation_models/tasks/seasonal_naive/univariate/ECDC_COVID/W/short/run_0

============================================================
All experiments completed!
Results saved to: /scratch/users/h61084/codes/improved/outputs/foundation_models/tasks
============================================================

############################################################
# All 1 dataset(s) completed!
############################################################

############################################################
# Dataset 1/1: Global_Influenza/W
############################################################
Loading configuration...

============================================================
Model: Seasonal Naive
Dataset: Global_Influenza/W
Terms: ['short']
============================================================

--- Term: short ---
  Config: prediction_length=13, test_length=52, val_length=13
TIME run allocation action=new run=/fslarge/scratch/users/h61084/codes/improved/outputs/foundation_models/tasks/seasonal_naive/univariate/Global_Influenza/W/short/run_0 launch_id=selena_20260907T230635Z_3389 slurm_job_id=3221289 launched_at=2026-09-07T23:17:15.213791+00:00
  Dataset info:
    - Frequency: W
    - Num series: 15
    - Target dim: 4
    - Target mode: univariate
    - Series length: min=154, max=210, avg=205.6
    - Test split: 52 steps
    - Prediction length: 13
    - Windows: 4
    - Season length: 1
    Total instances: 240, Series during experiment: 60, Windows: 4
    Collecting ground truth and context...
    Detected to_univariate case: 60 flat series -> 15 series x 4 variates
    Organizing data into arrays...
    ⚠️  Predictions max value (94309.20) exceeds float16 safe range.
    ⚠️  Applying scale factor: 10 (values will be divided)
    Saved predictions (quantiles) to /fslarge/scratch/users/h61084/codes/improved/outputs/foundation_models/tasks/seasonal_naive/univariate/Global_Influenza/W/short/run_0/predictions.npz
    Computing per-window metrics...
    Saved metrics to /fslarge/scratch/users/h61084/codes/improved/outputs/foundation_models/tasks/seasonal_naive/univariate/Global_Influenza/W/short/run_0/metrics.npz
    Saved config to /fslarge/scratch/users/h61084/codes/improved/outputs/foundation_models/tasks/seasonal_naive/univariate/Global_Influenza/W/short/run_0/config.json
    Saved aggregate metrics to /fslarge/scratch/users/h61084/codes/improved/outputs/foundation_models/tasks/seasonal_naive/univariate/Global_Influenza/W/short/run_0/metrics_summary.json
    Metrics summary (averaged over all series/windows/variates):
      MSE: 6934961.3746
      MAE: 754.0241
      RMSE: 921.2047
      MAPE: 1.5757
      sMAPE: 0.6307
      MASE: 4.2308
      ND: 0.8149
      CRPS: 1.3513
  Completed: 15 series x 4 windows
  Output: /fslarge/scratch/users/h61084/codes/improved/outputs/foundation_models/tasks/seasonal_naive/univariate/Global_Influenza/W/short/run_0

============================================================
All experiments completed!
Results saved to: /scratch/users/h61084/codes/improved/outputs/foundation_models/tasks
============================================================

############################################################
# All 1 dataset(s) completed!
############################################################

############################################################
# Dataset 1/1: Crypto/D
############################################################
Loading configuration...

============================================================
Model: Seasonal Naive
Dataset: Crypto/D
Terms: ['short']
============================================================

--- Term: short ---
  Config: prediction_length=30, test_length=273, val_length=92
TIME run allocation action=new run=/fslarge/scratch/users/h61084/codes/improved/outputs/foundation_models/tasks/seasonal_naive/univariate/Crypto/D/short/run_0 launch_id=selena_20260907T230635Z_3389 slurm_job_id=3221289 launched_at=2026-09-07T23:17:22.164577+00:00
  Dataset info:
    - Frequency: D
    - Num series: 1
    - Target dim: 4
    - Target mode: univariate
    - Series length: min=2842, max=2842, avg=2842.0
    - Test split: 273 steps
    - Prediction length: 30
    - Windows: 9
    - Season length: 1
    Total instances: 36, Series during experiment: 4, Windows: 9
    Collecting ground truth and context...
    Detected to_univariate case: 4 flat series -> 1 series x 4 variates
    Organizing data into arrays...
    ⚠️  Predictions max value (125167.44) exceeds float16 safe range.
    ⚠️  Applying scale factor: 10 (values will be divided)
    Saved predictions (quantiles) to /fslarge/scratch/users/h61084/codes/improved/outputs/foundation_models/tasks/seasonal_naive/univariate/Crypto/D/short/run_0/predictions.npz
    Computing per-window metrics...
    Saved metrics to /fslarge/scratch/users/h61084/codes/improved/outputs/foundation_models/tasks/seasonal_naive/univariate/Crypto/D/short/run_0/metrics.npz
    Saved config to /fslarge/scratch/users/h61084/codes/improved/outputs/foundation_models/tasks/seasonal_naive/univariate/Crypto/D/short/run_0/config.json
    Saved aggregate metrics to /fslarge/scratch/users/h61084/codes/improved/outputs/foundation_models/tasks/seasonal_naive/univariate/Crypto/D/short/run_0/metrics_summary.json
    Metrics summary (averaged over all series/windows/variates):
      MSE: 11649881.8599
      MAE: 1362.7788
      RMSE: 1615.0384
      MAPE: 0.0915
      sMAPE: 0.0913
      MASE: 6.1696
      ND: 0.0925
      CRPS: 0.0831
  Completed: 1 series x 9 windows
  Output: /fslarge/scratch/users/h61084/codes/improved/outputs/foundation_models/tasks/seasonal_naive/univariate/Crypto/D/short/run_0

============================================================
All experiments completed!
Results saved to: /scratch/users/h61084/codes/improved/outputs/foundation_models/tasks
============================================================

############################################################
# All 1 dataset(s) completed!
############################################################

############################################################
# Dataset 1/1: US_Term_Structure/B
############################################################
Loading configuration...

============================================================
Model: Seasonal Naive
Dataset: US_Term_Structure/B
Terms: ['short']
============================================================

--- Term: short ---
  Config: prediction_length=20, test_length=717, val_length=100
TIME run allocation action=new run=/fslarge/scratch/users/h61084/codes/improved/outputs/foundation_models/tasks/seasonal_naive/univariate/US_Term_Structure/B/short/run_0 launch_id=selena_20260907T230635Z_3389 slurm_job_id=3221289 launched_at=2026-09-07T23:17:27.695431+00:00
  Dataset info:
    - Frequency: B
    - Num series: 1
    - Target dim: 40
    - Target mode: univariate
    - Series length: min=9326, max=9326, avg=9326.0
    - Test split: 717 steps
    - Prediction length: 20
    - Windows: 35
    - Season length: 5
    Total instances: 1400, Series during experiment: 40, Windows: 35
    Collecting ground truth and context...
    Detected to_univariate case: 40 flat series -> 1 series x 40 variates
    Organizing data into arrays...
    Saved predictions (quantiles) to /fslarge/scratch/users/h61084/codes/improved/outputs/foundation_models/tasks/seasonal_naive/univariate/US_Term_Structure/B/short/run_0/predictions.npz
    Computing per-window metrics...
    Saved metrics to /fslarge/scratch/users/h61084/codes/improved/outputs/foundation_models/tasks/seasonal_naive/univariate/US_Term_Structure/B/short/run_0/metrics.npz
    Saved config to /fslarge/scratch/users/h61084/codes/improved/outputs/foundation_models/tasks/seasonal_naive/univariate/US_Term_Structure/B/short/run_0/config.json
    Saved aggregate metrics to /fslarge/scratch/users/h61084/codes/improved/outputs/foundation_models/tasks/seasonal_naive/univariate/US_Term_Structure/B/short/run_0/metrics_summary.json
    Metrics summary (averaged over all series/windows/variates):
      MSE: 0.0276
      MAE: 0.1192
      RMSE: 0.1388
      MAPE: 1.0737
      sMAPE: 0.3051
      MASE: 1.7650
      ND: 0.3129
      CRPS: 0.2463
  Completed: 1 series x 35 windows
  Output: /fslarge/scratch/users/h61084/codes/improved/outputs/foundation_models/tasks/seasonal_naive/univariate/US_Term_Structure/B/short/run_0

============================================================
All experiments completed!
Results saved to: /scratch/users/h61084/codes/improved/outputs/foundation_models/tasks
============================================================

############################################################
# All 1 dataset(s) completed!
############################################################

############################################################
# Dataset 1/1: Oil_Price/B
############################################################
Loading configuration...

============================================================
Model: Seasonal Naive
Dataset: Oil_Price/B
Terms: ['short']
============================================================

--- Term: short ---
  Config: prediction_length=20, test_length=717, val_length=100
TIME run allocation action=new run=/fslarge/scratch/users/h61084/codes/improved/outputs/foundation_models/tasks/seasonal_naive/univariate/Oil_Price/B/short/run_0 launch_id=selena_20260907T230635Z_3389 slurm_job_id=3221289 launched_at=2026-09-07T23:18:49.868297+00:00
  Dataset info:
    - Frequency: B
    - Num series: 1
    - Target dim: 12
    - Target mode: univariate
    - Series length: min=5035, max=5035, avg=5035.0
    - Test split: 717 steps
    - Prediction length: 20
    - Windows: 35
    - Season length: 5
    Total instances: 420, Series during experiment: 12, Windows: 35
    Collecting ground truth and context...
    Detected to_univariate case: 12 flat series -> 1 series x 12 variates
    Organizing data into arrays...
    Saved predictions (quantiles) to /fslarge/scratch/users/h61084/codes/improved/outputs/foundation_models/tasks/seasonal_naive/univariate/Oil_Price/B/short/run_0/predictions.npz
    Computing per-window metrics...
    Saved metrics to /fslarge/scratch/users/h61084/codes/improved/outputs/foundation_models/tasks/seasonal_naive/univariate/Oil_Price/B/short/run_0/metrics.npz
    Saved config to /fslarge/scratch/users/h61084/codes/improved/outputs/foundation_models/tasks/seasonal_naive/univariate/Oil_Price/B/short/run_0/config.json
    Saved aggregate metrics to /fslarge/scratch/users/h61084/codes/improved/outputs/foundation_models/tasks/seasonal_naive/univariate/Oil_Price/B/short/run_0/metrics_summary.json
    Metrics summary (averaged over all series/windows/variates):
      MSE: 3.2693
      MAE: 0.7114
      RMSE: 0.8310
      MAPE: 0.0651
      sMAPE: 0.0637
      MASE: 1.5497
      ND: 0.0649
      CRPS: 0.0534
  Completed: 1 series x 35 windows
  Output: /fslarge/scratch/users/h61084/codes/improved/outputs/foundation_models/tasks/seasonal_naive/univariate/Oil_Price/B/short/run_0

============================================================
All experiments completed!
Results saved to: /scratch/users/h61084/codes/improved/outputs/foundation_models/tasks
============================================================

############################################################
# All 1 dataset(s) completed!
############################################################

############################################################
# Dataset 1/1: Job_Claims/W
############################################################
Loading configuration...

============================================================
Model: Seasonal Naive
Dataset: Job_Claims/W
Terms: ['short']
============================================================

--- Term: short ---
  Config: prediction_length=13, test_length=52, val_length=13
TIME run allocation action=new run=/fslarge/scratch/users/h61084/codes/improved/outputs/foundation_models/tasks/seasonal_naive/univariate/Job_Claims/W/short/run_0 launch_id=selena_20260907T230635Z_3389 slurm_job_id=3221289 launched_at=2026-09-07T23:19:08.461693+00:00
  Dataset info:
    - Frequency: W
    - Num series: 1
    - Target dim: 2
    - Target mode: univariate
    - Series length: min=196, max=196, avg=196.0
    - Test split: 52 steps
    - Prediction length: 13
    - Windows: 4
    - Season length: 1
    Total instances: 8, Series during experiment: 2, Windows: 4
    Collecting ground truth and context...
    Detected to_univariate case: 2 flat series -> 1 series x 2 variates
    Organizing data into arrays...
    ⚠️  Predictions max value (2000333.75) exceeds float16 safe range.
    ⚠️  Applying scale factor: 100 (values will be divided)
    Saved predictions (quantiles) to /fslarge/scratch/users/h61084/codes/improved/outputs/foundation_models/tasks/seasonal_naive/univariate/Job_Claims/W/short/run_0/predictions.npz
    Computing per-window metrics...
    Saved metrics to /fslarge/scratch/users/h61084/codes/improved/outputs/foundation_models/tasks/seasonal_naive/univariate/Job_Claims/W/short/run_0/metrics.npz
    Saved config to /fslarge/scratch/users/h61084/codes/improved/outputs/foundation_models/tasks/seasonal_naive/univariate/Job_Claims/W/short/run_0/config.json
    Saved aggregate metrics to /fslarge/scratch/users/h61084/codes/improved/outputs/foundation_models/tasks/seasonal_naive/univariate/Job_Claims/W/short/run_0/metrics_summary.json
    Metrics summary (averaged over all series/windows/variates):
      MSE: 507934495.1923
      MAE: 14396.6346
      RMSE: 17530.3462
      MAPE: 0.0231
      sMAPE: 0.0231
      MASE: 2.7214
      ND: 0.0231
      CRPS: 0.0188
  Completed: 1 series x 4 windows
  Output: /fslarge/scratch/users/h61084/codes/improved/outputs/foundation_models/tasks/seasonal_naive/univariate/Job_Claims/W/short/run_0

============================================================
All experiments completed!
Results saved to: /scratch/users/h61084/codes/improved/outputs/foundation_models/tasks
============================================================

############################################################
# All 1 dataset(s) completed!
############################################################

############################################################
# Dataset 1/1: Uncertainty_1M/M
############################################################
Loading configuration...

============================================================
Model: Seasonal Naive
Dataset: Uncertainty_1M/M
Terms: ['short']
============================================================

--- Term: short ---
  Config: prediction_length=6, test_length=42, val_length=18
TIME run allocation action=new run=/fslarge/scratch/users/h61084/codes/improved/outputs/foundation_models/tasks/seasonal_naive/univariate/Uncertainty_1M/M/short/run_0 launch_id=selena_20260907T230635Z_3389 slurm_job_id=3221289 launched_at=2026-09-07T23:19:13.835759+00:00
  Dataset info:
    - Frequency: M
    - Num series: 1
    - Target dim: 3
    - Target mode: univariate
    - Series length: min=780, max=780, avg=780.0
    - Test split: 42 steps
    - Prediction length: 6
    - Windows: 7
    - Season length: 12
    Total instances: 21, Series during experiment: 3, Windows: 7
    Collecting ground truth and context...
    Detected to_univariate case: 3 flat series -> 1 series x 3 variates
    Organizing data into arrays...
    Saved predictions (quantiles) to /fslarge/scratch/users/h61084/codes/improved/outputs/foundation_models/tasks/seasonal_naive/univariate/Uncertainty_1M/M/short/run_0/predictions.npz
    Computing per-window metrics...
    Saved metrics to /fslarge/scratch/users/h61084/codes/improved/outputs/foundation_models/tasks/seasonal_naive/univariate/Uncertainty_1M/M/short/run_0/metrics.npz
    Saved config to /fslarge/scratch/users/h61084/codes/improved/outputs/foundation_models/tasks/seasonal_naive/univariate/Uncertainty_1M/M/short/run_0/config.json
    Saved aggregate metrics to /fslarge/scratch/users/h61084/codes/improved/outputs/foundation_models/tasks/seasonal_naive/univariate/Uncertainty_1M/M/short/run_0/metrics_summary.json
    Metrics summary (averaged over all series/windows/variates):
      MSE: 0.0086
      MAE: 0.0751
      RMSE: 0.0805
      MAPE: 0.0948
      sMAPE: 0.0904
      MASE: 0.9687
      ND: 0.0946
      CRPS: 0.0744
  Completed: 1 series x 7 windows
  Output: /fslarge/scratch/users/h61084/codes/improved/outputs/foundation_models/tasks/seasonal_naive/univariate/Uncertainty_1M/M/short/run_0

============================================================
All experiments completed!
Results saved to: /scratch/users/h61084/codes/improved/outputs/foundation_models/tasks
============================================================

############################################################
# All 1 dataset(s) completed!
############################################################

############################################################
# Dataset 1/1: Housing_Inventory/M
############################################################
Loading configuration...

============================================================
Model: Seasonal Naive
Dataset: Housing_Inventory/M
Terms: ['short']
============================================================

--- Term: short ---
  Config: prediction_length=12, test_length=36, val_length=12
TIME run allocation action=new run=/fslarge/scratch/users/h61084/codes/improved/outputs/foundation_models/tasks/seasonal_naive/univariate/Housing_Inventory/M/short/run_0 launch_id=selena_20260907T230635Z_3389 slurm_job_id=3221289 launched_at=2026-09-07T23:19:19.275557+00:00
  Dataset info:
    - Frequency: M
    - Num series: 1
    - Target dim: 4
    - Target mode: univariate
    - Series length: min=114, max=114, avg=114.0
    - Test split: 36 steps
    - Prediction length: 12
    - Windows: 3
    - Season length: 12
    Total instances: 12, Series during experiment: 4, Windows: 3
    Collecting ground truth and context...
    Detected to_univariate case: 4 flat series -> 1 series x 4 variates
    Organizing data into arrays...
    ⚠️  Predictions max value (1230268.38) exceeds float16 safe range.
    ⚠️  Applying scale factor: 100 (values will be divided)
    Saved predictions (quantiles) to /fslarge/scratch/users/h61084/codes/improved/outputs/foundation_models/tasks/seasonal_naive/univariate/Housing_Inventory/M/short/run_0/predictions.npz
    Computing per-window metrics...
    Saved metrics to /fslarge/scratch/users/h61084/codes/improved/outputs/foundation_models/tasks/seasonal_naive/univariate/Housing_Inventory/M/short/run_0/metrics.npz
    Saved config to /fslarge/scratch/users/h61084/codes/improved/outputs/foundation_models/tasks/seasonal_naive/univariate/Housing_Inventory/M/short/run_0/config.json
    Saved aggregate metrics to /fslarge/scratch/users/h61084/codes/improved/outputs/foundation_models/tasks/seasonal_naive/univariate/Housing_Inventory/M/short/run_0/metrics_summary.json
    Metrics summary (averaged over all series/windows/variates):
      MSE: 7412825699.4722
      MAE: 39817.3333
      RMSE: 44342.1601
      MAPE: 0.0849
      sMAPE: 0.0948
      MASE: 0.6840
      ND: 0.0840
      CRPS: 0.0662
  Completed: 1 series x 3 windows
  Output: /fslarge/scratch/users/h61084/codes/improved/outputs/foundation_models/tasks/seasonal_naive/univariate/Housing_Inventory/M/short/run_0

============================================================
All experiments completed!
Results saved to: /scratch/users/h61084/codes/improved/outputs/foundation_models/tasks
============================================================

############################################################
# All 1 dataset(s) completed!
############################################################

############################################################
# Dataset 1/1: JOLTS/M
############################################################
Loading configuration...

============================================================
Model: Seasonal Naive
Dataset: JOLTS/M
Terms: ['short']
============================================================

--- Term: short ---
  Config: prediction_length=12, test_length=60, val_length=12
TIME run allocation action=new run=/fslarge/scratch/users/h61084/codes/improved/outputs/foundation_models/tasks/seasonal_naive/univariate/JOLTS/M/short/run_0 launch_id=selena_20260907T230635Z_3389 slurm_job_id=3221289 launched_at=2026-09-07T23:19:24.628625+00:00
  Dataset info:
    - Frequency: M
    - Num series: 1
    - Target dim: 6
    - Target mode: univariate
    - Series length: min=297, max=297, avg=297.0
    - Test split: 60 steps
    - Prediction length: 12
    - Windows: 5
    - Season length: 12
    Total instances: 30, Series during experiment: 6, Windows: 5
    Collecting ground truth and context...
    Detected to_univariate case: 6 flat series -> 1 series x 6 variates
    Organizing data into arrays...
    Saved predictions (quantiles) to /fslarge/scratch/users/h61084/codes/improved/outputs/foundation_models/tasks/seasonal_naive/univariate/JOLTS/M/short/run_0/predictions.npz
    Computing per-window metrics...
    Saved metrics to /fslarge/scratch/users/h61084/codes/improved/outputs/foundation_models/tasks/seasonal_naive/univariate/JOLTS/M/short/run_0/metrics.npz
    Saved config to /fslarge/scratch/users/h61084/codes/improved/outputs/foundation_models/tasks/seasonal_naive/univariate/JOLTS/M/short/run_0/config.json
    Saved aggregate metrics to /fslarge/scratch/users/h61084/codes/improved/outputs/foundation_models/tasks/seasonal_naive/univariate/JOLTS/M/short/run_0/metrics_summary.json
    Metrics summary (averaged over all series/windows/variates):
      MSE: 1180516.5472
      MAE: 591.6528
      RMSE: 718.6913
      MAPE: 0.1271
      sMAPE: 0.1271
      MASE: 1.6856
      ND: 0.1269
      CRPS: 0.1014
  Completed: 1 series x 5 windows
  Output: /fslarge/scratch/users/h61084/codes/improved/outputs/foundation_models/tasks/seasonal_naive/univariate/JOLTS/M/short/run_0

============================================================
All experiments completed!
Results saved to: /scratch/users/h61084/codes/improved/outputs/foundation_models/tasks
============================================================

############################################################
# All 1 dataset(s) completed!
############################################################

############################################################
# Dataset 1/1: US_Labor/M
############################################################
Loading configuration...

============================================================
Model: Seasonal Naive
Dataset: US_Labor/M
Terms: ['short']
============================================================

--- Term: short ---
  Config: prediction_length=12, test_length=60, val_length=12
TIME run allocation action=new run=/fslarge/scratch/users/h61084/codes/improved/outputs/foundation_models/tasks/seasonal_naive/univariate/US_Labor/M/short/run_0 launch_id=selena_20260907T230635Z_3389 slurm_job_id=3221289 launched_at=2026-09-07T23:19:30.060245+00:00
  Dataset info:
    - Frequency: M
    - Num series: 1
    - Target dim: 14
    - Target mode: univariate
    - Series length: min=380, max=380, avg=380.0
    - Test split: 60 steps
    - Prediction length: 12
    - Windows: 5
    - Season length: 12
    Total instances: 70, Series during experiment: 14, Windows: 5
    Collecting ground truth and context...
    Detected to_univariate case: 14 flat series -> 1 series x 14 variates
    Organizing data into arrays...
    ⚠️  Predictions max value (172092.44) exceeds float16 safe range.
    ⚠️  Applying scale factor: 10 (values will be divided)
    Saved predictions (quantiles) to /fslarge/scratch/users/h61084/codes/improved/outputs/foundation_models/tasks/seasonal_naive/univariate/US_Labor/M/short/run_0/predictions.npz
    Computing per-window metrics...
    Saved metrics to /fslarge/scratch/users/h61084/codes/improved/outputs/foundation_models/tasks/seasonal_naive/univariate/US_Labor/M/short/run_0/metrics.npz
    Saved config to /fslarge/scratch/users/h61084/codes/improved/outputs/foundation_models/tasks/seasonal_naive/univariate/US_Labor/M/short/run_0/config.json
    Saved aggregate metrics to /fslarge/scratch/users/h61084/codes/improved/outputs/foundation_models/tasks/seasonal_naive/univariate/US_Labor/M/short/run_0/metrics_summary.json
    Metrics summary (averaged over all series/windows/variates):
      MSE: 4248042.8339
      MAE: 872.2662
      RMSE: 956.0641
      MAPE: 0.1290
      sMAPE: 0.1167
      MASE: 1.7726
      ND: 0.1260
      CRPS: 0.1095
  Completed: 1 series x 5 windows
  Output: /fslarge/scratch/users/h61084/codes/improved/outputs/foundation_models/tasks/seasonal_naive/univariate/US_Labor/M/short/run_0

============================================================
All experiments completed!
Results saved to: /scratch/users/h61084/codes/improved/outputs/foundation_models/tasks
============================================================

############################################################
# All 1 dataset(s) completed!
############################################################

############################################################
# Dataset 1/1: Vehicle_Supply/M
############################################################
Loading configuration...

============================================================
Model: Seasonal Naive
Dataset: Vehicle_Supply/M
Terms: ['short']
============================================================

--- Term: short ---
  Config: prediction_length=12, test_length=60, val_length=12
TIME run allocation action=new run=/fslarge/scratch/users/h61084/codes/improved/outputs/foundation_models/tasks/seasonal_naive/univariate/Vehicle_Supply/M/short/run_0 launch_id=selena_20260907T230635Z_3389 slurm_job_id=3221289 launched_at=2026-09-07T23:19:35.693762+00:00
  Dataset info:
    - Frequency: M
    - Num series: 1
    - Target dim: 6
    - Target mode: univariate
    - Series length: min=391, max=391, avg=391.0
    - Test split: 60 steps
    - Prediction length: 12
    - Windows: 5
    - Season length: 12
    Total instances: 30, Series during experiment: 6, Windows: 5
    Collecting ground truth and context...
    Detected to_univariate case: 6 flat series -> 1 series x 6 variates
    Organizing data into arrays...
    Saved predictions (quantiles) to /fslarge/scratch/users/h61084/codes/improved/outputs/foundation_models/tasks/seasonal_naive/univariate/Vehicle_Supply/M/short/run_0/predictions.npz
    Computing per-window metrics...
    Saved metrics to /fslarge/scratch/users/h61084/codes/improved/outputs/foundation_models/tasks/seasonal_naive/univariate/Vehicle_Supply/M/short/run_0/metrics.npz
    Saved config to /fslarge/scratch/users/h61084/codes/improved/outputs/foundation_models/tasks/seasonal_naive/univariate/Vehicle_Supply/M/short/run_0/config.json
    Saved aggregate metrics to /fslarge/scratch/users/h61084/codes/improved/outputs/foundation_models/tasks/seasonal_naive/univariate/Vehicle_Supply/M/short/run_0/metrics_summary.json
    Metrics summary (averaged over all series/windows/variates):
      MSE: 5581.0794
      MAE: 33.0499
      RMSE: 37.8094
      MAPE: 0.4446
      sMAPE: 0.3195
      MASE: 1.1124
      ND: 0.4187
      CRPS: 0.3489
  Completed: 1 series x 5 windows
  Output: /fslarge/scratch/users/h61084/codes/improved/outputs/foundation_models/tasks/seasonal_naive/univariate/Vehicle_Supply/M/short/run_0

============================================================
All experiments completed!
Results saved to: /scratch/users/h61084/codes/improved/outputs/foundation_models/tasks
============================================================

############################################################
# All 1 dataset(s) completed!
############################################################

############################################################
# Dataset 1/1: Auto_Production_SF/M
############################################################
Loading configuration...

============================================================
Model: Seasonal Naive
Dataset: Auto_Production_SF/M
Terms: ['short']
============================================================

--- Term: short ---
  Config: prediction_length=12, test_length=60, val_length=12
TIME run allocation action=new run=/fslarge/scratch/users/h61084/codes/improved/outputs/foundation_models/tasks/seasonal_naive/univariate/Auto_Production_SF/M/short/run_0 launch_id=selena_20260907T230635Z_3389 slurm_job_id=3221289 launched_at=2026-09-07T23:19:41.168536+00:00
  Dataset info:
    - Frequency: M
    - Num series: 1
    - Target dim: 1
    - Target mode: univariate
    - Series length: min=367, max=367, avg=367.0
    - Test split: 60 steps
    - Prediction length: 12
    - Windows: 5
    - Season length: 12
    Total instances: 5, Series during experiment: 1, Windows: 5
    Collecting ground truth and context...
    Organizing data into arrays...
    Saved predictions (quantiles) to /fslarge/scratch/users/h61084/codes/improved/outputs/foundation_models/tasks/seasonal_naive/univariate/Auto_Production_SF/M/short/run_0/predictions.npz
    Computing per-window metrics...
    Saved metrics to /fslarge/scratch/users/h61084/codes/improved/outputs/foundation_models/tasks/seasonal_naive/univariate/Auto_Production_SF/M/short/run_0/metrics.npz
    Saved config to /fslarge/scratch/users/h61084/codes/improved/outputs/foundation_models/tasks/seasonal_naive/univariate/Auto_Production_SF/M/short/run_0/config.json
    Saved aggregate metrics to /fslarge/scratch/users/h61084/codes/improved/outputs/foundation_models/tasks/seasonal_naive/univariate/Auto_Production_SF/M/short/run_0/metrics_summary.json
    Metrics summary (averaged over all series/windows/variates):
      MSE: 27.1470
      MAE: 3.8103
      RMSE: 4.8448
      MAPE: 0.0393
      sMAPE: 0.0392
      MASE: 0.9635
      ND: 0.0382
      CRPS: 0.0315
  Completed: 1 series x 5 windows
  Output: /fslarge/scratch/users/h61084/codes/improved/outputs/foundation_models/tasks/seasonal_naive/univariate/Auto_Production_SF/M/short/run_0

============================================================
All experiments completed!
Results saved to: /scratch/users/h61084/codes/improved/outputs/foundation_models/tasks
============================================================

############################################################
# All 1 dataset(s) completed!
############################################################

############################################################
# Dataset 1/1: Commodity_Production/M
############################################################
Loading configuration...

============================================================
Model: Seasonal Naive
Dataset: Commodity_Production/M
Terms: ['short']
============================================================

--- Term: short ---
  Config: prediction_length=12, test_length=60, val_length=12
TIME run allocation action=new run=/fslarge/scratch/users/h61084/codes/improved/outputs/foundation_models/tasks/seasonal_naive/univariate/Commodity_Production/M/short/run_0 launch_id=selena_20260907T230635Z_3389 slurm_job_id=3221289 launched_at=2026-09-07T23:19:46.509062+00:00
  Dataset info:
    - Frequency: M
    - Num series: 32
    - Target dim: 1
    - Target mode: univariate
    - Series length: min=120, max=648, avg=325.1
    - Test split: 60 steps
    - Prediction length: 12
    - Windows: 5
    - Season length: 12
    Total instances: 160, Series during experiment: 32, Windows: 5
    Collecting ground truth and context...
    Organizing data into arrays...
    Saved predictions (quantiles) to /fslarge/scratch/users/h61084/codes/improved/outputs/foundation_models/tasks/seasonal_naive/univariate/Commodity_Production/M/short/run_0/predictions.npz
    Computing per-window metrics...
    Saved metrics to /fslarge/scratch/users/h61084/codes/improved/outputs/foundation_models/tasks/seasonal_naive/univariate/Commodity_Production/M/short/run_0/metrics.npz
    Saved config to /fslarge/scratch/users/h61084/codes/improved/outputs/foundation_models/tasks/seasonal_naive/univariate/Commodity_Production/M/short/run_0/config.json
    Saved aggregate metrics to /fslarge/scratch/users/h61084/codes/improved/outputs/foundation_models/tasks/seasonal_naive/univariate/Commodity_Production/M/short/run_0/metrics_summary.json
    Metrics summary (averaged over all series/windows/variates):
      MSE: 71632.8841
      MAE: 79.6431
      RMSE: 92.2455
      MAPE: 0.2694
      sMAPE: 0.2133
      MASE: 1.2201
      ND: 0.2125
      CRPS: 0.1746
  Completed: 32 series x 5 windows
  Output: /fslarge/scratch/users/h61084/codes/improved/outputs/foundation_models/tasks/seasonal_naive/univariate/Commodity_Production/M/short/run_0

============================================================
All experiments completed!
Results saved to: /scratch/users/h61084/codes/improved/outputs/foundation_models/tasks
============================================================

############################################################
# All 1 dataset(s) completed!
############################################################

############################################################
# Dataset 1/1: Commodity_Import/M
############################################################
Loading configuration...

============================================================
Model: Seasonal Naive
Dataset: Commodity_Import/M
Terms: ['short']
============================================================

--- Term: short ---
  Config: prediction_length=12, test_length=60, val_length=12
TIME run allocation action=new run=/fslarge/scratch/users/h61084/codes/improved/outputs/foundation_models/tasks/seasonal_naive/univariate/Commodity_Import/M/short/run_0 launch_id=selena_20260907T230635Z_3389 slurm_job_id=3221289 launched_at=2026-09-07T23:19:52.511417+00:00
  Dataset info:
    - Frequency: M
    - Num series: 8
    - Target dim: 1
    - Target mode: univariate
    - Series length: min=254, max=1240, avg=697.2
    - Test split: 60 steps
    - Prediction length: 12
    - Windows: 5
    - Season length: 12
    Total instances: 40, Series during experiment: 8, Windows: 5
    Collecting ground truth and context...
    Organizing data into arrays...
    Saved predictions (quantiles) to /fslarge/scratch/users/h61084/codes/improved/outputs/foundation_models/tasks/seasonal_naive/univariate/Commodity_Import/M/short/run_0/predictions.npz
    Computing per-window metrics...
    Saved metrics to /fslarge/scratch/users/h61084/codes/improved/outputs/foundation_models/tasks/seasonal_naive/univariate/Commodity_Import/M/short/run_0/metrics.npz
    Saved config to /fslarge/scratch/users/h61084/codes/improved/outputs/foundation_models/tasks/seasonal_naive/univariate/Commodity_Import/M/short/run_0/config.json
    Saved aggregate metrics to /fslarge/scratch/users/h61084/codes/improved/outputs/foundation_models/tasks/seasonal_naive/univariate/Commodity_Import/M/short/run_0/metrics_summary.json
    Metrics summary (averaged over all series/windows/variates):
      MSE: 2012552.0634
      MAE: 607.4800
      RMSE: 731.2889
      MAPE: 0.3374
      sMAPE: 0.2586
      MASE: 1.8336
      ND: 0.3003
      CRPS: 0.3226
  Completed: 8 series x 5 windows
  Output: /fslarge/scratch/users/h61084/codes/improved/outputs/foundation_models/tasks/seasonal_naive/univariate/Commodity_Import/M/short/run_0

============================================================
All experiments completed!
Results saved to: /scratch/users/h61084/codes/improved/outputs/foundation_models/tasks
============================================================

############################################################
# All 1 dataset(s) completed!
############################################################

############################################################
# Dataset 1/1: WUI_Global/Q
############################################################
Loading configuration...

============================================================
Model: Seasonal Naive
Dataset: WUI_Global/Q
Terms: ['short']
============================================================

--- Term: short ---
  Config: prediction_length=4, test_length=20, val_length=20
TIME run allocation action=new run=/fslarge/scratch/users/h61084/codes/improved/outputs/foundation_models/tasks/seasonal_naive/univariate/WUI_Global/Q/short/run_0 launch_id=selena_20260907T230635Z_3389 slurm_job_id=3221289 launched_at=2026-09-07T23:19:58.063508+00:00
  Dataset info:
    - Frequency: Q
    - Num series: 1
    - Target dim: 15
    - Target mode: univariate
    - Series length: min=294, max=294, avg=294.0
    - Test split: 20 steps
    - Prediction length: 4
    - Windows: 5
    - Season length: 4
    Total instances: 75, Series during experiment: 15, Windows: 5
    Collecting ground truth and context...
    Detected to_univariate case: 15 flat series -> 1 series x 15 variates
    Organizing data into arrays...
    Saved predictions (quantiles) to /fslarge/scratch/users/h61084/codes/improved/outputs/foundation_models/tasks/seasonal_naive/univariate/WUI_Global/Q/short/run_0/predictions.npz
    Computing per-window metrics...
    Saved metrics to /fslarge/scratch/users/h61084/codes/improved/outputs/foundation_models/tasks/seasonal_naive/univariate/WUI_Global/Q/short/run_0/metrics.npz
    Saved config to /fslarge/scratch/users/h61084/codes/improved/outputs/foundation_models/tasks/seasonal_naive/univariate/WUI_Global/Q/short/run_0/config.json
    Saved aggregate metrics to /fslarge/scratch/users/h61084/codes/improved/outputs/foundation_models/tasks/seasonal_naive/univariate/WUI_Global/Q/short/run_0/metrics_summary.json
    Metrics summary (averaged over all series/windows/variates):
      MSE: 0.0748
      MAE: 0.1941
      RMSE: 0.2317
      MAPE: 0.8995
      sMAPE: 0.8234
      MASE: 1.2753
      ND: 0.9871
      CRPS: 0.7830
  Completed: 1 series x 5 windows
  Output: /fslarge/scratch/users/h61084/codes/improved/outputs/foundation_models/tasks/seasonal_naive/univariate/WUI_Global/Q/short/run_0

============================================================
All experiments completed!
Results saved to: /scratch/users/h61084/codes/improved/outputs/foundation_models/tasks
============================================================

############################################################
# All 1 dataset(s) completed!
############################################################

############################################################
# Dataset 1/1: Global_Price/Q
############################################################
Loading configuration...

============================================================
Model: Seasonal Naive
Dataset: Global_Price/Q
Terms: ['short']
============================================================

--- Term: short ---
  Config: prediction_length=4, test_length=20, val_length=8
TIME run allocation action=new run=/fslarge/scratch/users/h61084/codes/improved/outputs/foundation_models/tasks/seasonal_naive/univariate/Global_Price/Q/short/run_0 launch_id=selena_20260907T230635Z_3389 slurm_job_id=3221289 launched_at=2026-09-07T23:20:03.699162+00:00
  Dataset info:
    - Frequency: Q
    - Num series: 1
    - Target dim: 60
    - Target mode: univariate
    - Series length: min=142, max=142, avg=142.0
    - Test split: 20 steps
    - Prediction length: 4
    - Windows: 5
    - Season length: 4
    Total instances: 300, Series during experiment: 60, Windows: 5
    Collecting ground truth and context...
    Detected to_univariate case: 60 flat series -> 1 series x 60 variates
    Organizing data into arrays...
    Saved predictions (quantiles) to /fslarge/scratch/users/h61084/codes/improved/outputs/foundation_models/tasks/seasonal_naive/univariate/Global_Price/Q/short/run_0/predictions.npz
    Computing per-window metrics...
    Saved metrics to /fslarge/scratch/users/h61084/codes/improved/outputs/foundation_models/tasks/seasonal_naive/univariate/Global_Price/Q/short/run_0/metrics.npz
    Saved config to /fslarge/scratch/users/h61084/codes/improved/outputs/foundation_models/tasks/seasonal_naive/univariate/Global_Price/Q/short/run_0/config.json
    Saved aggregate metrics to /fslarge/scratch/users/h61084/codes/improved/outputs/foundation_models/tasks/seasonal_naive/univariate/Global_Price/Q/short/run_0/metrics_summary.json
    Metrics summary (averaged over all series/windows/variates):
      MSE: 2706706.7588
      MAE: 375.3520
      RMSE: 421.9553
      MAPE: 0.2196
      sMAPE: 0.2247
      MASE: 1.8605
      ND: 0.2190
      CRPS: 0.1811
  Completed: 1 series x 5 windows
  Output: /fslarge/scratch/users/h61084/codes/improved/outputs/foundation_models/tasks/seasonal_naive/univariate/Global_Price/Q/short/run_0

============================================================
All experiments completed!
Results saved to: /scratch/users/h61084/codes/improved/outputs/foundation_models/tasks
============================================================

############################################################
# All 1 dataset(s) completed!
############################################################

############################################################
# Dataset 1/1: Vehicle_Sales/M
############################################################
Loading configuration...

============================================================
Model: Seasonal Naive
Dataset: Vehicle_Sales/M
Terms: ['short']
============================================================

--- Term: short ---
  Config: prediction_length=12, test_length=60, val_length=12
TIME run allocation action=new run=/fslarge/scratch/users/h61084/codes/improved/outputs/foundation_models/tasks/seasonal_naive/univariate/Vehicle_Sales/M/short/run_0 launch_id=selena_20260907T230635Z_3389 slurm_job_id=3221289 launched_at=2026-09-07T23:20:10.086696+00:00
  Dataset info:
    - Frequency: M
    - Num series: 1
    - Target dim: 10
    - Target mode: univariate
    - Series length: min=596, max=596, avg=596.0
    - Test split: 60 steps
    - Prediction length: 12
    - Windows: 5
    - Season length: 12
    Total instances: 50, Series during experiment: 10, Windows: 5
    Collecting ground truth and context...
    Detected to_univariate case: 10 flat series -> 1 series x 10 variates
    Organizing data into arrays...
    Saved predictions (quantiles) to /fslarge/scratch/users/h61084/codes/improved/outputs/foundation_models/tasks/seasonal_naive/univariate/Vehicle_Sales/M/short/run_0/predictions.npz
    Computing per-window metrics...
    Saved metrics to /fslarge/scratch/users/h61084/codes/improved/outputs/foundation_models/tasks/seasonal_naive/univariate/Vehicle_Sales/M/short/run_0/metrics.npz
    Saved config to /fslarge/scratch/users/h61084/codes/improved/outputs/foundation_models/tasks/seasonal_naive/univariate/Vehicle_Sales/M/short/run_0/config.json
    Saved aggregate metrics to /fslarge/scratch/users/h61084/codes/improved/outputs/foundation_models/tasks/seasonal_naive/univariate/Vehicle_Sales/M/short/run_0/metrics_summary.json
    Metrics summary (averaged over all series/windows/variates):
      MSE: 4675.6469
      MAE: 16.5703
      RMSE: 20.2560
      MAPE: 0.1320
      sMAPE: 0.1320
      MASE: 1.3004
      ND: 0.1331
      CRPS: 0.1107
  Completed: 1 series x 5 windows
  Output: /fslarge/scratch/users/h61084/codes/improved/outputs/foundation_models/tasks/seasonal_naive/univariate/Vehicle_Sales/M/short/run_0

============================================================
All experiments completed!
Results saved to: /scratch/users/h61084/codes/improved/outputs/foundation_models/tasks
============================================================

############################################################
# All 1 dataset(s) completed!
############################################################

############################################################
# Dataset 1/1: Online_Retail_2_UCI/D
############################################################
Loading configuration...

============================================================
Model: Seasonal Naive
Dataset: Online_Retail_2_UCI/D
Terms: ['short']
============================================================

--- Term: short ---
  Config: prediction_length=30, test_length=180, val_length=90
TIME run allocation action=new run=/fslarge/scratch/users/h61084/codes/improved/outputs/foundation_models/tasks/seasonal_naive/univariate/Online_Retail_2_UCI/D/short/run_0 launch_id=selena_20260907T230635Z_3389 slurm_job_id=3221289 launched_at=2026-09-07T23:20:15.683340+00:00
  Dataset info:
    - Frequency: D
    - Num series: 1
    - Target dim: 1
    - Target mode: univariate
    - Series length: min=739, max=739, avg=739.0
    - Test split: 180 steps
    - Prediction length: 30
    - Windows: 6
    - Season length: 1
    Total instances: 6, Series during experiment: 1, Windows: 6
    Collecting ground truth and context...
    Organizing data into arrays...
    ⚠️  Predictions max value (227947.41) exceeds float16 safe range.
    ⚠️  Applying scale factor: 10 (values will be divided)
    Saved predictions (quantiles) to /fslarge/scratch/users/h61084/codes/improved/outputs/foundation_models/tasks/seasonal_naive/univariate/Online_Retail_2_UCI/D/short/run_0/predictions.npz
    Computing per-window metrics...
    Saved metrics to /fslarge/scratch/users/h61084/codes/improved/outputs/foundation_models/tasks/seasonal_naive/univariate/Online_Retail_2_UCI/D/short/run_0/metrics.npz
    Saved config to /fslarge/scratch/users/h61084/codes/improved/outputs/foundation_models/tasks/seasonal_naive/univariate/Online_Retail_2_UCI/D/short/run_0/config.json
    Saved aggregate metrics to /fslarge/scratch/users/h61084/codes/improved/outputs/foundation_models/tasks/seasonal_naive/univariate/Online_Retail_2_UCI/D/short/run_0/metrics_summary.json
    Metrics summary (averaged over all series/windows/variates):
      MSE: 1262580518.4349
      MAE: 26709.8403
      RMSE: 32649.6730
      MAPE: 0.8271
      sMAPE: 0.9342
      MASE: 1.6233
      ND: 0.8599
      CRPS: 0.8981
  Completed: 1 series x 6 windows
  Output: /fslarge/scratch/users/h61084/codes/improved/outputs/foundation_models/tasks/seasonal_naive/univariate/Online_Retail_2_UCI/D/short/run_0

============================================================
All experiments completed!
Results saved to: /scratch/users/h61084/codes/improved/outputs/foundation_models/tasks
============================================================

############################################################
# All 1 dataset(s) completed!
############################################################

############################################################
# Dataset 1/1: Supply_Chain_Customer/D
############################################################
Loading configuration...

============================================================
Model: Seasonal Naive
Dataset: Supply_Chain_Customer/D
Terms: ['short']
============================================================

--- Term: short ---
  Config: prediction_length=30, test_length=365, val_length=90
TIME run allocation action=new run=/fslarge/scratch/users/h61084/codes/improved/outputs/foundation_models/tasks/seasonal_naive/univariate/Supply_Chain_Customer/D/short/run_0 launch_id=selena_20260907T230635Z_3389 slurm_job_id=3221289 launched_at=2026-09-07T23:20:21.054434+00:00
  Dataset info:
    - Frequency: D
    - Num series: 1
    - Target dim: 36
    - Target mode: univariate
    - Series length: min=2007, max=2007, avg=2007.0
    - Test split: 365 steps
    - Prediction length: 30
    - Windows: 12
    - Season length: 1
    Total instances: 432, Series during experiment: 36, Windows: 12
    Collecting ground truth and context...
    Detected to_univariate case: 36 flat series -> 1 series x 36 variates
    Organizing data into arrays...
    ⚠️  Predictions max value (484642.56) exceeds float16 safe range.
    ⚠️  Applying scale factor: 10 (values will be divided)
    Saved predictions (quantiles) to /fslarge/scratch/users/h61084/codes/improved/outputs/foundation_models/tasks/seasonal_naive/univariate/Supply_Chain_Customer/D/short/run_0/predictions.npz
    Computing per-window metrics...
    Saved metrics to /fslarge/scratch/users/h61084/codes/improved/outputs/foundation_models/tasks/seasonal_naive/univariate/Supply_Chain_Customer/D/short/run_0/metrics.npz
    Saved config to /fslarge/scratch/users/h61084/codes/improved/outputs/foundation_models/tasks/seasonal_naive/univariate/Supply_Chain_Customer/D/short/run_0/config.json
    Saved aggregate metrics to /fslarge/scratch/users/h61084/codes/improved/outputs/foundation_models/tasks/seasonal_naive/univariate/Supply_Chain_Customer/D/short/run_0/metrics_summary.json
    Metrics summary (averaged over all series/windows/variates):
      MSE: 174072113.7703
      MAE: 4463.3072
      RMSE: 5498.1302
      MAPE: 1.4575
      sMAPE: 0.8445
      MASE: 1.5244
      ND: 0.8811
      CRPS: 1.0545
  Completed: 1 series x 12 windows
  Output: /fslarge/scratch/users/h61084/codes/improved/outputs/foundation_models/tasks/seasonal_naive/univariate/Supply_Chain_Customer/D/short/run_0

============================================================
All experiments completed!
Results saved to: /scratch/users/h61084/codes/improved/outputs/foundation_models/tasks
============================================================

############################################################
# All 1 dataset(s) completed!
############################################################

############################################################
# Dataset 1/1: Supply_Chain_Location/D
############################################################
Loading configuration...

============================================================
Model: Seasonal Naive
Dataset: Supply_Chain_Location/D
Terms: ['short']
============================================================

--- Term: short ---
  Config: prediction_length=30, test_length=365, val_length=90
TIME run allocation action=new run=/fslarge/scratch/users/h61084/codes/improved/outputs/foundation_models/tasks/seasonal_naive/univariate/Supply_Chain_Location/D/short/run_0 launch_id=selena_20260907T230635Z_3389 slurm_job_id=3221289 launched_at=2026-09-07T23:20:27.956509+00:00
  Dataset info:
    - Frequency: D
    - Num series: 1
    - Target dim: 51
    - Target mode: univariate
    - Series length: min=2007, max=2007, avg=2007.0
    - Test split: 365 steps
    - Prediction length: 30
    - Windows: 12
    - Season length: 1
    Total instances: 612, Series during experiment: 51, Windows: 12
    Collecting ground truth and context...
    Detected to_univariate case: 51 flat series -> 1 series x 51 variates
    Organizing data into arrays...
    ⚠️  Predictions max value (244197.86) exceeds float16 safe range.
    ⚠️  Applying scale factor: 10 (values will be divided)
    Saved predictions (quantiles) to /fslarge/scratch/users/h61084/codes/improved/outputs/foundation_models/tasks/seasonal_naive/univariate/Supply_Chain_Location/D/short/run_0/predictions.npz
    Computing per-window metrics...
    Saved metrics to /fslarge/scratch/users/h61084/codes/improved/outputs/foundation_models/tasks/seasonal_naive/univariate/Supply_Chain_Location/D/short/run_0/metrics.npz
    Saved config to /fslarge/scratch/users/h61084/codes/improved/outputs/foundation_models/tasks/seasonal_naive/univariate/Supply_Chain_Location/D/short/run_0/config.json
    Saved aggregate metrics to /fslarge/scratch/users/h61084/codes/improved/outputs/foundation_models/tasks/seasonal_naive/univariate/Supply_Chain_Location/D/short/run_0/metrics_summary.json
    Metrics summary (averaged over all series/windows/variates):
      MSE: 72938255.9527
      MAE: 3511.5716
      RMSE: 4374.4949
      MAPE: 1.4102
      sMAPE: 0.8172
      MASE: 1.4264
      ND: 0.8347
      CRPS: 1.0415
  Completed: 1 series x 12 windows
  Output: /fslarge/scratch/users/h61084/codes/improved/outputs/foundation_models/tasks/seasonal_naive/univariate/Supply_Chain_Location/D/short/run_0

============================================================
All experiments completed!
Results saved to: /scratch/users/h61084/codes/improved/outputs/foundation_models/tasks
============================================================

############################################################
# All 1 dataset(s) completed!
############################################################

############################################################
# Dataset 1/1: azure2019_D/5T
############################################################
Loading configuration...

============================================================
Model: Seasonal Naive
Dataset: azure2019_D/5T
Terms: ['short']
============================================================

--- Term: short ---
  Config: prediction_length=288, test_length=864, val_length=864
TIME run allocation action=new run=/fslarge/scratch/users/h61084/codes/improved/outputs/foundation_models/tasks/seasonal_naive/univariate/azure2019_D/5T/short/run_0 launch_id=selena_20260907T230635Z_3389 slurm_job_id=3221289 launched_at=2026-09-07T23:20:35.598067+00:00
  Dataset info:
    - Frequency: 5T
    - Num series: 989
    - Target dim: 3
    - Target mode: univariate
    - Series length: min=8073, max=8639, avg=8627.0
    - Test split: 864 steps
    - Prediction length: 288
    - Windows: 3
    - Season length: 288
    Total instances: 8901, Series during experiment: 2967, Windows: 3
    Collecting ground truth and context...
    Detected to_univariate case: 2967 flat series -> 989 series x 3 variates
    Organizing data into arrays...
    Saved predictions (quantiles) to /fslarge/scratch/users/h61084/codes/improved/outputs/foundation_models/tasks/seasonal_naive/univariate/azure2019_D/5T/short/run_0/predictions.npz
    Computing per-window metrics...
    Saved metrics to /fslarge/scratch/users/h61084/codes/improved/outputs/foundation_models/tasks/seasonal_naive/univariate/azure2019_D/5T/short/run_0/metrics.npz
    Saved config to /fslarge/scratch/users/h61084/codes/improved/outputs/foundation_models/tasks/seasonal_naive/univariate/azure2019_D/5T/short/run_0/config.json
    Saved aggregate metrics to /fslarge/scratch/users/h61084/codes/improved/outputs/foundation_models/tasks/seasonal_naive/univariate/azure2019_D/5T/short/run_0/metrics_summary.json
    Metrics summary (averaged over all series/windows/variates):
      MSE: 106.6340
      MAE: 3.7928
      RMSE: 5.2215
      MAPE: 0.3684
      sMAPE: 0.2399
      MASE: 1.0620
      ND: 0.2808
      CRPS: 0.2901
  Completed: 989 series x 3 windows
  Output: /fslarge/scratch/users/h61084/codes/improved/outputs/foundation_models/tasks/seasonal_naive/univariate/azure2019_D/5T/short/run_0

============================================================
All experiments completed!
Results saved to: /scratch/users/h61084/codes/improved/outputs/foundation_models/tasks
============================================================

############################################################
# All 1 dataset(s) completed!
############################################################

############################################################
# Dataset 1/1: azure2019_I/5T
############################################################
Loading configuration...

============================================================
Model: Seasonal Naive
Dataset: azure2019_I/5T
Terms: ['short']
============================================================

--- Term: short ---
  Config: prediction_length=288, test_length=864, val_length=864
TIME run allocation action=new run=/fslarge/scratch/users/h61084/codes/improved/outputs/foundation_models/tasks/seasonal_naive/univariate/azure2019_I/5T/short/run_0 launch_id=selena_20260907T230635Z_3389 slurm_job_id=3221289 launched_at=2026-09-07T23:22:05.392684+00:00
  Dataset info:
    - Frequency: 5T
    - Num series: 492
    - Target dim: 3
    - Target mode: univariate
    - Series length: min=8250, max=8639, avg=8630.4
    - Test split: 864 steps
    - Prediction length: 288
    - Windows: 3
    - Season length: 288
    Total instances: 4428, Series during experiment: 1476, Windows: 3
    Collecting ground truth and context...
    Detected to_univariate case: 1476 flat series -> 492 series x 3 variates
    Organizing data into arrays...
    Saved predictions (quantiles) to /fslarge/scratch/users/h61084/codes/improved/outputs/foundation_models/tasks/seasonal_naive/univariate/azure2019_I/5T/short/run_0/predictions.npz
    Computing per-window metrics...
    Saved metrics to /fslarge/scratch/users/h61084/codes/improved/outputs/foundation_models/tasks/seasonal_naive/univariate/azure2019_I/5T/short/run_0/metrics.npz
    Saved config to /fslarge/scratch/users/h61084/codes/improved/outputs/foundation_models/tasks/seasonal_naive/univariate/azure2019_I/5T/short/run_0/config.json
    Saved aggregate metrics to /fslarge/scratch/users/h61084/codes/improved/outputs/foundation_models/tasks/seasonal_naive/univariate/azure2019_I/5T/short/run_0/metrics_summary.json
    Metrics summary (averaged over all series/windows/variates):
      MSE: 78.5674
      MAE: 3.1332
      RMSE: 4.4485
      MAPE: 0.3426
      sMAPE: 0.2056
      MASE: 0.9861
      ND: 0.2364
      CRPS: 0.2267
  Completed: 492 series x 3 windows
  Output: /fslarge/scratch/users/h61084/codes/improved/outputs/foundation_models/tasks/seasonal_naive/univariate/azure2019_I/5T/short/run_0

============================================================
All experiments completed!
Results saved to: /scratch/users/h61084/codes/improved/outputs/foundation_models/tasks
============================================================

############################################################
# All 1 dataset(s) completed!
############################################################

############################################################
# Dataset 1/1: azure2019_U/5T
############################################################
Loading configuration...

============================================================
Model: Seasonal Naive
Dataset: azure2019_U/5T
Terms: ['short']
============================================================

--- Term: short ---
  Config: prediction_length=48, test_length=288, val_length=96
TIME run allocation action=new run=/fslarge/scratch/users/h61084/codes/improved/outputs/foundation_models/tasks/seasonal_naive/univariate/azure2019_U/5T/short/run_0 launch_id=selena_20260907T230635Z_3389 slurm_job_id=3221289 launched_at=2026-09-07T23:22:52.687521+00:00
  Dataset info:
    - Frequency: 5T
    - Num series: 78
    - Target dim: 3
    - Target mode: univariate
    - Series length: min=882, max=2006, avg=1406.1
    - Test split: 288 steps
    - Prediction length: 48
    - Windows: 6
    - Season length: 288
    Total instances: 1404, Series during experiment: 234, Windows: 6
    Collecting ground truth and context...
    Detected to_univariate case: 234 flat series -> 78 series x 3 variates
    Organizing data into arrays...
    Saved predictions (quantiles) to /fslarge/scratch/users/h61084/codes/improved/outputs/foundation_models/tasks/seasonal_naive/univariate/azure2019_U/5T/short/run_0/predictions.npz
    Computing per-window metrics...
    Saved metrics to /fslarge/scratch/users/h61084/codes/improved/outputs/foundation_models/tasks/seasonal_naive/univariate/azure2019_U/5T/short/run_0/metrics.npz
    Saved config to /fslarge/scratch/users/h61084/codes/improved/outputs/foundation_models/tasks/seasonal_naive/univariate/azure2019_U/5T/short/run_0/config.json
    Saved aggregate metrics to /fslarge/scratch/users/h61084/codes/improved/outputs/foundation_models/tasks/seasonal_naive/univariate/azure2019_U/5T/short/run_0/metrics_summary.json
    Metrics summary (averaged over all series/windows/variates):
      MSE: 137.0897
      MAE: 3.9214
      RMSE: 5.1518
      MAPE: 0.6285
      sMAPE: 0.2947
      MASE: 1.1131
      ND: 0.3623
      CRPS: 0.5694
  Completed: 78 series x 6 windows
  Output: /fslarge/scratch/users/h61084/codes/improved/outputs/foundation_models/tasks/seasonal_naive/univariate/azure2019_U/5T/short/run_0

============================================================
All experiments completed!
Results saved to: /scratch/users/h61084/codes/improved/outputs/foundation_models/tasks
============================================================

############################################################
# All 1 dataset(s) completed!
############################################################

############################################################
# Dataset 1/1: Smart_Manufacturing/H
############################################################
Loading configuration...

============================================================
Model: Seasonal Naive
Dataset: Smart_Manufacturing/H
Terms: ['short', 'medium', 'long']
============================================================

--- Term: short ---
  Config: prediction_length=24, test_length=336, val_length=336
TIME run allocation action=new run=/fslarge/scratch/users/h61084/codes/improved/outputs/foundation_models/tasks/seasonal_naive/univariate/Smart_Manufacturing/H/short/run_0 launch_id=selena_20260907T230635Z_3389 slurm_job_id=3221289 launched_at=2026-09-07T23:23:03.907250+00:00
  Dataset info:
    - Frequency: H
    - Num series: 34
    - Target dim: 5
    - Target mode: univariate
    - Series length: min=1661, max=1667, avg=1665.9
    - Test split: 336 steps
    - Prediction length: 24
    - Windows: 14
    - Season length: 24
    Total instances: 2380, Series during experiment: 170, Windows: 14
    Collecting ground truth and context...
    Detected to_univariate case: 170 flat series -> 34 series x 5 variates
    Organizing data into arrays...
    Saved predictions (quantiles) to /fslarge/scratch/users/h61084/codes/improved/outputs/foundation_models/tasks/seasonal_naive/univariate/Smart_Manufacturing/H/short/run_0/predictions.npz
    Computing per-window metrics...
    Saved metrics to /fslarge/scratch/users/h61084/codes/improved/outputs/foundation_models/tasks/seasonal_naive/univariate/Smart_Manufacturing/H/short/run_0/metrics.npz
    Saved config to /fslarge/scratch/users/h61084/codes/improved/outputs/foundation_models/tasks/seasonal_naive/univariate/Smart_Manufacturing/H/short/run_0/config.json
    Saved aggregate metrics to /fslarge/scratch/users/h61084/codes/improved/outputs/foundation_models/tasks/seasonal_naive/univariate/Smart_Manufacturing/H/short/run_0/metrics_summary.json
    Metrics summary (averaged over all series/windows/variates):
      MSE: 156.9560
      MAE: 8.0818
      RMSE: 9.9584
      MAPE: 0.4216
      sMAPE: 0.3148
      MASE: 0.9987
      ND: 0.3026
      CRPS: 0.2335
  Completed: 34 series x 14 windows
  Output: /fslarge/scratch/users/h61084/codes/improved/outputs/foundation_models/tasks/seasonal_naive/univariate/Smart_Manufacturing/H/short/run_0

--- Term: medium ---
  Config: prediction_length=168, test_length=336, val_length=336
TIME run allocation action=new run=/fslarge/scratch/users/h61084/codes/improved/outputs/foundation_models/tasks/seasonal_naive/univariate/Smart_Manufacturing/H/medium/run_0 launch_id=selena_20260907T230635Z_3389 slurm_job_id=3221289 launched_at=2026-09-07T23:23:14.732718+00:00
  Dataset info:
    - Frequency: H
    - Num series: 34
    - Target dim: 5
    - Target mode: univariate
    - Series length: min=1661, max=1667, avg=1665.9
    - Test split: 336 steps
    - Prediction length: 168
    - Windows: 2
    - Season length: 24
    Total instances: 340, Series during experiment: 170, Windows: 2
    Collecting ground truth and context...
    Detected to_univariate case: 170 flat series -> 34 series x 5 variates
    Organizing data into arrays...
    Saved predictions (quantiles) to /fslarge/scratch/users/h61084/codes/improved/outputs/foundation_models/tasks/seasonal_naive/univariate/Smart_Manufacturing/H/medium/run_0/predictions.npz
    Computing per-window metrics...
    Saved metrics to /fslarge/scratch/users/h61084/codes/improved/outputs/foundation_models/tasks/seasonal_naive/univariate/Smart_Manufacturing/H/medium/run_0/metrics.npz
    Saved config to /fslarge/scratch/users/h61084/codes/improved/outputs/foundation_models/tasks/seasonal_naive/univariate/Smart_Manufacturing/H/medium/run_0/config.json
    Saved aggregate metrics to /fslarge/scratch/users/h61084/codes/improved/outputs/foundation_models/tasks/seasonal_naive/univariate/Smart_Manufacturing/H/medium/run_0/metrics_summary.json
    Metrics summary (averaged over all series/windows/variates):
      MSE: 159.5024
      MAE: 8.1426
      RMSE: 10.1502
      MAPE: 0.4276
      sMAPE: 0.3179
      MASE: 1.0059
      ND: 0.3032
      CRPS: 0.2698
  Completed: 34 series x 2 windows
  Output: /fslarge/scratch/users/h61084/codes/improved/outputs/foundation_models/tasks/seasonal_naive/univariate/Smart_Manufacturing/H/medium/run_0

--- Term: long ---
  Config: prediction_length=336, test_length=336, val_length=336
TIME run allocation action=new run=/fslarge/scratch/users/h61084/codes/improved/outputs/foundation_models/tasks/seasonal_naive/univariate/Smart_Manufacturing/H/long/run_0 launch_id=selena_20260907T230635Z_3389 slurm_job_id=3221289 launched_at=2026-09-07T23:23:17.058840+00:00
  Dataset info:
    - Frequency: H
    - Num series: 34
    - Target dim: 5
    - Target mode: univariate
    - Series length: min=1661, max=1667, avg=1665.9
    - Test split: 336 steps
    - Prediction length: 336
    - Windows: 1
    - Season length: 24
    Total instances: 170, Series during experiment: 170, Windows: 1
    Collecting ground truth and context...
    Detected to_univariate case: 170 flat series -> 34 series x 5 variates
    Organizing data into arrays...
    Saved predictions (quantiles) to /fslarge/scratch/users/h61084/codes/improved/outputs/foundation_models/tasks/seasonal_naive/univariate/Smart_Manufacturing/H/long/run_0/predictions.npz
    Computing per-window metrics...
    Saved metrics to /fslarge/scratch/users/h61084/codes/improved/outputs/foundation_models/tasks/seasonal_naive/univariate/Smart_Manufacturing/H/long/run_0/metrics.npz
    Saved config to /fslarge/scratch/users/h61084/codes/improved/outputs/foundation_models/tasks/seasonal_naive/univariate/Smart_Manufacturing/H/long/run_0/config.json
    Saved aggregate metrics to /fslarge/scratch/users/h61084/codes/improved/outputs/foundation_models/tasks/seasonal_naive/univariate/Smart_Manufacturing/H/long/run_0/metrics_summary.json
    Metrics summary (averaged over all series/windows/variates):
      MSE: 156.7998
      MAE: 8.0862
      RMSE: 10.0920
      MAPE: 0.4297
      sMAPE: 0.3149
      MASE: 1.0022
      ND: 0.3016
      CRPS: 0.3153
  Completed: 34 series x 1 windows
  Output: /fslarge/scratch/users/h61084/codes/improved/outputs/foundation_models/tasks/seasonal_naive/univariate/Smart_Manufacturing/H/long/run_0

============================================================
All experiments completed!
Results saved to: /scratch/users/h61084/codes/improved/outputs/foundation_models/tasks
============================================================

############################################################
# All 1 dataset(s) completed!
############################################################

############################################################
# Dataset 1/1: MetroPT-3/5T
############################################################
Loading configuration...

============================================================
Model: Seasonal Naive
Dataset: MetroPT-3/5T
Terms: ['short', 'medium', 'long']
============================================================

--- Term: short ---
  Config: prediction_length=48, test_length=1728, val_length=1728
TIME run allocation action=new run=/fslarge/scratch/users/h61084/codes/improved/outputs/foundation_models/tasks/seasonal_naive/univariate/MetroPT-3/5T/short/run_0 launch_id=selena_20260907T230635Z_3389 slurm_job_id=3221289 launched_at=2026-09-07T23:23:21.980824+00:00
  Dataset info:
    - Frequency: 5T
    - Num series: 1
    - Target dim: 6
    - Target mode: univariate
    - Series length: min=17809, max=17809, avg=17809.0
    - Test split: 1728 steps
    - Prediction length: 48
    - Windows: 36
    - Season length: 288
    Total instances: 216, Series during experiment: 6, Windows: 36
    Collecting ground truth and context...
    Detected to_univariate case: 6 flat series -> 1 series x 6 variates
    Organizing data into arrays...
    Saved predictions (quantiles) to /fslarge/scratch/users/h61084/codes/improved/outputs/foundation_models/tasks/seasonal_naive/univariate/MetroPT-3/5T/short/run_0/predictions.npz
    Computing per-window metrics...
    Saved metrics to /fslarge/scratch/users/h61084/codes/improved/outputs/foundation_models/tasks/seasonal_naive/univariate/MetroPT-3/5T/short/run_0/metrics.npz
    Saved config to /fslarge/scratch/users/h61084/codes/improved/outputs/foundation_models/tasks/seasonal_naive/univariate/MetroPT-3/5T/short/run_0/config.json
    Saved aggregate metrics to /fslarge/scratch/users/h61084/codes/improved/outputs/foundation_models/tasks/seasonal_naive/univariate/MetroPT-3/5T/short/run_0/metrics_summary.json
    Metrics summary (averaged over all series/windows/variates):
      MSE: 5.9035
      MAE: 1.5212
      RMSE: 1.9610
      MAPE: 10.9777
      sMAPE: 0.4155
      MASE: 0.8726
      ND: 0.4298
      CRPS: 0.3747
  Completed: 1 series x 36 windows
  Output: /fslarge/scratch/users/h61084/codes/improved/outputs/foundation_models/tasks/seasonal_naive/univariate/MetroPT-3/5T/short/run_0

--- Term: medium ---
  Config: prediction_length=288, test_length=1728, val_length=1728
TIME run allocation action=new run=/fslarge/scratch/users/h61084/codes/improved/outputs/foundation_models/tasks/seasonal_naive/univariate/MetroPT-3/5T/medium/run_0 launch_id=selena_20260907T230635Z_3389 slurm_job_id=3221289 launched_at=2026-09-07T23:23:25.226635+00:00
  Dataset info:
    - Frequency: 5T
    - Num series: 1
    - Target dim: 6
    - Target mode: univariate
    - Series length: min=17809, max=17809, avg=17809.0
    - Test split: 1728 steps
    - Prediction length: 288
    - Windows: 6
    - Season length: 288
    Total instances: 36, Series during experiment: 6, Windows: 6
    Collecting ground truth and context...
    Detected to_univariate case: 6 flat series -> 1 series x 6 variates
    Organizing data into arrays...
    Saved predictions (quantiles) to /fslarge/scratch/users/h61084/codes/improved/outputs/foundation_models/tasks/seasonal_naive/univariate/MetroPT-3/5T/medium/run_0/predictions.npz
    Computing per-window metrics...
    Saved metrics to /fslarge/scratch/users/h61084/codes/improved/outputs/foundation_models/tasks/seasonal_naive/univariate/MetroPT-3/5T/medium/run_0/metrics.npz
    Saved config to /fslarge/scratch/users/h61084/codes/improved/outputs/foundation_models/tasks/seasonal_naive/univariate/MetroPT-3/5T/medium/run_0/config.json
    Saved aggregate metrics to /fslarge/scratch/users/h61084/codes/improved/outputs/foundation_models/tasks/seasonal_naive/univariate/MetroPT-3/5T/medium/run_0/metrics_summary.json
    Metrics summary (averaged over all series/windows/variates):
      MSE: 5.6402
      MAE: 1.4923
      RMSE: 1.9595
      MAPE: 10.8222
      sMAPE: 0.4076
      MASE: 0.8536
      ND: 0.4186
      CRPS: 0.3641
  Completed: 1 series x 6 windows
  Output: /fslarge/scratch/users/h61084/codes/improved/outputs/foundation_models/tasks/seasonal_naive/univariate/MetroPT-3/5T/medium/run_0

--- Term: long ---
  Config: prediction_length=576, test_length=1728, val_length=1728
TIME run allocation action=new run=/fslarge/scratch/users/h61084/codes/improved/outputs/foundation_models/tasks/seasonal_naive/univariate/MetroPT-3/5T/long/run_0 launch_id=selena_20260907T230635Z_3389 slurm_job_id=3221289 launched_at=2026-09-07T23:23:25.611925+00:00
  Dataset info:
    - Frequency: 5T
    - Num series: 1
    - Target dim: 6
    - Target mode: univariate
    - Series length: min=17809, max=17809, avg=17809.0
    - Test split: 1728 steps
    - Prediction length: 576
    - Windows: 3
    - Season length: 288
    Total instances: 18, Series during experiment: 6, Windows: 3
    Collecting ground truth and context...
    Detected to_univariate case: 6 flat series -> 1 series x 6 variates
    Organizing data into arrays...
    Saved predictions (quantiles) to /fslarge/scratch/users/h61084/codes/improved/outputs/foundation_models/tasks/seasonal_naive/univariate/MetroPT-3/5T/long/run_0/predictions.npz
    Computing per-window metrics...
    Saved metrics to /fslarge/scratch/users/h61084/codes/improved/outputs/foundation_models/tasks/seasonal_naive/univariate/MetroPT-3/5T/long/run_0/metrics.npz
    Saved config to /fslarge/scratch/users/h61084/codes/improved/outputs/foundation_models/tasks/seasonal_naive/univariate/MetroPT-3/5T/long/run_0/config.json
    Saved aggregate metrics to /fslarge/scratch/users/h61084/codes/improved/outputs/foundation_models/tasks/seasonal_naive/univariate/MetroPT-3/5T/long/run_0/metrics_summary.json
    Metrics summary (averaged over all series/windows/variates):
      MSE: 5.4098
      MAE: 1.4533
      RMSE: 1.9373
      MAPE: 12.7400
      sMAPE: 0.4078
      MASE: 0.8687
      ND: 0.4313
      CRPS: 0.3845
  Completed: 1 series x 3 windows
  Output: /fslarge/scratch/users/h61084/codes/improved/outputs/foundation_models/tasks/seasonal_naive/univariate/MetroPT-3/5T/long/run_0

============================================================
All experiments completed!
Results saved to: /scratch/users/h61084/codes/improved/outputs/foundation_models/tasks
============================================================

############################################################
# All 1 dataset(s) completed!
############################################################
2026-09-08 01:23:26 | task model=seasonal_naive runner=run_seasonal_naive.sh environment=uv covariate_mode=none target_mode=auto completed status=success
2026-09-08 01:23:26 | stage evaluate completed status=success
2026-09-08 01:23:26 | workflow foundation_models completed status=success exit_code=0
