2026-09-08 17:45:05 | workflow foundation_models started launch_id=selena_20260908T145416Z_18651 task=ts_icl slurm_job_id=3227280 slurm_array_job_id=none slurm_array_task_id=none
2026-09-08 17:45:05 | stage evaluate started
2026-09-08 17:45:05 | task model=ts_icl runner=run_tsicl.sh environment=uv covariate_mode=none target_mode=auto started
[2026-09-08 17:45:05] TIME runner: run_tsicl.sh
[2026-09-08 17:45:05] datasets: /scratch/users/h61084/datasets/hf_dataset
[2026-09-08 17:45:05] weights: /scratch/users/h61084/weights
[2026-09-08 17:45:05] outputs: /scratch/users/h61084/codes/improved/outputs
[2026-09-08 17:45:05] covariate mode: none
[2026-09-08 17:45:05] target mode: auto

############################################################
# Dataset 1/1: Water_Quality_Darwin/15T
############################################################
Loading configuration...

============================================================
Dataset: Water_Quality_Darwin/15T
Terms: ['short', 'medium', 'long']
Covariate mode: none
============================================================

--- Term: short ---
  Config: prediction_length=16, test_length=1440, val_length=1440
TIME run allocation action=new run=/fslarge/scratch/users/h61084/codes/improved/outputs/foundation_models/tasks/ts_icl/univariate/Water_Quality_Darwin/15T/short/run_0 launch_id=selena_20260908T145416Z_18651 slurm_job_id=3227280 launched_at=2026-09-08T15:45:09.395486+00:00
  Initializing model pipeline...
  Dataset info:
    - Frequency: 15T
    - Num series: 7
    - Target dim: 6
    - Target mode: univariate
    - Covariate channels: 0
    - Series length: min=8662,               max=18985, avg=15229.4
    - Test split: 1440 steps
    - Prediction length: 16
    - Windows: 90
    Processed 160/3780...
    Processed 320/3780...
    Processed 480/3780...
    Processed 640/3780...
    Processed 800/3780...
    Processed 960/3780...
    Processed 1120/3780...
    Processed 1280/3780...
    Processed 1440/3780...
    Processed 1600/3780...
    Processed 1760/3780...
    Processed 1920/3780...
    Processed 2080/3780...
    Processed 2240/3780...
    Processed 2400/3780...
    Processed 2560/3780...
    Processed 2720/3780...
    Processed 2880/3780...
    Processed 3040/3780...
    Processed 3200/3780...
    Processed 3360/3780...
    Processed 3520/3780...
    Processed 3680/3780...
    Total instances: 3780, Series during experiment: 42, Windows: 90
    Collecting ground truth and context...
    Detected to_univariate case: 42 flat series -> 7 series x 6 variates
    Organizing data into arrays...
    Saved predictions (quantiles) to /fslarge/scratch/users/h61084/codes/improved/outputs/foundation_models/tasks/ts_icl/univariate/Water_Quality_Darwin/15T/short/run_0/predictions.npz
    Computing per-window metrics...
    Saved metrics to /fslarge/scratch/users/h61084/codes/improved/outputs/foundation_models/tasks/ts_icl/univariate/Water_Quality_Darwin/15T/short/run_0/metrics.npz
    Saved config to /fslarge/scratch/users/h61084/codes/improved/outputs/foundation_models/tasks/ts_icl/univariate/Water_Quality_Darwin/15T/short/run_0/config.json
    Saved aggregate metrics to /fslarge/scratch/users/h61084/codes/improved/outputs/foundation_models/tasks/ts_icl/univariate/Water_Quality_Darwin/15T/short/run_0/metrics_summary.json
    Metrics summary (averaged over all series/windows/variates):
      MSE: 2.4406
      MAE: 0.4819
      RMSE: 0.5741
      MAPE: 0.0637
      sMAPE: 0.0586
      MASE: 0.6738
      ND: 0.0608
      CRPS: 0.0481
  Completed: 7 series × 90 windows
  Output: /fslarge/scratch/users/h61084/codes/improved/outputs/foundation_models/tasks/ts_icl/univariate/Water_Quality_Darwin/15T/short/run_0
  Inference time: 93.849s

--- Term: medium ---
  Config: prediction_length=96, test_length=1440, val_length=1440
TIME run allocation action=new run=/fslarge/scratch/users/h61084/codes/improved/outputs/foundation_models/tasks/ts_icl/univariate/Water_Quality_Darwin/15T/medium/run_0 launch_id=selena_20260908T145416Z_18651 slurm_job_id=3227280 launched_at=2026-09-08T15:46:45.211608+00:00
  Initializing model pipeline...
  Dataset info:
    - Frequency: 15T
    - Num series: 7
    - Target dim: 6
    - Target mode: univariate
    - Covariate channels: 0
    - Series length: min=8662,               max=18985, avg=15229.4
    - Test split: 1440 steps
    - Prediction length: 96
    - Windows: 15
    Processed 160/630...
    Processed 320/630...
    Processed 480/630...
    Processed 630/630...
    Total instances: 630, Series during experiment: 42, Windows: 15
    Collecting ground truth and context...
    Detected to_univariate case: 42 flat series -> 7 series x 6 variates
    Organizing data into arrays...
    Saved predictions (quantiles) to /fslarge/scratch/users/h61084/codes/improved/outputs/foundation_models/tasks/ts_icl/univariate/Water_Quality_Darwin/15T/medium/run_0/predictions.npz
    Computing per-window metrics...
    Saved metrics to /fslarge/scratch/users/h61084/codes/improved/outputs/foundation_models/tasks/ts_icl/univariate/Water_Quality_Darwin/15T/medium/run_0/metrics.npz
    Saved config to /fslarge/scratch/users/h61084/codes/improved/outputs/foundation_models/tasks/ts_icl/univariate/Water_Quality_Darwin/15T/medium/run_0/config.json
    Saved aggregate metrics to /fslarge/scratch/users/h61084/codes/improved/outputs/foundation_models/tasks/ts_icl/univariate/Water_Quality_Darwin/15T/medium/run_0/metrics_summary.json
    Metrics summary (averaged over all series/windows/variates):
      MSE: 4.1850
      MAE: 0.6728
      RMSE: 0.8521
      MAPE: 0.0875
      sMAPE: 0.0761
      MASE: 1.0025
      ND: 0.0756
      CRPS: 0.0602
  Completed: 7 series × 15 windows
  Output: /fslarge/scratch/users/h61084/codes/improved/outputs/foundation_models/tasks/ts_icl/univariate/Water_Quality_Darwin/15T/medium/run_0
  Inference time: 15.278s

--- Term: long ---
  Config: prediction_length=288, test_length=1440, val_length=1440
TIME run allocation action=new run=/fslarge/scratch/users/h61084/codes/improved/outputs/foundation_models/tasks/ts_icl/univariate/Water_Quality_Darwin/15T/long/run_0 launch_id=selena_20260908T145416Z_18651 slurm_job_id=3227280 launched_at=2026-09-08T15:47:01.157394+00:00
  Initializing model pipeline...
  Dataset info:
    - Frequency: 15T
    - Num series: 7
    - Target dim: 6
    - Target mode: univariate
    - Covariate channels: 0
    - Series length: min=8662,               max=18985, avg=15229.4
    - Test split: 1440 steps
    - Prediction length: 288
    - Windows: 5
    Processed 160/210...
    Total instances: 210, Series during experiment: 42, Windows: 5
    Collecting ground truth and context...
    Detected to_univariate case: 42 flat series -> 7 series x 6 variates
    Organizing data into arrays...
    Saved predictions (quantiles) to /fslarge/scratch/users/h61084/codes/improved/outputs/foundation_models/tasks/ts_icl/univariate/Water_Quality_Darwin/15T/long/run_0/predictions.npz
    Computing per-window metrics...
    Saved metrics to /fslarge/scratch/users/h61084/codes/improved/outputs/foundation_models/tasks/ts_icl/univariate/Water_Quality_Darwin/15T/long/run_0/metrics.npz
    Saved config to /fslarge/scratch/users/h61084/codes/improved/outputs/foundation_models/tasks/ts_icl/univariate/Water_Quality_Darwin/15T/long/run_0/config.json
    Saved aggregate metrics to /fslarge/scratch/users/h61084/codes/improved/outputs/foundation_models/tasks/ts_icl/univariate/Water_Quality_Darwin/15T/long/run_0/metrics_summary.json
    Metrics summary (averaged over all series/windows/variates):
      MSE: 9.9407
      MAE: 0.9790
      RMSE: 1.2299
      MAPE: 0.1198
      sMAPE: 0.0988
      MASE: 1.4835
      ND: 0.0985
      CRPS: 0.0784
  Completed: 7 series × 5 windows
  Output: /fslarge/scratch/users/h61084/codes/improved/outputs/foundation_models/tasks/ts_icl/univariate/Water_Quality_Darwin/15T/long/run_0
  Inference time: 5.406s

============================================================
All experiments completed!
Results saved to: /scratch/users/h61084/codes/improved/outputs/foundation_models/tasks
============================================================

############################################################
# All 1 dataset(s) completed!
############################################################

############################################################
# Dataset 1/1: current_velocity/5T
############################################################
Loading configuration...

============================================================
Dataset: current_velocity/5T
Terms: ['short', 'medium', 'long']
Covariate mode: none
============================================================

--- Term: short ---
  Config: prediction_length=36, test_length=4320, val_length=4320
TIME run allocation action=new run=/fslarge/scratch/users/h61084/codes/improved/outputs/foundation_models/tasks/ts_icl/univariate/current_velocity/5T/short/run_0 launch_id=selena_20260908T145416Z_18651 slurm_job_id=3227280 launched_at=2026-09-08T15:47:10.761446+00:00
  Initializing model pipeline...
  Dataset info:
    - Frequency: 5T
    - Num series: 1
    - Target dim: 6
    - Target mode: univariate
    - Covariate channels: 0
    - Series length: min=26486,               max=26486, avg=26486.0
    - Test split: 4320 steps
    - Prediction length: 36
    - Windows: 120
    Processed 160/720...
    Processed 320/720...
    Processed 480/720...
    Processed 640/720...
    Total instances: 720, Series during experiment: 6, Windows: 120
    Collecting ground truth and context...
    Detected to_univariate case: 6 flat series -> 1 series x 6 variates
    Organizing data into arrays...
    Saved predictions (quantiles) to /fslarge/scratch/users/h61084/codes/improved/outputs/foundation_models/tasks/ts_icl/univariate/current_velocity/5T/short/run_0/predictions.npz
    Computing per-window metrics...
    Saved metrics to /fslarge/scratch/users/h61084/codes/improved/outputs/foundation_models/tasks/ts_icl/univariate/current_velocity/5T/short/run_0/metrics.npz
    Saved config to /fslarge/scratch/users/h61084/codes/improved/outputs/foundation_models/tasks/ts_icl/univariate/current_velocity/5T/short/run_0/config.json
    Saved aggregate metrics to /fslarge/scratch/users/h61084/codes/improved/outputs/foundation_models/tasks/ts_icl/univariate/current_velocity/5T/short/run_0/metrics_summary.json
    Metrics summary (averaged over all series/windows/variates):
      MSE: 3.1018
      MAE: 0.5676
      RMSE: 0.6768
      MAPE: 0.4209
      sMAPE: 0.3450
      MASE: 0.4067
      ND: 0.2929
      CRPS: 0.2302
  Completed: 1 series × 120 windows
  Output: /fslarge/scratch/users/h61084/codes/improved/outputs/foundation_models/tasks/ts_icl/univariate/current_velocity/5T/short/run_0
  Inference time: 19.050s

--- Term: medium ---
  Config: prediction_length=288, test_length=4320, val_length=4320
TIME run allocation action=new run=/fslarge/scratch/users/h61084/codes/improved/outputs/foundation_models/tasks/ts_icl/univariate/current_velocity/5T/medium/run_0 launch_id=selena_20260908T145416Z_18651 slurm_job_id=3227280 launched_at=2026-09-08T15:47:30.646723+00:00
  Initializing model pipeline...
  Dataset info:
    - Frequency: 5T
    - Num series: 1
    - Target dim: 6
    - Target mode: univariate
    - Covariate channels: 0
    - Series length: min=26486,               max=26486, avg=26486.0
    - Test split: 4320 steps
    - Prediction length: 288
    - Windows: 15
    Total instances: 90, Series during experiment: 6, Windows: 15
    Collecting ground truth and context...
    Detected to_univariate case: 6 flat series -> 1 series x 6 variates
    Organizing data into arrays...
    Saved predictions (quantiles) to /fslarge/scratch/users/h61084/codes/improved/outputs/foundation_models/tasks/ts_icl/univariate/current_velocity/5T/medium/run_0/predictions.npz
    Computing per-window metrics...
    Saved metrics to /fslarge/scratch/users/h61084/codes/improved/outputs/foundation_models/tasks/ts_icl/univariate/current_velocity/5T/medium/run_0/metrics.npz
    Saved config to /fslarge/scratch/users/h61084/codes/improved/outputs/foundation_models/tasks/ts_icl/univariate/current_velocity/5T/medium/run_0/config.json
    Saved aggregate metrics to /fslarge/scratch/users/h61084/codes/improved/outputs/foundation_models/tasks/ts_icl/univariate/current_velocity/5T/medium/run_0/metrics_summary.json
    Metrics summary (averaged over all series/windows/variates):
      MSE: 5.1449
      MAE: 0.8054
      RMSE: 0.9830
      MAPE: 0.6744
      sMAPE: 0.4108
      MASE: 0.6444
      ND: 0.3626
      CRPS: 0.2818
  Completed: 1 series × 15 windows
  Output: /fslarge/scratch/users/h61084/codes/improved/outputs/foundation_models/tasks/ts_icl/univariate/current_velocity/5T/medium/run_0
  Inference time: 2.317s

--- Term: long ---
  Config: prediction_length=864, test_length=4320, val_length=4320
TIME run allocation action=new run=/fslarge/scratch/users/h61084/codes/improved/outputs/foundation_models/tasks/ts_icl/univariate/current_velocity/5T/long/run_0 launch_id=selena_20260908T145416Z_18651 slurm_job_id=3227280 launched_at=2026-09-08T15:47:33.512376+00:00
  Initializing model pipeline...
  Dataset info:
    - Frequency: 5T
    - Num series: 1
    - Target dim: 6
    - Target mode: univariate
    - Covariate channels: 0
    - Series length: min=26486,               max=26486, avg=26486.0
    - Test split: 4320 steps
    - Prediction length: 864
    - Windows: 5
    Total instances: 30, Series during experiment: 6, Windows: 5
    Collecting ground truth and context...
    Detected to_univariate case: 6 flat series -> 1 series x 6 variates
    Organizing data into arrays...
    Saved predictions (quantiles) to /fslarge/scratch/users/h61084/codes/improved/outputs/foundation_models/tasks/ts_icl/univariate/current_velocity/5T/long/run_0/predictions.npz
    Computing per-window metrics...
    Saved metrics to /fslarge/scratch/users/h61084/codes/improved/outputs/foundation_models/tasks/ts_icl/univariate/current_velocity/5T/long/run_0/metrics.npz
    Saved config to /fslarge/scratch/users/h61084/codes/improved/outputs/foundation_models/tasks/ts_icl/univariate/current_velocity/5T/long/run_0/config.json
    Saved aggregate metrics to /fslarge/scratch/users/h61084/codes/improved/outputs/foundation_models/tasks/ts_icl/univariate/current_velocity/5T/long/run_0/metrics_summary.json
    Metrics summary (averaged over all series/windows/variates):
      MSE: 6.0612
      MAE: 0.9560
      RMSE: 1.1603
      MAPE: 0.8441
      sMAPE: 0.4962
      MASE: 1.0940
      ND: 0.4478
      CRPS: 0.3638
  Completed: 1 series × 5 windows
  Output: /fslarge/scratch/users/h61084/codes/improved/outputs/foundation_models/tasks/ts_icl/univariate/current_velocity/5T/long/run_0
  Inference time: 1.579s

============================================================
All experiments completed!
Results saved to: /scratch/users/h61084/codes/improved/outputs/foundation_models/tasks
============================================================

############################################################
# All 1 dataset(s) completed!
############################################################

############################################################
# Dataset 1/1: current_velocity/10T
############################################################
Loading configuration...

============================================================
Dataset: current_velocity/10T
Terms: ['short', 'medium', 'long']
Covariate mode: none
============================================================

--- Term: short ---
  Config: prediction_length=18, test_length=2160, val_length=2160
TIME run allocation action=new run=/fslarge/scratch/users/h61084/codes/improved/outputs/foundation_models/tasks/ts_icl/univariate/current_velocity/10T/short/run_0 launch_id=selena_20260908T145416Z_18651 slurm_job_id=3227280 launched_at=2026-09-08T15:47:39.136847+00:00
  Initializing model pipeline...
  Dataset info:
    - Frequency: 10T
    - Num series: 10
    - Target dim: 6
    - Target mode: univariate
    - Covariate channels: 0
    - Series length: min=7481,               max=31957, avg=20668.5
    - Test split: 2160 steps
    - Prediction length: 18
    - Windows: 120
    Processed 160/7200...
    Processed 320/7200...
    Processed 480/7200...
    Processed 640/7200...
    Processed 800/7200...
    Processed 960/7200...
    Processed 1120/7200...
    Processed 1280/7200...
    Processed 1440/7200...
    Processed 1600/7200...
    Processed 1760/7200...
    Processed 1920/7200...
    Processed 2080/7200...
    Processed 2240/7200...
    Processed 2400/7200...
    Processed 2560/7200...
    Processed 2720/7200...
    Processed 2880/7200...
    Processed 3040/7200...
    Processed 3200/7200...
    Processed 3360/7200...
    Processed 3520/7200...
    Processed 3680/7200...
    Processed 3840/7200...
    Processed 4000/7200...
    Processed 4160/7200...
    Processed 4320/7200...
    Processed 4480/7200...
    Processed 4640/7200...
    Processed 4800/7200...
    Processed 4960/7200...
    Processed 5120/7200...
    Processed 5280/7200...
    Processed 5440/7200...
    Processed 5600/7200...
    Processed 5760/7200...
    Processed 5920/7200...
    Processed 6080/7200...
    Processed 6240/7200...
    Processed 6400/7200...
    Processed 6560/7200...
    Processed 6720/7200...
    Processed 6880/7200...
    Processed 7040/7200...
    Processed 7200/7200...
    Total instances: 7200, Series during experiment: 60, Windows: 120
    Collecting ground truth and context...
    Detected to_univariate case: 60 flat series -> 10 series x 6 variates
    Organizing data into arrays...
    Saved predictions (quantiles) to /fslarge/scratch/users/h61084/codes/improved/outputs/foundation_models/tasks/ts_icl/univariate/current_velocity/10T/short/run_0/predictions.npz
    Computing per-window metrics...
    Saved metrics to /fslarge/scratch/users/h61084/codes/improved/outputs/foundation_models/tasks/ts_icl/univariate/current_velocity/10T/short/run_0/metrics.npz
    Saved config to /fslarge/scratch/users/h61084/codes/improved/outputs/foundation_models/tasks/ts_icl/univariate/current_velocity/10T/short/run_0/config.json
    Saved aggregate metrics to /fslarge/scratch/users/h61084/codes/improved/outputs/foundation_models/tasks/ts_icl/univariate/current_velocity/10T/short/run_0/metrics_summary.json
    Metrics summary (averaged over all series/windows/variates):
      MSE: 7.5322
      MAE: 0.7542
      RMSE: 0.9460
      MAPE: 3401.5311
      sMAPE: 0.4606
      MASE: 0.5855
      ND: 0.3464
      CRPS: 0.2733
  Completed: 10 series × 120 windows
  Output: /fslarge/scratch/users/h61084/codes/improved/outputs/foundation_models/tasks/ts_icl/univariate/current_velocity/10T/short/run_0
  Inference time: 174.026s

--- Term: medium ---
  Config: prediction_length=144, test_length=2160, val_length=2160
TIME run allocation action=new run=/fslarge/scratch/users/h61084/codes/improved/outputs/foundation_models/tasks/ts_icl/univariate/current_velocity/10T/medium/run_0 launch_id=selena_20260908T145416Z_18651 slurm_job_id=3227280 launched_at=2026-09-08T15:50:35.436435+00:00
  Initializing model pipeline...
  Dataset info:
    - Frequency: 10T
    - Num series: 10
    - Target dim: 6
    - Target mode: univariate
    - Covariate channels: 0
    - Series length: min=7481,               max=31957, avg=20668.5
    - Test split: 2160 steps
    - Prediction length: 144
    - Windows: 15
    Processed 160/900...
    Processed 320/900...
    Processed 480/900...
    Processed 640/900...
    Processed 800/900...
    Total instances: 900, Series during experiment: 60, Windows: 15
    Collecting ground truth and context...
    Detected to_univariate case: 60 flat series -> 10 series x 6 variates
    Organizing data into arrays...
    Saved predictions (quantiles) to /fslarge/scratch/users/h61084/codes/improved/outputs/foundation_models/tasks/ts_icl/univariate/current_velocity/10T/medium/run_0/predictions.npz
    Computing per-window metrics...
    Saved metrics to /fslarge/scratch/users/h61084/codes/improved/outputs/foundation_models/tasks/ts_icl/univariate/current_velocity/10T/medium/run_0/metrics.npz
    Saved config to /fslarge/scratch/users/h61084/codes/improved/outputs/foundation_models/tasks/ts_icl/univariate/current_velocity/10T/medium/run_0/config.json
    Saved aggregate metrics to /fslarge/scratch/users/h61084/codes/improved/outputs/foundation_models/tasks/ts_icl/univariate/current_velocity/10T/medium/run_0/metrics_summary.json
    Metrics summary (averaged over all series/windows/variates):
      MSE: 10.3333
      MAE: 0.9472
      RMSE: 1.2530
      MAPE: 3552.2522
      sMAPE: 0.5114
      MASE: 0.7732
      ND: 0.3588
      CRPS: 0.2834
  Completed: 10 series × 15 windows
  Output: /fslarge/scratch/users/h61084/codes/improved/outputs/foundation_models/tasks/ts_icl/univariate/current_velocity/10T/medium/run_0
  Inference time: 22.552s

--- Term: long ---
  Config: prediction_length=432, test_length=2160, val_length=2160
TIME run allocation action=new run=/fslarge/scratch/users/h61084/codes/improved/outputs/foundation_models/tasks/ts_icl/univariate/current_velocity/10T/long/run_0 launch_id=selena_20260908T145416Z_18651 slurm_job_id=3227280 launched_at=2026-09-08T15:50:58.870940+00:00
  Initializing model pipeline...
  Dataset info:
    - Frequency: 10T
    - Num series: 10
    - Target dim: 6
    - Target mode: univariate
    - Covariate channels: 0
    - Series length: min=7481,               max=31957, avg=20668.5
    - Test split: 2160 steps
    - Prediction length: 432
    - Windows: 5
    Processed 160/300...
    Total instances: 300, Series during experiment: 60, Windows: 5
    Collecting ground truth and context...
    Detected to_univariate case: 60 flat series -> 10 series x 6 variates
    Organizing data into arrays...
    Saved predictions (quantiles) to /fslarge/scratch/users/h61084/codes/improved/outputs/foundation_models/tasks/ts_icl/univariate/current_velocity/10T/long/run_0/predictions.npz
    Computing per-window metrics...
    Saved metrics to /fslarge/scratch/users/h61084/codes/improved/outputs/foundation_models/tasks/ts_icl/univariate/current_velocity/10T/long/run_0/metrics.npz
    Saved config to /fslarge/scratch/users/h61084/codes/improved/outputs/foundation_models/tasks/ts_icl/univariate/current_velocity/10T/long/run_0/config.json
    Saved aggregate metrics to /fslarge/scratch/users/h61084/codes/improved/outputs/foundation_models/tasks/ts_icl/univariate/current_velocity/10T/long/run_0/metrics_summary.json
    Metrics summary (averaged over all series/windows/variates):
      MSE: 12.9428
      MAE: 1.1220
      RMSE: 1.4615
      MAPE: 3492.0686
      sMAPE: 0.5718
      MASE: 1.0620
      ND: 0.4087
      CRPS: 0.3229
  Completed: 10 series × 5 windows
  Output: /fslarge/scratch/users/h61084/codes/improved/outputs/foundation_models/tasks/ts_icl/univariate/current_velocity/10T/long/run_0
  Inference time: 8.017s

============================================================
All experiments completed!
Results saved to: /scratch/users/h61084/codes/improved/outputs/foundation_models/tasks
============================================================

############################################################
# All 1 dataset(s) completed!
############################################################

############################################################
# Dataset 1/1: current_velocity/15T
############################################################
Loading configuration...

============================================================
Dataset: current_velocity/15T
Terms: ['short', 'medium', 'long']
Covariate mode: none
============================================================

--- Term: short ---
  Config: prediction_length=12, test_length=1440, val_length=1440
TIME run allocation action=new run=/fslarge/scratch/users/h61084/codes/improved/outputs/foundation_models/tasks/ts_icl/univariate/current_velocity/15T/short/run_0 launch_id=selena_20260908T145416Z_18651 slurm_job_id=3227280 launched_at=2026-09-08T15:51:12.356327+00:00
  Initializing model pipeline...
  Dataset info:
    - Frequency: 15T
    - Num series: 5
    - Target dim: 6
    - Target mode: univariate
    - Covariate channels: 0
    - Series length: min=3710,               max=17953, avg=8503.2
    - Test split: 1440 steps
    - Prediction length: 12
    - Windows: 120
    Processed 160/3600...
    Processed 320/3600...
    Processed 480/3600...
    Processed 640/3600...
    Processed 800/3600...
    Processed 960/3600...
    Processed 1120/3600...
    Processed 1280/3600...
    Processed 1440/3600...
    Processed 1600/3600...
    Processed 1760/3600...
    Processed 1920/3600...
    Processed 2080/3600...
    Processed 2240/3600...
    Processed 2400/3600...
    Processed 2560/3600...
    Processed 2720/3600...
    Processed 2880/3600...
    Processed 3040/3600...
    Processed 3200/3600...
    Processed 3360/3600...
    Processed 3520/3600...
    Total instances: 3600, Series during experiment: 30, Windows: 120
    Collecting ground truth and context...
    Detected to_univariate case: 30 flat series -> 5 series x 6 variates
    Organizing data into arrays...
    Saved predictions (quantiles) to /fslarge/scratch/users/h61084/codes/improved/outputs/foundation_models/tasks/ts_icl/univariate/current_velocity/15T/short/run_0/predictions.npz
    Computing per-window metrics...
    Saved metrics to /fslarge/scratch/users/h61084/codes/improved/outputs/foundation_models/tasks/ts_icl/univariate/current_velocity/15T/short/run_0/metrics.npz
    Saved config to /fslarge/scratch/users/h61084/codes/improved/outputs/foundation_models/tasks/ts_icl/univariate/current_velocity/15T/short/run_0/config.json
    Saved aggregate metrics to /fslarge/scratch/users/h61084/codes/improved/outputs/foundation_models/tasks/ts_icl/univariate/current_velocity/15T/short/run_0/metrics_summary.json
    Metrics summary (averaged over all series/windows/variates):
      MSE: 6.1683
      MAE: 0.7504
      RMSE: 0.9148
      MAPE: 129506.9706
      sMAPE: 0.4729
      MASE: 0.5193
      ND: 0.3877
      CRPS: 0.3056
  Completed: 5 series × 120 windows
  Output: /fslarge/scratch/users/h61084/codes/improved/outputs/foundation_models/tasks/ts_icl/univariate/current_velocity/15T/short/run_0
  Inference time: 95.019s

--- Term: medium ---
  Config: prediction_length=96, test_length=1440, val_length=1440
TIME run allocation action=new run=/fslarge/scratch/users/h61084/codes/improved/outputs/foundation_models/tasks/ts_icl/univariate/current_velocity/15T/medium/run_0 launch_id=selena_20260908T145416Z_18651 slurm_job_id=3227280 launched_at=2026-09-08T15:52:48.749300+00:00
  Initializing model pipeline...
  Dataset info:
    - Frequency: 15T
    - Num series: 5
    - Target dim: 6
    - Target mode: univariate
    - Covariate channels: 0
    - Series length: min=3710,               max=17953, avg=8503.2
    - Test split: 1440 steps
    - Prediction length: 96
    - Windows: 15
    Processed 160/450...
    Processed 320/450...
    Total instances: 450, Series during experiment: 30, Windows: 15
    Collecting ground truth and context...
    Detected to_univariate case: 30 flat series -> 5 series x 6 variates
    Organizing data into arrays...
    Saved predictions (quantiles) to /fslarge/scratch/users/h61084/codes/improved/outputs/foundation_models/tasks/ts_icl/univariate/current_velocity/15T/medium/run_0/predictions.npz
    Computing per-window metrics...
    Saved metrics to /fslarge/scratch/users/h61084/codes/improved/outputs/foundation_models/tasks/ts_icl/univariate/current_velocity/15T/medium/run_0/metrics.npz
    Saved config to /fslarge/scratch/users/h61084/codes/improved/outputs/foundation_models/tasks/ts_icl/univariate/current_velocity/15T/medium/run_0/config.json
    Saved aggregate metrics to /fslarge/scratch/users/h61084/codes/improved/outputs/foundation_models/tasks/ts_icl/univariate/current_velocity/15T/medium/run_0/metrics_summary.json
    Metrics summary (averaged over all series/windows/variates):
      MSE: 9.5815
      MAE: 0.9858
      RMSE: 1.2468
      MAPE: 130063.5564
      sMAPE: 0.5828
      MASE: 0.7575
      ND: 0.4344
      CRPS: 0.3416
  Completed: 5 series × 15 windows
  Output: /fslarge/scratch/users/h61084/codes/improved/outputs/foundation_models/tasks/ts_icl/univariate/current_velocity/15T/medium/run_0
  Inference time: 13.130s

--- Term: long ---
  Config: prediction_length=288, test_length=1440, val_length=1440
TIME run allocation action=new run=/fslarge/scratch/users/h61084/codes/improved/outputs/foundation_models/tasks/ts_icl/univariate/current_velocity/15T/long/run_0 launch_id=selena_20260908T145416Z_18651 slurm_job_id=3227280 launched_at=2026-09-08T15:53:02.590849+00:00
  Initializing model pipeline...
  Dataset info:
    - Frequency: 15T
    - Num series: 5
    - Target dim: 6
    - Target mode: univariate
    - Covariate channels: 0
    - Series length: min=3710,               max=17953, avg=8503.2
    - Test split: 1440 steps
    - Prediction length: 288
    - Windows: 5
    Processed 150/150...
    Total instances: 150, Series during experiment: 30, Windows: 5
    Collecting ground truth and context...
    Detected to_univariate case: 30 flat series -> 5 series x 6 variates
    Organizing data into arrays...
    Saved predictions (quantiles) to /fslarge/scratch/users/h61084/codes/improved/outputs/foundation_models/tasks/ts_icl/univariate/current_velocity/15T/long/run_0/predictions.npz
    Computing per-window metrics...
    Saved metrics to /fslarge/scratch/users/h61084/codes/improved/outputs/foundation_models/tasks/ts_icl/univariate/current_velocity/15T/long/run_0/metrics.npz
    Saved config to /fslarge/scratch/users/h61084/codes/improved/outputs/foundation_models/tasks/ts_icl/univariate/current_velocity/15T/long/run_0/config.json
    Saved aggregate metrics to /fslarge/scratch/users/h61084/codes/improved/outputs/foundation_models/tasks/ts_icl/univariate/current_velocity/15T/long/run_0/metrics_summary.json
    Metrics summary (averaged over all series/windows/variates):
      MSE: 11.0254
      MAE: 1.0749
      RMSE: 1.3699
      MAPE: 128137.1467
      sMAPE: 0.6050
      MASE: 0.8640
      ND: 0.4478
      CRPS: 0.3527
  Completed: 5 series × 5 windows
  Output: /fslarge/scratch/users/h61084/codes/improved/outputs/foundation_models/tasks/ts_icl/univariate/current_velocity/15T/long/run_0
  Inference time: 4.761s

============================================================
All experiments completed!
Results saved to: /scratch/users/h61084/codes/improved/outputs/foundation_models/tasks
============================================================

############################################################
# All 1 dataset(s) completed!
############################################################

############################################################
# Dataset 1/1: current_velocity/20T
############################################################
Loading configuration...

============================================================
Dataset: current_velocity/20T
Terms: ['short', 'medium', 'long']
Covariate mode: none
============================================================

--- Term: short ---
  Config: prediction_length=9, test_length=1080, val_length=1080
TIME run allocation action=new run=/fslarge/scratch/users/h61084/codes/improved/outputs/foundation_models/tasks/ts_icl/univariate/current_velocity/20T/short/run_0 launch_id=selena_20260908T145416Z_18651 slurm_job_id=3227280 launched_at=2026-09-08T15:53:11.382411+00:00
  Initializing model pipeline...
  Dataset info:
    - Frequency: 20T
    - Num series: 27
    - Target dim: 6
    - Target mode: univariate
    - Covariate channels: 0
    - Series length: min=2529,               max=16759, avg=6460.2
    - Test split: 1080 steps
    - Prediction length: 9
    - Windows: 120
    Processed 160/19440...
    Processed 320/19440...
    Processed 480/19440...
    Processed 640/19440...
    Processed 800/19440...
    Processed 960/19440...
    Processed 1120/19440...
    Processed 1280/19440...
    Processed 1440/19440...
    Processed 1600/19440...
    Processed 1760/19440...
    Processed 1920/19440...
    Processed 2080/19440...
    Processed 2240/19440...
    Processed 2400/19440...
    Processed 2560/19440...
    Processed 2720/19440...
    Processed 2880/19440...
    Processed 3040/19440...
    Processed 3200/19440...
    Processed 3360/19440...
    Processed 3520/19440...
    Processed 3680/19440...
    Processed 3840/19440...
    Processed 4000/19440...
    Processed 4160/19440...
    Processed 4320/19440...
    Processed 4480/19440...
    Processed 4640/19440...
    Processed 4800/19440...
    Processed 4960/19440...
    Processed 5120/19440...
    Processed 5280/19440...
    Processed 5440/19440...
    Processed 5600/19440...
    Processed 5760/19440...
    Processed 5920/19440...
    Processed 6080/19440...
    Processed 6240/19440...
    Processed 6400/19440...
    Processed 6560/19440...
    Processed 6720/19440...
    Processed 6880/19440...
    Processed 7040/19440...
    Processed 7200/19440...
    Processed 7360/19440...
    Processed 7520/19440...
    Processed 7680/19440...
    Processed 7840/19440...
    Processed 8000/19440...
    Processed 8160/19440...
    Processed 8320/19440...
    Processed 8480/19440...
    Processed 8640/19440...
    Processed 8800/19440...
    Processed 8960/19440...
    Processed 9120/19440...
    Processed 9280/19440...
    Processed 9440/19440...
    Processed 9600/19440...
    Processed 9760/19440...
    Processed 9920/19440...
    Processed 10080/19440...
    Processed 10240/19440...
    Processed 10400/19440...
    Processed 10560/19440...
    Processed 10720/19440...
    Processed 10880/19440...
    Processed 11040/19440...
    Processed 11200/19440...
    Processed 11360/19440...
    Processed 11520/19440...
    Processed 11680/19440...
    Processed 11840/19440...
    Processed 12000/19440...
    Processed 12160/19440...
    Processed 12320/19440...
    Processed 12480/19440...
    Processed 12640/19440...
    Processed 12800/19440...
    Processed 12960/19440...
    Processed 13120/19440...
    Processed 13280/19440...
    Processed 13440/19440...
    Processed 13600/19440...
    Processed 13760/19440...
    Processed 13920/19440...
    Processed 14080/19440...
    Processed 14240/19440...
    Processed 14400/19440...
    Processed 14560/19440...
    Processed 14720/19440...
    Processed 14880/19440...
    Processed 15040/19440...
    Processed 15200/19440...
    Processed 15360/19440...
    Processed 15520/19440...
    Processed 15680/19440...
    Processed 15840/19440...
    Processed 16000/19440...
    Processed 16160/19440...
    Processed 16320/19440...
    Processed 16480/19440...
    Processed 16640/19440...
    Processed 16800/19440...
    Processed 16960/19440...
    Processed 17120/19440...
    Processed 17280/19440...
    Processed 17440/19440...
    Processed 17600/19440...
    Processed 17760/19440...
    Processed 17920/19440...
    Processed 18080/19440...
    Processed 18240/19440...
    Processed 18400/19440...
    Processed 18560/19440...
    Processed 18720/19440...
    Processed 18880/19440...
    Processed 19040/19440...
    Processed 19200/19440...
    Processed 19360/19440...
    Total instances: 19440, Series during experiment: 162, Windows: 120
    Collecting ground truth and context...
    Detected to_univariate case: 162 flat series -> 27 series x 6 variates
    Organizing data into arrays...
    Saved predictions (quantiles) to /fslarge/scratch/users/h61084/codes/improved/outputs/foundation_models/tasks/ts_icl/univariate/current_velocity/20T/short/run_0/predictions.npz
    Computing per-window metrics...
    Saved metrics to /fslarge/scratch/users/h61084/codes/improved/outputs/foundation_models/tasks/ts_icl/univariate/current_velocity/20T/short/run_0/metrics.npz
    Saved config to /fslarge/scratch/users/h61084/codes/improved/outputs/foundation_models/tasks/ts_icl/univariate/current_velocity/20T/short/run_0/config.json
    Saved aggregate metrics to /fslarge/scratch/users/h61084/codes/improved/outputs/foundation_models/tasks/ts_icl/univariate/current_velocity/20T/short/run_0/metrics_summary.json
    Metrics summary (averaged over all series/windows/variates):
      MSE: 4.3049
      MAE: 0.6205
      RMSE: 0.7298
      MAPE: 0.9968
      sMAPE: 0.4385
      MASE: 0.5218
      ND: 0.3535
      CRPS: 0.2792
  Completed: 27 series × 120 windows
  Output: /fslarge/scratch/users/h61084/codes/improved/outputs/foundation_models/tasks/ts_icl/univariate/current_velocity/20T/short/run_0
  Inference time: 502.360s

--- Term: medium ---
  Config: prediction_length=72, test_length=1080, val_length=1080
TIME run allocation action=new run=/fslarge/scratch/users/h61084/codes/improved/outputs/foundation_models/tasks/ts_icl/univariate/current_velocity/20T/medium/run_0 launch_id=selena_20260908T145416Z_18651 slurm_job_id=3227280 launched_at=2026-09-08T16:01:37.677952+00:00
  Initializing model pipeline...
  Dataset info:
    - Frequency: 20T
    - Num series: 27
    - Target dim: 6
    - Target mode: univariate
    - Covariate channels: 0
    - Series length: min=2529,               max=16759, avg=6460.2
    - Test split: 1080 steps
    - Prediction length: 72
    - Windows: 15
    Processed 160/2430...
    Processed 320/2430...
    Processed 480/2430...
    Processed 640/2430...
    Processed 800/2430...
    Processed 960/2430...
    Processed 1120/2430...
    Processed 1280/2430...
    Processed 1440/2430...
    Processed 1600/2430...
    Processed 1760/2430...
    Processed 1920/2430...
    Processed 2080/2430...
    Processed 2240/2430...
    Processed 2400/2430...
    Total instances: 2430, Series during experiment: 162, Windows: 15
    Collecting ground truth and context...
    Detected to_univariate case: 162 flat series -> 27 series x 6 variates
    Organizing data into arrays...
    Saved predictions (quantiles) to /fslarge/scratch/users/h61084/codes/improved/outputs/foundation_models/tasks/ts_icl/univariate/current_velocity/20T/medium/run_0/predictions.npz
    Computing per-window metrics...
    Saved metrics to /fslarge/scratch/users/h61084/codes/improved/outputs/foundation_models/tasks/ts_icl/univariate/current_velocity/20T/medium/run_0/metrics.npz
    Saved config to /fslarge/scratch/users/h61084/codes/improved/outputs/foundation_models/tasks/ts_icl/univariate/current_velocity/20T/medium/run_0/config.json
    Saved aggregate metrics to /fslarge/scratch/users/h61084/codes/improved/outputs/foundation_models/tasks/ts_icl/univariate/current_velocity/20T/medium/run_0/metrics_summary.json
    Metrics summary (averaged over all series/windows/variates):
      MSE: 8.2592
      MAE: 0.9173
      RMSE: 1.1248
      MAPE: 1.2758
      sMAPE: 0.5438
      MASE: 0.8134
      ND: 0.4049
      CRPS: 0.3198
  Completed: 27 series × 15 windows
  Output: /fslarge/scratch/users/h61084/codes/improved/outputs/foundation_models/tasks/ts_icl/univariate/current_velocity/20T/medium/run_0
  Inference time: 67.562s

--- Term: long ---
  Config: prediction_length=216, test_length=1080, val_length=1080
TIME run allocation action=new run=/fslarge/scratch/users/h61084/codes/improved/outputs/foundation_models/tasks/ts_icl/univariate/current_velocity/20T/long/run_0 launch_id=selena_20260908T145416Z_18651 slurm_job_id=3227280 launched_at=2026-09-08T16:02:46.699212+00:00
  Initializing model pipeline...
  Dataset info:
    - Frequency: 20T
    - Num series: 27
    - Target dim: 6
    - Target mode: univariate
    - Covariate channels: 0
    - Series length: min=2529,               max=16759, avg=6460.2
    - Test split: 1080 steps
    - Prediction length: 216
    - Windows: 5
    Processed 160/810...
    Processed 320/810...
    Processed 480/810...
    Processed 640/810...
    Processed 800/810...
    Total instances: 810, Series during experiment: 162, Windows: 5
    Collecting ground truth and context...
    Detected to_univariate case: 162 flat series -> 27 series x 6 variates
    Organizing data into arrays...
    Saved predictions (quantiles) to /fslarge/scratch/users/h61084/codes/improved/outputs/foundation_models/tasks/ts_icl/univariate/current_velocity/20T/long/run_0/predictions.npz
    Computing per-window metrics...
    Saved metrics to /fslarge/scratch/users/h61084/codes/improved/outputs/foundation_models/tasks/ts_icl/univariate/current_velocity/20T/long/run_0/metrics.npz
    Saved config to /fslarge/scratch/users/h61084/codes/improved/outputs/foundation_models/tasks/ts_icl/univariate/current_velocity/20T/long/run_0/config.json
    Saved aggregate metrics to /fslarge/scratch/users/h61084/codes/improved/outputs/foundation_models/tasks/ts_icl/univariate/current_velocity/20T/long/run_0/metrics_summary.json
    Metrics summary (averaged over all series/windows/variates):
      MSE: 10.3806
      MAE: 1.0751
      RMSE: 1.3357
      MAPE: 1.5607
      sMAPE: 0.6273
      MASE: 1.1122
      ND: 0.4758
      CRPS: 0.3745
  Completed: 27 series × 5 windows
  Output: /fslarge/scratch/users/h61084/codes/improved/outputs/foundation_models/tasks/ts_icl/univariate/current_velocity/20T/long/run_0
  Inference time: 23.876s

============================================================
All experiments completed!
Results saved to: /scratch/users/h61084/codes/improved/outputs/foundation_models/tasks
============================================================

############################################################
# All 1 dataset(s) completed!
############################################################

############################################################
# Dataset 1/1: current_velocity/H
############################################################
Loading configuration...

============================================================
Dataset: current_velocity/H
Terms: ['short', 'medium', 'long']
Covariate mode: none
============================================================

--- Term: short ---
  Config: prediction_length=24, test_length=672, val_length=672
TIME run allocation action=new run=/fslarge/scratch/users/h61084/codes/improved/outputs/foundation_models/tasks/ts_icl/univariate/current_velocity/H/short/run_0 launch_id=selena_20260908T145416Z_18651 slurm_job_id=3227280 launched_at=2026-09-08T16:03:20.029009+00:00
  Initializing model pipeline...
  Dataset info:
    - Frequency: H
    - Num series: 21
    - Target dim: 6
    - Target mode: univariate
    - Covariate channels: 0
    - Series length: min=2208,               max=5587, avg=3502.3
    - Test split: 672 steps
    - Prediction length: 24
    - Windows: 28
    Processed 160/3528...
    Processed 320/3528...
    Processed 480/3528...
    Processed 640/3528...
    Processed 800/3528...
    Processed 960/3528...
    Processed 1120/3528...
    Processed 1280/3528...
    Processed 1440/3528...
    Processed 1600/3528...
    Processed 1760/3528...
    Processed 1920/3528...
    Processed 2080/3528...
    Processed 2240/3528...
    Processed 2400/3528...
    Processed 2560/3528...
    Processed 2720/3528...
    Processed 2880/3528...
    Processed 3040/3528...
    Processed 3200/3528...
    Processed 3360/3528...
    Processed 3520/3528...
    Total instances: 3528, Series during experiment: 126, Windows: 28
    Collecting ground truth and context...
    Detected to_univariate case: 126 flat series -> 21 series x 6 variates
    Organizing data into arrays...
    Saved predictions (quantiles) to /fslarge/scratch/users/h61084/codes/improved/outputs/foundation_models/tasks/ts_icl/univariate/current_velocity/H/short/run_0/predictions.npz
    Computing per-window metrics...
    Saved metrics to /fslarge/scratch/users/h61084/codes/improved/outputs/foundation_models/tasks/ts_icl/univariate/current_velocity/H/short/run_0/metrics.npz
    Saved config to /fslarge/scratch/users/h61084/codes/improved/outputs/foundation_models/tasks/ts_icl/univariate/current_velocity/H/short/run_0/config.json
    Saved aggregate metrics to /fslarge/scratch/users/h61084/codes/improved/outputs/foundation_models/tasks/ts_icl/univariate/current_velocity/H/short/run_0/metrics_summary.json
    Metrics summary (averaged over all series/windows/variates):
      MSE: 6.5493
      MAE: 0.8089
      RMSE: 1.0056
      MAPE: 2025123522320.7710
      sMAPE: 0.4539
      MASE: 0.7341
      ND: 0.3423
      CRPS: 0.2696
  Completed: 21 series × 28 windows
  Output: /fslarge/scratch/users/h61084/codes/improved/outputs/foundation_models/tasks/ts_icl/univariate/current_velocity/H/short/run_0
  Inference time: 88.617s

--- Term: medium ---
  Config: prediction_length=168, test_length=672, val_length=672
TIME run allocation action=new run=/fslarge/scratch/users/h61084/codes/improved/outputs/foundation_models/tasks/ts_icl/univariate/current_velocity/H/medium/run_0 launch_id=selena_20260908T145416Z_18651 slurm_job_id=3227280 launched_at=2026-09-08T16:04:50.020341+00:00
  Initializing model pipeline...
  Dataset info:
    - Frequency: H
    - Num series: 21
    - Target dim: 6
    - Target mode: univariate
    - Covariate channels: 0
    - Series length: min=2208,               max=5587, avg=3502.3
    - Test split: 672 steps
    - Prediction length: 168
    - Windows: 4
    Processed 160/504...
    Processed 320/504...
    Processed 480/504...
    Total instances: 504, Series during experiment: 126, Windows: 4
    Collecting ground truth and context...
    Detected to_univariate case: 126 flat series -> 21 series x 6 variates
    Organizing data into arrays...
    Saved predictions (quantiles) to /fslarge/scratch/users/h61084/codes/improved/outputs/foundation_models/tasks/ts_icl/univariate/current_velocity/H/medium/run_0/predictions.npz
    Computing per-window metrics...
    Saved metrics to /fslarge/scratch/users/h61084/codes/improved/outputs/foundation_models/tasks/ts_icl/univariate/current_velocity/H/medium/run_0/metrics.npz
    Saved config to /fslarge/scratch/users/h61084/codes/improved/outputs/foundation_models/tasks/ts_icl/univariate/current_velocity/H/medium/run_0/config.json
    Saved aggregate metrics to /fslarge/scratch/users/h61084/codes/improved/outputs/foundation_models/tasks/ts_icl/univariate/current_velocity/H/medium/run_0/metrics_summary.json
    Metrics summary (averaged over all series/windows/variates):
      MSE: 10.2963
      MAE: 1.0877
      RMSE: 1.3648
      MAPE: 2156860306165.6255
      sMAPE: 0.5735
      MASE: 1.1722
      ND: 0.4090
      CRPS: 0.3207
  Completed: 21 series × 4 windows
  Output: /fslarge/scratch/users/h61084/codes/improved/outputs/foundation_models/tasks/ts_icl/univariate/current_velocity/H/medium/run_0
  Inference time: 12.631s

--- Term: long ---
  Config: prediction_length=336, test_length=672, val_length=672
TIME run allocation action=new run=/fslarge/scratch/users/h61084/codes/improved/outputs/foundation_models/tasks/ts_icl/univariate/current_velocity/H/long/run_0 launch_id=selena_20260908T145416Z_18651 slurm_job_id=3227280 launched_at=2026-09-08T16:05:03.454601+00:00
  Initializing model pipeline...
  Dataset info:
    - Frequency: H
    - Num series: 21
    - Target dim: 6
    - Target mode: univariate
    - Covariate channels: 0
    - Series length: min=2208,               max=5587, avg=3502.3
    - Test split: 672 steps
    - Prediction length: 336
    - Windows: 2
    Processed 160/252...
    Total instances: 252, Series during experiment: 126, Windows: 2
    Collecting ground truth and context...
    Detected to_univariate case: 126 flat series -> 21 series x 6 variates
    Organizing data into arrays...
    Saved predictions (quantiles) to /fslarge/scratch/users/h61084/codes/improved/outputs/foundation_models/tasks/ts_icl/univariate/current_velocity/H/long/run_0/predictions.npz
    Computing per-window metrics...
    Saved metrics to /fslarge/scratch/users/h61084/codes/improved/outputs/foundation_models/tasks/ts_icl/univariate/current_velocity/H/long/run_0/metrics.npz
    Saved config to /fslarge/scratch/users/h61084/codes/improved/outputs/foundation_models/tasks/ts_icl/univariate/current_velocity/H/long/run_0/config.json
    Saved aggregate metrics to /fslarge/scratch/users/h61084/codes/improved/outputs/foundation_models/tasks/ts_icl/univariate/current_velocity/H/long/run_0/metrics_summary.json
    Metrics summary (averaged over all series/windows/variates):
      MSE: 11.3038
      MAE: 1.1699
      RMSE: 1.4713
      MAPE: 1966124834527.3167
      sMAPE: 0.5920
      MASE: 1.3360
      ND: 0.4184
      CRPS: 0.3289
  Completed: 21 series × 2 windows
  Output: /fslarge/scratch/users/h61084/codes/improved/outputs/foundation_models/tasks/ts_icl/univariate/current_velocity/H/long/run_0
  Inference time: 6.531s

============================================================
All experiments completed!
Results saved to: /scratch/users/h61084/codes/improved/outputs/foundation_models/tasks
============================================================

############################################################
# All 1 dataset(s) completed!
############################################################

############################################################
# Dataset 1/1: CPHL/15T
############################################################
Loading configuration...

============================================================
Dataset: CPHL/15T
Terms: ['short', 'medium', 'long']
Covariate mode: none
============================================================

--- Term: short ---
  Config: prediction_length=12, test_length=1440, val_length=1440
TIME run allocation action=new run=/fslarge/scratch/users/h61084/codes/improved/outputs/foundation_models/tasks/ts_icl/univariate/CPHL/15T/short/run_0 launch_id=selena_20260908T145416Z_18651 slurm_job_id=3227280 launched_at=2026-09-08T16:05:14.231134+00:00
  Initializing model pipeline...
  Dataset info:
    - Frequency: 15T
    - Num series: 2
    - Target dim: 1
    - Target mode: univariate
    - Covariate channels: 0
    - Series length: min=9956,               max=10831, avg=10393.5
    - Test split: 1440 steps
    - Prediction length: 12
    - Windows: 120
    Processed 160/240...
    Total instances: 240, Series during experiment: 2, Windows: 120
    Collecting ground truth and context...
    Organizing data into arrays...
    Saved predictions (quantiles) to /fslarge/scratch/users/h61084/codes/improved/outputs/foundation_models/tasks/ts_icl/univariate/CPHL/15T/short/run_0/predictions.npz
    Computing per-window metrics...
    Saved metrics to /fslarge/scratch/users/h61084/codes/improved/outputs/foundation_models/tasks/ts_icl/univariate/CPHL/15T/short/run_0/metrics.npz
    Saved config to /fslarge/scratch/users/h61084/codes/improved/outputs/foundation_models/tasks/ts_icl/univariate/CPHL/15T/short/run_0/config.json
    Saved aggregate metrics to /fslarge/scratch/users/h61084/codes/improved/outputs/foundation_models/tasks/ts_icl/univariate/CPHL/15T/short/run_0/metrics_summary.json
    Metrics summary (averaged over all series/windows/variates):
      MSE: 0.0621
      MAE: 0.1384
      RMSE: 0.1619
      MAPE: 0.2036
      sMAPE: 0.1804
      MASE: 0.6590
      ND: 0.1933
      CRPS: 0.1538
  Completed: 2 series × 120 windows
  Output: /fslarge/scratch/users/h61084/codes/improved/outputs/foundation_models/tasks/ts_icl/univariate/CPHL/15T/short/run_0
  Inference time: 7.326s

--- Term: medium ---
  Config: prediction_length=96, test_length=1440, val_length=1440
TIME run allocation action=new run=/fslarge/scratch/users/h61084/codes/improved/outputs/foundation_models/tasks/ts_icl/univariate/CPHL/15T/medium/run_0 launch_id=selena_20260908T145416Z_18651 slurm_job_id=3227280 launched_at=2026-09-08T16:05:22.419280+00:00
  Initializing model pipeline...
  Dataset info:
    - Frequency: 15T
    - Num series: 2
    - Target dim: 1
    - Target mode: univariate
    - Covariate channels: 0
    - Series length: min=9956,               max=10831, avg=10393.5
    - Test split: 1440 steps
    - Prediction length: 96
    - Windows: 15
    Total instances: 30, Series during experiment: 2, Windows: 15
    Collecting ground truth and context...
    Organizing data into arrays...
    Saved predictions (quantiles) to /fslarge/scratch/users/h61084/codes/improved/outputs/foundation_models/tasks/ts_icl/univariate/CPHL/15T/medium/run_0/predictions.npz
    Computing per-window metrics...
    Saved metrics to /fslarge/scratch/users/h61084/codes/improved/outputs/foundation_models/tasks/ts_icl/univariate/CPHL/15T/medium/run_0/metrics.npz
    Saved config to /fslarge/scratch/users/h61084/codes/improved/outputs/foundation_models/tasks/ts_icl/univariate/CPHL/15T/medium/run_0/config.json
    Saved aggregate metrics to /fslarge/scratch/users/h61084/codes/improved/outputs/foundation_models/tasks/ts_icl/univariate/CPHL/15T/medium/run_0/metrics_summary.json
    Metrics summary (averaged over all series/windows/variates):
      MSE: 0.1202
      MAE: 0.2200
      RMSE: 0.2767
      MAPE: 0.3692
      sMAPE: 0.2933
      MASE: 1.0818
      ND: 0.3018
      CRPS: 0.2417
  Completed: 2 series × 15 windows
  Output: /fslarge/scratch/users/h61084/codes/improved/outputs/foundation_models/tasks/ts_icl/univariate/CPHL/15T/medium/run_0
  Inference time: 0.736s

--- Term: long ---
  Config: prediction_length=288, test_length=1440, val_length=1440
TIME run allocation action=new run=/fslarge/scratch/users/h61084/codes/improved/outputs/foundation_models/tasks/ts_icl/univariate/CPHL/15T/long/run_0 launch_id=selena_20260908T145416Z_18651 slurm_job_id=3227280 launched_at=2026-09-08T16:05:23.823299+00:00
  Initializing model pipeline...
  Dataset info:
    - Frequency: 15T
    - Num series: 2
    - Target dim: 1
    - Target mode: univariate
    - Covariate channels: 0
    - Series length: min=9956,               max=10831, avg=10393.5
    - Test split: 1440 steps
    - Prediction length: 288
    - Windows: 5
    Total instances: 10, Series during experiment: 2, Windows: 5
    Collecting ground truth and context...
    Organizing data into arrays...
    Saved predictions (quantiles) to /fslarge/scratch/users/h61084/codes/improved/outputs/foundation_models/tasks/ts_icl/univariate/CPHL/15T/long/run_0/predictions.npz
    Computing per-window metrics...
    Saved metrics to /fslarge/scratch/users/h61084/codes/improved/outputs/foundation_models/tasks/ts_icl/univariate/CPHL/15T/long/run_0/metrics.npz
    Saved config to /fslarge/scratch/users/h61084/codes/improved/outputs/foundation_models/tasks/ts_icl/univariate/CPHL/15T/long/run_0/config.json
    Saved aggregate metrics to /fslarge/scratch/users/h61084/codes/improved/outputs/foundation_models/tasks/ts_icl/univariate/CPHL/15T/long/run_0/metrics_summary.json
    Metrics summary (averaged over all series/windows/variates):
      MSE: 0.1242
      MAE: 0.2359
      RMSE: 0.3083
      MAPE: 0.4078
      sMAPE: 0.3192
      MASE: 1.1912
      ND: 0.3302
      CRPS: 0.2688
  Completed: 2 series × 5 windows
  Output: /fslarge/scratch/users/h61084/codes/improved/outputs/foundation_models/tasks/ts_icl/univariate/CPHL/15T/long/run_0
  Inference time: 0.275s

============================================================
All experiments completed!
Results saved to: /scratch/users/h61084/codes/improved/outputs/foundation_models/tasks
============================================================

############################################################
# All 1 dataset(s) completed!
############################################################

############################################################
# Dataset 1/1: CPHL/30T
############################################################
Loading configuration...

============================================================
Dataset: CPHL/30T
Terms: ['short', 'medium', 'long']
Covariate mode: none
============================================================

--- Term: short ---
  Config: prediction_length=12, test_length=1440, val_length=1440
TIME run allocation action=new run=/fslarge/scratch/users/h61084/codes/improved/outputs/foundation_models/tasks/ts_icl/univariate/CPHL/30T/short/run_0 launch_id=selena_20260908T145416Z_18651 slurm_job_id=3227280 launched_at=2026-09-08T16:05:28.190220+00:00
  Initializing model pipeline...
  Dataset info:
    - Frequency: 30T
    - Num series: 2
    - Target dim: 1
    - Target mode: univariate
    - Covariate channels: 0
    - Series length: min=11808,               max=17566, avg=14687.0
    - Test split: 1440 steps
    - Prediction length: 12
    - Windows: 120
    Processed 160/240...
    Total instances: 240, Series during experiment: 2, Windows: 120
    Collecting ground truth and context...
    Organizing data into arrays...
    Saved predictions (quantiles) to /fslarge/scratch/users/h61084/codes/improved/outputs/foundation_models/tasks/ts_icl/univariate/CPHL/30T/short/run_0/predictions.npz
    Computing per-window metrics...
    Saved metrics to /fslarge/scratch/users/h61084/codes/improved/outputs/foundation_models/tasks/ts_icl/univariate/CPHL/30T/short/run_0/metrics.npz
    Saved config to /fslarge/scratch/users/h61084/codes/improved/outputs/foundation_models/tasks/ts_icl/univariate/CPHL/30T/short/run_0/config.json
    Saved aggregate metrics to /fslarge/scratch/users/h61084/codes/improved/outputs/foundation_models/tasks/ts_icl/univariate/CPHL/30T/short/run_0/metrics_summary.json
    Metrics summary (averaged over all series/windows/variates):
      MSE: 0.6326
      MAE: 0.4630
      RMSE: 0.5595
      MAPE: 0.3837
      sMAPE: 0.2969
      MASE: 1.3866
      ND: 0.2923
      CRPS: 0.2264
  Completed: 2 series × 120 windows
  Output: /fslarge/scratch/users/h61084/codes/improved/outputs/foundation_models/tasks/ts_icl/univariate/CPHL/30T/short/run_0
  Inference time: 7.415s

--- Term: medium ---
  Config: prediction_length=48, test_length=1440, val_length=1440
TIME run allocation action=new run=/fslarge/scratch/users/h61084/codes/improved/outputs/foundation_models/tasks/ts_icl/univariate/CPHL/30T/medium/run_0 launch_id=selena_20260908T145416Z_18651 slurm_job_id=3227280 launched_at=2026-09-08T16:05:36.472387+00:00
  Initializing model pipeline...
  Dataset info:
    - Frequency: 30T
    - Num series: 2
    - Target dim: 1
    - Target mode: univariate
    - Covariate channels: 0
    - Series length: min=11808,               max=17566, avg=14687.0
    - Test split: 1440 steps
    - Prediction length: 48
    - Windows: 30
    Total instances: 60, Series during experiment: 2, Windows: 30
    Collecting ground truth and context...
    Organizing data into arrays...
    Saved predictions (quantiles) to /fslarge/scratch/users/h61084/codes/improved/outputs/foundation_models/tasks/ts_icl/univariate/CPHL/30T/medium/run_0/predictions.npz
    Computing per-window metrics...
    Saved metrics to /fslarge/scratch/users/h61084/codes/improved/outputs/foundation_models/tasks/ts_icl/univariate/CPHL/30T/medium/run_0/metrics.npz
    Saved config to /fslarge/scratch/users/h61084/codes/improved/outputs/foundation_models/tasks/ts_icl/univariate/CPHL/30T/medium/run_0/config.json
    Saved aggregate metrics to /fslarge/scratch/users/h61084/codes/improved/outputs/foundation_models/tasks/ts_icl/univariate/CPHL/30T/medium/run_0/metrics_summary.json
    Metrics summary (averaged over all series/windows/variates):
      MSE: 0.7616
      MAE: 0.5196
      RMSE: 0.6341
      MAPE: 0.4483
      sMAPE: 0.3376
      MASE: 1.5528
      ND: 0.3301
      CRPS: 0.2519
  Completed: 2 series × 30 windows
  Output: /fslarge/scratch/users/h61084/codes/improved/outputs/foundation_models/tasks/ts_icl/univariate/CPHL/30T/medium/run_0
  Inference time: 1.402s

--- Term: long ---
  Config: prediction_length=144, test_length=1440, val_length=1440
TIME run allocation action=new run=/fslarge/scratch/users/h61084/codes/improved/outputs/foundation_models/tasks/ts_icl/univariate/CPHL/30T/long/run_0 launch_id=selena_20260908T145416Z_18651 slurm_job_id=3227280 launched_at=2026-09-08T16:05:38.549153+00:00
  Initializing model pipeline...
  Dataset info:
    - Frequency: 30T
    - Num series: 2
    - Target dim: 1
    - Target mode: univariate
    - Covariate channels: 0
    - Series length: min=11808,               max=17566, avg=14687.0
    - Test split: 1440 steps
    - Prediction length: 144
    - Windows: 10
    Total instances: 20, Series during experiment: 2, Windows: 10
    Collecting ground truth and context...
    Organizing data into arrays...
    Saved predictions (quantiles) to /fslarge/scratch/users/h61084/codes/improved/outputs/foundation_models/tasks/ts_icl/univariate/CPHL/30T/long/run_0/predictions.npz
    Computing per-window metrics...
    Saved metrics to /fslarge/scratch/users/h61084/codes/improved/outputs/foundation_models/tasks/ts_icl/univariate/CPHL/30T/long/run_0/metrics.npz
    Saved config to /fslarge/scratch/users/h61084/codes/improved/outputs/foundation_models/tasks/ts_icl/univariate/CPHL/30T/long/run_0/config.json
    Saved aggregate metrics to /fslarge/scratch/users/h61084/codes/improved/outputs/foundation_models/tasks/ts_icl/univariate/CPHL/30T/long/run_0/metrics_summary.json
    Metrics summary (averaged over all series/windows/variates):
      MSE: 0.8846
      MAE: 0.5727
      RMSE: 0.7040
      MAPE: 0.5412
      sMAPE: 0.4010
      MASE: 1.8194
      ND: 0.3792
      CRPS: 0.2879
  Completed: 2 series × 10 windows
  Output: /fslarge/scratch/users/h61084/codes/improved/outputs/foundation_models/tasks/ts_icl/univariate/CPHL/30T/long/run_0
  Inference time: 0.498s

============================================================
All experiments completed!
Results saved to: /scratch/users/h61084/codes/improved/outputs/foundation_models/tasks
============================================================

############################################################
# All 1 dataset(s) completed!
############################################################

############################################################
# Dataset 1/1: CPHL/H
############################################################
Loading configuration...

============================================================
Dataset: CPHL/H
Terms: ['short', 'medium', 'long']
Covariate mode: none
============================================================

--- Term: short ---
  Config: prediction_length=24, test_length=672, val_length=672
TIME run allocation action=new run=/fslarge/scratch/users/h61084/codes/improved/outputs/foundation_models/tasks/ts_icl/univariate/CPHL/H/short/run_0 launch_id=selena_20260908T145416Z_18651 slurm_job_id=3227280 launched_at=2026-09-08T16:05:43.182498+00:00
  Initializing model pipeline...
  Dataset info:
    - Frequency: H
    - Num series: 4
    - Target dim: 1
    - Target mode: univariate
    - Covariate channels: 0
    - Series length: min=2490,               max=8783, avg=4971.2
    - Test split: 672 steps
    - Prediction length: 24
    - Windows: 28
    Total instances: 112, Series during experiment: 4, Windows: 28
    Collecting ground truth and context...
    Organizing data into arrays...
    Saved predictions (quantiles) to /fslarge/scratch/users/h61084/codes/improved/outputs/foundation_models/tasks/ts_icl/univariate/CPHL/H/short/run_0/predictions.npz
    Computing per-window metrics...
    Saved metrics to /fslarge/scratch/users/h61084/codes/improved/outputs/foundation_models/tasks/ts_icl/univariate/CPHL/H/short/run_0/metrics.npz
    Saved config to /fslarge/scratch/users/h61084/codes/improved/outputs/foundation_models/tasks/ts_icl/univariate/CPHL/H/short/run_0/config.json
    Saved aggregate metrics to /fslarge/scratch/users/h61084/codes/improved/outputs/foundation_models/tasks/ts_icl/univariate/CPHL/H/short/run_0/metrics_summary.json
    Metrics summary (averaged over all series/windows/variates):
      MSE: 0.3580
      MAE: 0.3362
      RMSE: 0.4081
      MAPE: 0.3261
      sMAPE: 0.2881
      MASE: 1.2400
      ND: 0.2811
      CRPS: 0.2180
  Completed: 4 series × 28 windows
  Output: /fslarge/scratch/users/h61084/codes/improved/outputs/foundation_models/tasks/ts_icl/univariate/CPHL/H/short/run_0
  Inference time: 4.541s

--- Term: medium ---
  Config: prediction_length=168, test_length=672, val_length=672
TIME run allocation action=new run=/fslarge/scratch/users/h61084/codes/improved/outputs/foundation_models/tasks/ts_icl/univariate/CPHL/H/medium/run_0 launch_id=selena_20260908T145416Z_18651 slurm_job_id=3227280 launched_at=2026-09-08T16:05:48.566434+00:00
  Initializing model pipeline...
  Dataset info:
    - Frequency: H
    - Num series: 4
    - Target dim: 1
    - Target mode: univariate
    - Covariate channels: 0
    - Series length: min=2490,               max=8783, avg=4971.2
    - Test split: 672 steps
    - Prediction length: 168
    - Windows: 4
    Total instances: 16, Series during experiment: 4, Windows: 4
    Collecting ground truth and context...
    Organizing data into arrays...
    Saved predictions (quantiles) to /fslarge/scratch/users/h61084/codes/improved/outputs/foundation_models/tasks/ts_icl/univariate/CPHL/H/medium/run_0/predictions.npz
    Computing per-window metrics...
    Saved metrics to /fslarge/scratch/users/h61084/codes/improved/outputs/foundation_models/tasks/ts_icl/univariate/CPHL/H/medium/run_0/metrics.npz
    Saved config to /fslarge/scratch/users/h61084/codes/improved/outputs/foundation_models/tasks/ts_icl/univariate/CPHL/H/medium/run_0/config.json
    Saved aggregate metrics to /fslarge/scratch/users/h61084/codes/improved/outputs/foundation_models/tasks/ts_icl/univariate/CPHL/H/medium/run_0/metrics_summary.json
    Metrics summary (averaged over all series/windows/variates):
      MSE: 0.4866
      MAE: 0.4328
      RMSE: 0.5371
      MAPE: 0.4598
      sMAPE: 0.4108
      MASE: 1.8098
      ND: 0.3874
      CRPS: 0.2993
  Completed: 4 series × 4 windows
  Output: /fslarge/scratch/users/h61084/codes/improved/outputs/foundation_models/tasks/ts_icl/univariate/CPHL/H/medium/run_0
  Inference time: 0.489s

--- Term: long ---
  Config: prediction_length=336, test_length=672, val_length=672
TIME run allocation action=new run=/fslarge/scratch/users/h61084/codes/improved/outputs/foundation_models/tasks/ts_icl/univariate/CPHL/H/long/run_0 launch_id=selena_20260908T145416Z_18651 slurm_job_id=3227280 launched_at=2026-09-08T16:05:49.725737+00:00
  Initializing model pipeline...
  Dataset info:
    - Frequency: H
    - Num series: 4
    - Target dim: 1
    - Target mode: univariate
    - Covariate channels: 0
    - Series length: min=2490,               max=8783, avg=4971.2
    - Test split: 672 steps
    - Prediction length: 336
    - Windows: 2
    Total instances: 8, Series during experiment: 4, Windows: 2
    Collecting ground truth and context...
    Organizing data into arrays...
    Saved predictions (quantiles) to /fslarge/scratch/users/h61084/codes/improved/outputs/foundation_models/tasks/ts_icl/univariate/CPHL/H/long/run_0/predictions.npz
    Computing per-window metrics...
    Saved metrics to /fslarge/scratch/users/h61084/codes/improved/outputs/foundation_models/tasks/ts_icl/univariate/CPHL/H/long/run_0/metrics.npz
    Saved config to /fslarge/scratch/users/h61084/codes/improved/outputs/foundation_models/tasks/ts_icl/univariate/CPHL/H/long/run_0/config.json
    Saved aggregate metrics to /fslarge/scratch/users/h61084/codes/improved/outputs/foundation_models/tasks/ts_icl/univariate/CPHL/H/long/run_0/metrics_summary.json
    Metrics summary (averaged over all series/windows/variates):
      MSE: 0.5153
      MAE: 0.4527
      RMSE: 0.5693
      MAPE: 0.4969
      sMAPE: 0.4453
      MASE: 2.0108
      ND: 0.4233
      CRPS: 0.3313
  Completed: 4 series × 2 windows
  Output: /fslarge/scratch/users/h61084/codes/improved/outputs/foundation_models/tasks/ts_icl/univariate/CPHL/H/long/run_0
  Inference time: 0.257s

============================================================
All experiments completed!
Results saved to: /scratch/users/h61084/codes/improved/outputs/foundation_models/tasks
============================================================

############################################################
# All 1 dataset(s) completed!
############################################################

############################################################
# Dataset 1/1: Coastal_T_S/5T
############################################################
Loading configuration...

============================================================
Dataset: Coastal_T_S/5T
Terms: ['short', 'medium', 'long']
Covariate mode: none
============================================================

--- Term: short ---
  Config: prediction_length=36, test_length=4320, val_length=4320
TIME run allocation action=new run=/fslarge/scratch/users/h61084/codes/improved/outputs/foundation_models/tasks/ts_icl/univariate/Coastal_T_S/5T/short/run_0 launch_id=selena_20260908T145416Z_18651 slurm_job_id=3227280 launched_at=2026-09-08T16:05:54.234727+00:00
  Initializing model pipeline...
  Dataset info:
    - Frequency: 5T
    - Num series: 18
    - Target dim: 3
    - Target mode: univariate
    - Covariate channels: 0
    - Series length: min=44614,               max=105408, avg=68604.9
    - Test split: 4320 steps
    - Prediction length: 36
    - Windows: 120
    Processed 160/6480...
    Processed 320/6480...
    Processed 480/6480...
    Processed 640/6480...
    Processed 800/6480...
    Processed 960/6480...
    Processed 1120/6480...
    Processed 1280/6480...
    Processed 1440/6480...
    Processed 1600/6480...
    Processed 1760/6480...
    Processed 1920/6480...
    Processed 2080/6480...
    Processed 2240/6480...
    Processed 2400/6480...
    Processed 2560/6480...
    Processed 2720/6480...
    Processed 2880/6480...
    Processed 3040/6480...
    Processed 3200/6480...
    Processed 3360/6480...
    Processed 3520/6480...
    Processed 3680/6480...
    Processed 3840/6480...
    Processed 4000/6480...
    Processed 4160/6480...
    Processed 4320/6480...
    Processed 4480/6480...
    Processed 4640/6480...
    Processed 4800/6480...
    Processed 4960/6480...
    Processed 5120/6480...
    Processed 5280/6480...
    Processed 5440/6480...
    Processed 5600/6480...
    Processed 5760/6480...
    Processed 5920/6480...
    Processed 6080/6480...
    Processed 6240/6480...
    Processed 6400/6480...
    Total instances: 6480, Series during experiment: 54, Windows: 120
    Collecting ground truth and context...
    Detected to_univariate case: 54 flat series -> 18 series x 3 variates
    Organizing data into arrays...
    Saved predictions (quantiles) to /fslarge/scratch/users/h61084/codes/improved/outputs/foundation_models/tasks/ts_icl/univariate/Coastal_T_S/5T/short/run_0/predictions.npz
    Computing per-window metrics...
    Saved metrics to /fslarge/scratch/users/h61084/codes/improved/outputs/foundation_models/tasks/ts_icl/univariate/Coastal_T_S/5T/short/run_0/metrics.npz
    Saved config to /fslarge/scratch/users/h61084/codes/improved/outputs/foundation_models/tasks/ts_icl/univariate/Coastal_T_S/5T/short/run_0/config.json
    Saved aggregate metrics to /fslarge/scratch/users/h61084/codes/improved/outputs/foundation_models/tasks/ts_icl/univariate/Coastal_T_S/5T/short/run_0/metrics_summary.json
    Metrics summary (averaged over all series/windows/variates):
      MSE: 150.2955
      MAE: 2.8807
      RMSE: 3.3617
      MAPE: 0.0884
      sMAPE: 0.0657
      MASE: 0.8116
      ND: 0.0626
      CRPS: 0.0383
  Completed: 18 series × 120 windows
  Output: /fslarge/scratch/users/h61084/codes/improved/outputs/foundation_models/tasks/ts_icl/univariate/Coastal_T_S/5T/short/run_0
  Inference time: 156.857s

--- Term: medium ---
  Config: prediction_length=288, test_length=4320, val_length=4320
TIME run allocation action=new run=/fslarge/scratch/users/h61084/codes/improved/outputs/foundation_models/tasks/ts_icl/univariate/Coastal_T_S/5T/medium/run_0 launch_id=selena_20260908T145416Z_18651 slurm_job_id=3227280 launched_at=2026-09-08T16:08:35.059030+00:00
  Initializing model pipeline...
  Dataset info:
    - Frequency: 5T
    - Num series: 18
    - Target dim: 3
    - Target mode: univariate
    - Covariate channels: 0
    - Series length: min=44614,               max=105408, avg=68604.9
    - Test split: 4320 steps
    - Prediction length: 288
    - Windows: 15
    Processed 160/810...
    Processed 320/810...
    Processed 480/810...
    Processed 640/810...
    Processed 800/810...
    Total instances: 810, Series during experiment: 54, Windows: 15
    Collecting ground truth and context...
    Detected to_univariate case: 54 flat series -> 18 series x 3 variates
    Organizing data into arrays...
    Saved predictions (quantiles) to /fslarge/scratch/users/h61084/codes/improved/outputs/foundation_models/tasks/ts_icl/univariate/Coastal_T_S/5T/medium/run_0/predictions.npz
    Computing per-window metrics...
    Saved metrics to /fslarge/scratch/users/h61084/codes/improved/outputs/foundation_models/tasks/ts_icl/univariate/Coastal_T_S/5T/medium/run_0/metrics.npz
    Saved config to /fslarge/scratch/users/h61084/codes/improved/outputs/foundation_models/tasks/ts_icl/univariate/Coastal_T_S/5T/medium/run_0/config.json
    Saved aggregate metrics to /fslarge/scratch/users/h61084/codes/improved/outputs/foundation_models/tasks/ts_icl/univariate/Coastal_T_S/5T/medium/run_0/metrics_summary.json
    Metrics summary (averaged over all series/windows/variates):
      MSE: 149.2626
      MAE: 2.9972
      RMSE: 3.5198
      MAPE: 0.0928
      sMAPE: 0.0698
      MASE: 1.0366
      ND: 0.0668
      CRPS: 0.0421
  Completed: 18 series × 15 windows
  Output: /fslarge/scratch/users/h61084/codes/improved/outputs/foundation_models/tasks/ts_icl/univariate/Coastal_T_S/5T/medium/run_0
  Inference time: 20.940s

--- Term: long ---
  Config: prediction_length=864, test_length=4320, val_length=4320
TIME run allocation action=new run=/fslarge/scratch/users/h61084/codes/improved/outputs/foundation_models/tasks/ts_icl/univariate/Coastal_T_S/5T/long/run_0 launch_id=selena_20260908T145416Z_18651 slurm_job_id=3227280 launched_at=2026-09-08T16:08:57.294624+00:00
  Initializing model pipeline...
  Dataset info:
    - Frequency: 5T
    - Num series: 18
    - Target dim: 3
    - Target mode: univariate
    - Covariate channels: 0
    - Series length: min=44614,               max=105408, avg=68604.9
    - Test split: 4320 steps
    - Prediction length: 864
    - Windows: 5
    Processed 160/270...
    Total instances: 270, Series during experiment: 54, Windows: 5
    Collecting ground truth and context...
    Detected to_univariate case: 54 flat series -> 18 series x 3 variates
    Organizing data into arrays...
    Saved predictions (quantiles) to /fslarge/scratch/users/h61084/codes/improved/outputs/foundation_models/tasks/ts_icl/univariate/Coastal_T_S/5T/long/run_0/predictions.npz
    Computing per-window metrics...
    Saved metrics to /fslarge/scratch/users/h61084/codes/improved/outputs/foundation_models/tasks/ts_icl/univariate/Coastal_T_S/5T/long/run_0/metrics.npz
    Saved config to /fslarge/scratch/users/h61084/codes/improved/outputs/foundation_models/tasks/ts_icl/univariate/Coastal_T_S/5T/long/run_0/config.json
    Saved aggregate metrics to /fslarge/scratch/users/h61084/codes/improved/outputs/foundation_models/tasks/ts_icl/univariate/Coastal_T_S/5T/long/run_0/metrics_summary.json
    Metrics summary (averaged over all series/windows/variates):
      MSE: 146.2734
      MAE: 3.1573
      RMSE: 3.6863
      MAPE: 0.0955
      sMAPE: 0.0748
      MASE: 1.3854
      ND: 0.0721
      CRPS: 0.0526
  Completed: 18 series × 5 windows
  Output: /fslarge/scratch/users/h61084/codes/improved/outputs/foundation_models/tasks/ts_icl/univariate/Coastal_T_S/5T/long/run_0
  Inference time: 14.445s

============================================================
All experiments completed!
Results saved to: /scratch/users/h61084/codes/improved/outputs/foundation_models/tasks
============================================================

############################################################
# All 1 dataset(s) completed!
############################################################

############################################################
# Dataset 1/1: Coastal_T_S/15T
############################################################
Loading configuration...

============================================================
Dataset: Coastal_T_S/15T
Terms: ['short', 'medium', 'long']
Covariate mode: none
============================================================

--- Term: short ---
  Config: prediction_length=12, test_length=1440, val_length=1440
TIME run allocation action=new run=/fslarge/scratch/users/h61084/codes/improved/outputs/foundation_models/tasks/ts_icl/univariate/Coastal_T_S/15T/short/run_0 launch_id=selena_20260908T145416Z_18651 slurm_job_id=3227280 launched_at=2026-09-08T16:09:17.263451+00:00
  Initializing model pipeline...
  Dataset info:
    - Frequency: 15T
    - Num series: 5
    - Target dim: 3
    - Target mode: univariate
    - Covariate channels: 0
    - Series length: min=16686,               max=23134, avg=20870.2
    - Test split: 1440 steps
    - Prediction length: 12
    - Windows: 120
    Processed 160/1800...
    Processed 320/1800...
    Processed 480/1800...
    Processed 640/1800...
    Processed 800/1800...
    Processed 960/1800...
    Processed 1120/1800...
    Processed 1280/1800...
    Processed 1440/1800...
    Processed 1600/1800...
    Processed 1760/1800...
    Total instances: 1800, Series during experiment: 15, Windows: 120
    Collecting ground truth and context...
    Detected to_univariate case: 15 flat series -> 5 series x 3 variates
    Organizing data into arrays...
    Saved predictions (quantiles) to /fslarge/scratch/users/h61084/codes/improved/outputs/foundation_models/tasks/ts_icl/univariate/Coastal_T_S/15T/short/run_0/predictions.npz
    Computing per-window metrics...
    Saved metrics to /fslarge/scratch/users/h61084/codes/improved/outputs/foundation_models/tasks/ts_icl/univariate/Coastal_T_S/15T/short/run_0/metrics.npz
    Saved config to /fslarge/scratch/users/h61084/codes/improved/outputs/foundation_models/tasks/ts_icl/univariate/Coastal_T_S/15T/short/run_0/config.json
    Saved aggregate metrics to /fslarge/scratch/users/h61084/codes/improved/outputs/foundation_models/tasks/ts_icl/univariate/Coastal_T_S/15T/short/run_0/metrics_summary.json
    Metrics summary (averaged over all series/windows/variates):
      MSE: 140.8304
      MAE: 4.6245
      RMSE: 5.4081
      MAPE: 0.1244
      sMAPE: 0.1163
      MASE: 1.1429
      ND: 0.1133
      CRPS: 0.0676
  Completed: 5 series × 120 windows
  Output: /fslarge/scratch/users/h61084/codes/improved/outputs/foundation_models/tasks/ts_icl/univariate/Coastal_T_S/15T/short/run_0
  Inference time: 44.685s

--- Term: medium ---
  Config: prediction_length=96, test_length=1440, val_length=1440
TIME run allocation action=new run=/fslarge/scratch/users/h61084/codes/improved/outputs/foundation_models/tasks/ts_icl/univariate/Coastal_T_S/15T/medium/run_0 launch_id=selena_20260908T145416Z_18651 slurm_job_id=3227280 launched_at=2026-09-08T16:10:03.040569+00:00
  Initializing model pipeline...
  Dataset info:
    - Frequency: 15T
    - Num series: 5
    - Target dim: 3
    - Target mode: univariate
    - Covariate channels: 0
    - Series length: min=16686,               max=23134, avg=20870.2
    - Test split: 1440 steps
    - Prediction length: 96
    - Windows: 15
    Processed 160/225...
    Total instances: 225, Series during experiment: 15, Windows: 15
    Collecting ground truth and context...
    Detected to_univariate case: 15 flat series -> 5 series x 3 variates
    Organizing data into arrays...
    Saved predictions (quantiles) to /fslarge/scratch/users/h61084/codes/improved/outputs/foundation_models/tasks/ts_icl/univariate/Coastal_T_S/15T/medium/run_0/predictions.npz
    Computing per-window metrics...
    Saved metrics to /fslarge/scratch/users/h61084/codes/improved/outputs/foundation_models/tasks/ts_icl/univariate/Coastal_T_S/15T/medium/run_0/metrics.npz
    Saved config to /fslarge/scratch/users/h61084/codes/improved/outputs/foundation_models/tasks/ts_icl/univariate/Coastal_T_S/15T/medium/run_0/config.json
    Saved aggregate metrics to /fslarge/scratch/users/h61084/codes/improved/outputs/foundation_models/tasks/ts_icl/univariate/Coastal_T_S/15T/medium/run_0/metrics_summary.json
    Metrics summary (averaged over all series/windows/variates):
      MSE: 138.1957
      MAE: 4.6632
      RMSE: 5.4266
      MAPE: 0.1278
      sMAPE: 0.1178
      MASE: 1.2691
      ND: 0.1137
      CRPS: 0.0676
  Completed: 5 series × 15 windows
  Output: /fslarge/scratch/users/h61084/codes/improved/outputs/foundation_models/tasks/ts_icl/univariate/Coastal_T_S/15T/medium/run_0
  Inference time: 5.485s

--- Term: long ---
  Config: prediction_length=288, test_length=1440, val_length=1440
TIME run allocation action=new run=/fslarge/scratch/users/h61084/codes/improved/outputs/foundation_models/tasks/ts_icl/univariate/Coastal_T_S/15T/long/run_0 launch_id=selena_20260908T145416Z_18651 slurm_job_id=3227280 launched_at=2026-09-08T16:10:09.106221+00:00
  Initializing model pipeline...
  Dataset info:
    - Frequency: 15T
    - Num series: 5
    - Target dim: 3
    - Target mode: univariate
    - Covariate channels: 0
    - Series length: min=16686,               max=23134, avg=20870.2
    - Test split: 1440 steps
    - Prediction length: 288
    - Windows: 5
    Total instances: 75, Series during experiment: 15, Windows: 5
    Collecting ground truth and context...
    Detected to_univariate case: 15 flat series -> 5 series x 3 variates
    Organizing data into arrays...
    Saved predictions (quantiles) to /fslarge/scratch/users/h61084/codes/improved/outputs/foundation_models/tasks/ts_icl/univariate/Coastal_T_S/15T/long/run_0/predictions.npz
    Computing per-window metrics...
    Saved metrics to /fslarge/scratch/users/h61084/codes/improved/outputs/foundation_models/tasks/ts_icl/univariate/Coastal_T_S/15T/long/run_0/metrics.npz
    Saved config to /fslarge/scratch/users/h61084/codes/improved/outputs/foundation_models/tasks/ts_icl/univariate/Coastal_T_S/15T/long/run_0/config.json
    Saved aggregate metrics to /fslarge/scratch/users/h61084/codes/improved/outputs/foundation_models/tasks/ts_icl/univariate/Coastal_T_S/15T/long/run_0/metrics_summary.json
    Metrics summary (averaged over all series/windows/variates):
      MSE: 140.7787
      MAE: 4.6981
      RMSE: 5.4699
      MAPE: 0.1283
      sMAPE: 0.1192
      MASE: 1.3953
      ND: 0.1151
      CRPS: 0.0686
  Completed: 5 series × 5 windows
  Output: /fslarge/scratch/users/h61084/codes/improved/outputs/foundation_models/tasks/ts_icl/univariate/Coastal_T_S/15T/long/run_0
  Inference time: 1.926s

============================================================
All experiments completed!
Results saved to: /scratch/users/h61084/codes/improved/outputs/foundation_models/tasks
============================================================

############################################################
# All 1 dataset(s) completed!
############################################################

############################################################
# Dataset 1/1: Coastal_T_S/20T
############################################################
Loading configuration...

============================================================
Dataset: Coastal_T_S/20T
Terms: ['short', 'medium', 'long']
Covariate mode: none
============================================================

--- Term: short ---
  Config: prediction_length=9, test_length=1080, val_length=1080
TIME run allocation action=new run=/fslarge/scratch/users/h61084/codes/improved/outputs/foundation_models/tasks/ts_icl/univariate/Coastal_T_S/20T/short/run_0 launch_id=selena_20260908T145416Z_18651 slurm_job_id=3227280 launched_at=2026-09-08T16:10:15.140446+00:00
  Initializing model pipeline...
  Dataset info:
    - Frequency: 20T
    - Num series: 1
    - Target dim: 3
    - Target mode: univariate
    - Covariate channels: 0
    - Series length: min=8198,               max=8198, avg=8198.0
    - Test split: 1080 steps
    - Prediction length: 9
    - Windows: 120
    Processed 160/360...
    Processed 320/360...
    Total instances: 360, Series during experiment: 3, Windows: 120
    Collecting ground truth and context...
    Detected to_univariate case: 3 flat series -> 1 series x 3 variates
    Organizing data into arrays...
    Saved predictions (quantiles) to /fslarge/scratch/users/h61084/codes/improved/outputs/foundation_models/tasks/ts_icl/univariate/Coastal_T_S/20T/short/run_0/predictions.npz
    Computing per-window metrics...
    Saved metrics to /fslarge/scratch/users/h61084/codes/improved/outputs/foundation_models/tasks/ts_icl/univariate/Coastal_T_S/20T/short/run_0/metrics.npz
    Saved config to /fslarge/scratch/users/h61084/codes/improved/outputs/foundation_models/tasks/ts_icl/univariate/Coastal_T_S/20T/short/run_0/config.json
    Saved aggregate metrics to /fslarge/scratch/users/h61084/codes/improved/outputs/foundation_models/tasks/ts_icl/univariate/Coastal_T_S/20T/short/run_0/metrics_summary.json
    Metrics summary (averaged over all series/windows/variates):
      MSE: 0.0106
      MAE: 0.0720
      RMSE: 0.0827
      MAPE: 0.0030
      sMAPE: 0.0030
      MASE: 0.5645
      ND: 0.0030
      CRPS: 0.0023
  Completed: 1 series × 120 windows
  Output: /fslarge/scratch/users/h61084/codes/improved/outputs/foundation_models/tasks/ts_icl/univariate/Coastal_T_S/20T/short/run_0
  Inference time: 10.098s

--- Term: medium ---
  Config: prediction_length=72, test_length=1080, val_length=1080
TIME run allocation action=new run=/fslarge/scratch/users/h61084/codes/improved/outputs/foundation_models/tasks/ts_icl/univariate/Coastal_T_S/20T/medium/run_0 launch_id=selena_20260908T145416Z_18651 slurm_job_id=3227280 launched_at=2026-09-08T16:10:25.954093+00:00
  Initializing model pipeline...
  Dataset info:
    - Frequency: 20T
    - Num series: 1
    - Target dim: 3
    - Target mode: univariate
    - Covariate channels: 0
    - Series length: min=8198,               max=8198, avg=8198.0
    - Test split: 1080 steps
    - Prediction length: 72
    - Windows: 15
    Total instances: 45, Series during experiment: 3, Windows: 15
    Collecting ground truth and context...
    Detected to_univariate case: 3 flat series -> 1 series x 3 variates
    Organizing data into arrays...
    Saved predictions (quantiles) to /fslarge/scratch/users/h61084/codes/improved/outputs/foundation_models/tasks/ts_icl/univariate/Coastal_T_S/20T/medium/run_0/predictions.npz
    Computing per-window metrics...
    Saved metrics to /fslarge/scratch/users/h61084/codes/improved/outputs/foundation_models/tasks/ts_icl/univariate/Coastal_T_S/20T/medium/run_0/metrics.npz
    Saved config to /fslarge/scratch/users/h61084/codes/improved/outputs/foundation_models/tasks/ts_icl/univariate/Coastal_T_S/20T/medium/run_0/config.json
    Saved aggregate metrics to /fslarge/scratch/users/h61084/codes/improved/outputs/foundation_models/tasks/ts_icl/univariate/Coastal_T_S/20T/medium/run_0/metrics_summary.json
    Metrics summary (averaged over all series/windows/variates):
      MSE: 0.0449
      MAE: 0.1574
      RMSE: 0.1907
      MAPE: 0.0066
      sMAPE: 0.0066
      MASE: 1.2497
      ND: 0.0066
      CRPS: 0.0051
  Completed: 1 series × 15 windows
  Output: /fslarge/scratch/users/h61084/codes/improved/outputs/foundation_models/tasks/ts_icl/univariate/Coastal_T_S/20T/medium/run_0
  Inference time: 1.092s

--- Term: long ---
  Config: prediction_length=216, test_length=1080, val_length=1080
TIME run allocation action=new run=/fslarge/scratch/users/h61084/codes/improved/outputs/foundation_models/tasks/ts_icl/univariate/Coastal_T_S/20T/long/run_0 launch_id=selena_20260908T145416Z_18651 slurm_job_id=3227280 launched_at=2026-09-08T16:10:27.544776+00:00
  Initializing model pipeline...
  Dataset info:
    - Frequency: 20T
    - Num series: 1
    - Target dim: 3
    - Target mode: univariate
    - Covariate channels: 0
    - Series length: min=8198,               max=8198, avg=8198.0
    - Test split: 1080 steps
    - Prediction length: 216
    - Windows: 5
    Total instances: 15, Series during experiment: 3, Windows: 5
    Collecting ground truth and context...
    Detected to_univariate case: 3 flat series -> 1 series x 3 variates
    Organizing data into arrays...
    Saved predictions (quantiles) to /fslarge/scratch/users/h61084/codes/improved/outputs/foundation_models/tasks/ts_icl/univariate/Coastal_T_S/20T/long/run_0/predictions.npz
    Computing per-window metrics...
    Saved metrics to /fslarge/scratch/users/h61084/codes/improved/outputs/foundation_models/tasks/ts_icl/univariate/Coastal_T_S/20T/long/run_0/metrics.npz
    Saved config to /fslarge/scratch/users/h61084/codes/improved/outputs/foundation_models/tasks/ts_icl/univariate/Coastal_T_S/20T/long/run_0/config.json
    Saved aggregate metrics to /fslarge/scratch/users/h61084/codes/improved/outputs/foundation_models/tasks/ts_icl/univariate/Coastal_T_S/20T/long/run_0/metrics_summary.json
    Metrics summary (averaged over all series/windows/variates):
      MSE: 0.1077
      MAE: 0.2288
      RMSE: 0.2901
      MAPE: 0.0095
      sMAPE: 0.0095
      MASE: 1.7467
      ND: 0.0095
      CRPS: 0.0076
  Completed: 1 series × 5 windows
  Output: /fslarge/scratch/users/h61084/codes/improved/outputs/foundation_models/tasks/ts_icl/univariate/Coastal_T_S/20T/long/run_0
  Inference time: 0.382s

============================================================
All experiments completed!
Results saved to: /scratch/users/h61084/codes/improved/outputs/foundation_models/tasks
============================================================

############################################################
# All 1 dataset(s) completed!
############################################################

############################################################
# Dataset 1/1: Coastal_T_S/H
############################################################
Loading configuration...

============================================================
Dataset: Coastal_T_S/H
Terms: ['short', 'medium', 'long']
Covariate mode: none
============================================================

--- Term: short ---
  Config: prediction_length=24, test_length=672, val_length=672
TIME run allocation action=new run=/fslarge/scratch/users/h61084/codes/improved/outputs/foundation_models/tasks/ts_icl/univariate/Coastal_T_S/H/short/run_0 launch_id=selena_20260908T145416Z_18651 slurm_job_id=3227280 launched_at=2026-09-08T16:10:31.912433+00:00
  Initializing model pipeline...
  Dataset info:
    - Frequency: H
    - Num series: 24
    - Target dim: 3
    - Target mode: univariate
    - Covariate channels: 0
    - Series length: min=2733,               max=8784, avg=5488.8
    - Test split: 672 steps
    - Prediction length: 24
    - Windows: 28
    Processed 160/2016...
    Processed 320/2016...
    Processed 480/2016...
    Processed 640/2016...
    Processed 800/2016...
    Processed 960/2016...
    Processed 1120/2016...
    Processed 1280/2016...
    Processed 1440/2016...
    Processed 1600/2016...
    Processed 1760/2016...
    Processed 1920/2016...
    Total instances: 2016, Series during experiment: 72, Windows: 28
    Collecting ground truth and context...
    Detected to_univariate case: 72 flat series -> 24 series x 3 variates
    Organizing data into arrays...
    Saved predictions (quantiles) to /fslarge/scratch/users/h61084/codes/improved/outputs/foundation_models/tasks/ts_icl/univariate/Coastal_T_S/H/short/run_0/predictions.npz
    Computing per-window metrics...
    Saved metrics to /fslarge/scratch/users/h61084/codes/improved/outputs/foundation_models/tasks/ts_icl/univariate/Coastal_T_S/H/short/run_0/metrics.npz
    Saved config to /fslarge/scratch/users/h61084/codes/improved/outputs/foundation_models/tasks/ts_icl/univariate/Coastal_T_S/H/short/run_0/config.json
    Saved aggregate metrics to /fslarge/scratch/users/h61084/codes/improved/outputs/foundation_models/tasks/ts_icl/univariate/Coastal_T_S/H/short/run_0/metrics_summary.json
    Metrics summary (averaged over all series/windows/variates):
      MSE: 14.8776
      MAE: 1.1126
      RMSE: 1.3756
      MAPE: 0.0303
      sMAPE: 0.0285
      MASE: 0.9438
      ND: 0.0282
      CRPS: 0.0223
  Completed: 24 series × 28 windows
  Output: /fslarge/scratch/users/h61084/codes/improved/outputs/foundation_models/tasks/ts_icl/univariate/Coastal_T_S/H/short/run_0
  Inference time: 54.137s

--- Term: medium ---
  Config: prediction_length=168, test_length=672, val_length=672
TIME run allocation action=new run=/fslarge/scratch/users/h61084/codes/improved/outputs/foundation_models/tasks/ts_icl/univariate/Coastal_T_S/H/medium/run_0 launch_id=selena_20260908T145416Z_18651 slurm_job_id=3227280 launched_at=2026-09-08T16:11:27.033440+00:00
  Initializing model pipeline...
  Dataset info:
    - Frequency: H
    - Num series: 24
    - Target dim: 3
    - Target mode: univariate
    - Covariate channels: 0
    - Series length: min=2733,               max=8784, avg=5488.8
    - Test split: 672 steps
    - Prediction length: 168
    - Windows: 4
    Processed 160/288...
    Total instances: 288, Series during experiment: 72, Windows: 4
    Collecting ground truth and context...
    Detected to_univariate case: 72 flat series -> 24 series x 3 variates
    Organizing data into arrays...
    Saved predictions (quantiles) to /fslarge/scratch/users/h61084/codes/improved/outputs/foundation_models/tasks/ts_icl/univariate/Coastal_T_S/H/medium/run_0/predictions.npz
    Computing per-window metrics...
    Saved metrics to /fslarge/scratch/users/h61084/codes/improved/outputs/foundation_models/tasks/ts_icl/univariate/Coastal_T_S/H/medium/run_0/metrics.npz
    Saved config to /fslarge/scratch/users/h61084/codes/improved/outputs/foundation_models/tasks/ts_icl/univariate/Coastal_T_S/H/medium/run_0/config.json
    Saved aggregate metrics to /fslarge/scratch/users/h61084/codes/improved/outputs/foundation_models/tasks/ts_icl/univariate/Coastal_T_S/H/medium/run_0/metrics_summary.json
    Metrics summary (averaged over all series/windows/variates):
      MSE: 21.4807
      MAE: 1.3721
      RMSE: 1.7067
      MAPE: 0.0411
      sMAPE: 0.0365
      MASE: 1.6380
      ND: 0.0389
      CRPS: 0.0310
  Completed: 24 series × 4 windows
  Output: /fslarge/scratch/users/h61084/codes/improved/outputs/foundation_models/tasks/ts_icl/univariate/Coastal_T_S/H/medium/run_0
  Inference time: 8.573s

--- Term: long ---
  Config: prediction_length=336, test_length=672, val_length=672
TIME run allocation action=new run=/fslarge/scratch/users/h61084/codes/improved/outputs/foundation_models/tasks/ts_icl/univariate/Coastal_T_S/H/long/run_0 launch_id=selena_20260908T145416Z_18651 slurm_job_id=3227280 launched_at=2026-09-08T16:11:36.186691+00:00
  Initializing model pipeline...
  Dataset info:
    - Frequency: H
    - Num series: 24
    - Target dim: 3
    - Target mode: univariate
    - Covariate channels: 0
    - Series length: min=2733,               max=8784, avg=5488.8
    - Test split: 672 steps
    - Prediction length: 336
    - Windows: 2
    Total instances: 144, Series during experiment: 72, Windows: 2
    Collecting ground truth and context...
    Detected to_univariate case: 72 flat series -> 24 series x 3 variates
    Organizing data into arrays...
    Saved predictions (quantiles) to /fslarge/scratch/users/h61084/codes/improved/outputs/foundation_models/tasks/ts_icl/univariate/Coastal_T_S/H/long/run_0/predictions.npz
    Computing per-window metrics...
    Saved metrics to /fslarge/scratch/users/h61084/codes/improved/outputs/foundation_models/tasks/ts_icl/univariate/Coastal_T_S/H/long/run_0/metrics.npz
    Saved config to /fslarge/scratch/users/h61084/codes/improved/outputs/foundation_models/tasks/ts_icl/univariate/Coastal_T_S/H/long/run_0/config.json
    Saved aggregate metrics to /fslarge/scratch/users/h61084/codes/improved/outputs/foundation_models/tasks/ts_icl/univariate/Coastal_T_S/H/long/run_0/metrics_summary.json
    Metrics summary (averaged over all series/windows/variates):
      MSE: 23.7223
      MAE: 1.4988
      RMSE: 1.8977
      MAPE: 0.0473
      sMAPE: 0.0418
      MASE: 2.3337
      ND: 0.0423
      CRPS: 0.0336
  Completed: 24 series × 2 windows
  Output: /fslarge/scratch/users/h61084/codes/improved/outputs/foundation_models/tasks/ts_icl/univariate/Coastal_T_S/H/long/run_0
  Inference time: 4.521s

============================================================
All experiments completed!
Results saved to: /scratch/users/h61084/codes/improved/outputs/foundation_models/tasks
============================================================

############################################################
# All 1 dataset(s) completed!
############################################################

############################################################
# Dataset 1/1: SG_Weather/D
############################################################
Loading configuration...

============================================================
Dataset: SG_Weather/D
Terms: ['short', 'medium', 'long']
Covariate mode: none
============================================================

--- Term: short ---
  Config: prediction_length=3, test_length=366, val_length=366
TIME run allocation action=new run=/fslarge/scratch/users/h61084/codes/improved/outputs/foundation_models/tasks/ts_icl/univariate/SG_Weather/D/short/run_0 launch_id=selena_20260908T145416Z_18651 slurm_job_id=3227280 launched_at=2026-09-08T16:11:45.176208+00:00
  Initializing model pipeline...
  Dataset info:
    - Frequency: D
    - Num series: 6
    - Target dim: 4
    - Target mode: univariate
    - Covariate channels: 0
    - Series length: min=2953,               max=2953, avg=2953.0
    - Test split: 366 steps
    - Prediction length: 3
    - Windows: 122
    Processed 160/2928...
    Processed 320/2928...
    Processed 480/2928...
    Processed 640/2928...
    Processed 800/2928...
    Processed 960/2928...
    Processed 1120/2928...
    Processed 1280/2928...
    Processed 1440/2928...
    Processed 1600/2928...
    Processed 1760/2928...
    Processed 1920/2928...
    Processed 2080/2928...
    Processed 2240/2928...
    Processed 2400/2928...
    Processed 2560/2928...
    Processed 2720/2928...
    Processed 2880/2928...
    Total instances: 2928, Series during experiment: 24, Windows: 122
    Collecting ground truth and context...
    Detected to_univariate case: 24 flat series -> 6 series x 4 variates
    Organizing data into arrays...
    Saved predictions (quantiles) to /fslarge/scratch/users/h61084/codes/improved/outputs/foundation_models/tasks/ts_icl/univariate/SG_Weather/D/short/run_0/predictions.npz
    Computing per-window metrics...
    Saved metrics to /fslarge/scratch/users/h61084/codes/improved/outputs/foundation_models/tasks/ts_icl/univariate/SG_Weather/D/short/run_0/metrics.npz
    Saved config to /fslarge/scratch/users/h61084/codes/improved/outputs/foundation_models/tasks/ts_icl/univariate/SG_Weather/D/short/run_0/config.json
    Saved aggregate metrics to /fslarge/scratch/users/h61084/codes/improved/outputs/foundation_models/tasks/ts_icl/univariate/SG_Weather/D/short/run_0/metrics_summary.json
    Metrics summary (averaged over all series/windows/variates):
      MSE: 2291.7746
      MAE: 17.0255
      RMSE: 20.1840
      MAPE: 0.3486
      sMAPE: 0.2191
      MASE: 0.8538
      ND: 0.2288
      CRPS: 0.1868
  Completed: 6 series × 122 windows
  Output: /fslarge/scratch/users/h61084/codes/improved/outputs/foundation_models/tasks/ts_icl/univariate/SG_Weather/D/short/run_0
  Inference time: 69.149s

--- Term: medium ---
  Config: prediction_length=7, test_length=366, val_length=366
TIME run allocation action=new run=/fslarge/scratch/users/h61084/codes/improved/outputs/foundation_models/tasks/ts_icl/univariate/SG_Weather/D/medium/run_0 launch_id=selena_20260908T145416Z_18651 slurm_job_id=3227280 launched_at=2026-09-08T16:12:55.341733+00:00
  Initializing model pipeline...
  Dataset info:
    - Frequency: D
    - Num series: 6
    - Target dim: 4
    - Target mode: univariate
    - Covariate channels: 0
    - Series length: min=2953,               max=2953, avg=2953.0
    - Test split: 366 steps
    - Prediction length: 7
    - Windows: 52
    Processed 160/1248...
    Processed 320/1248...
    Processed 480/1248...
    Processed 640/1248...
    Processed 800/1248...
    Processed 960/1248...
    Processed 1120/1248...
    Total instances: 1248, Series during experiment: 24, Windows: 52
    Collecting ground truth and context...
    Detected to_univariate case: 24 flat series -> 6 series x 4 variates
    Organizing data into arrays...
    Saved predictions (quantiles) to /fslarge/scratch/users/h61084/codes/improved/outputs/foundation_models/tasks/ts_icl/univariate/SG_Weather/D/medium/run_0/predictions.npz
    Computing per-window metrics...
    Saved metrics to /fslarge/scratch/users/h61084/codes/improved/outputs/foundation_models/tasks/ts_icl/univariate/SG_Weather/D/medium/run_0/metrics.npz
    Saved config to /fslarge/scratch/users/h61084/codes/improved/outputs/foundation_models/tasks/ts_icl/univariate/SG_Weather/D/medium/run_0/config.json
    Saved aggregate metrics to /fslarge/scratch/users/h61084/codes/improved/outputs/foundation_models/tasks/ts_icl/univariate/SG_Weather/D/medium/run_0/metrics_summary.json
    Metrics summary (averaged over all series/windows/variates):
      MSE: 2396.4372
      MAE: 17.5949
      RMSE: 22.4892
      MAPE: 0.3582
      sMAPE: 0.2243
      MASE: 0.8959
      ND: 0.2204
      CRPS: 0.1737
  Completed: 6 series × 52 windows
  Output: /fslarge/scratch/users/h61084/codes/improved/outputs/foundation_models/tasks/ts_icl/univariate/SG_Weather/D/medium/run_0
  Inference time: 28.951s

--- Term: long ---
  Config: prediction_length=14, test_length=366, val_length=366
TIME run allocation action=new run=/fslarge/scratch/users/h61084/codes/improved/outputs/foundation_models/tasks/ts_icl/univariate/SG_Weather/D/long/run_0 launch_id=selena_20260908T145416Z_18651 slurm_job_id=3227280 launched_at=2026-09-08T16:13:24.929463+00:00
  Initializing model pipeline...
  Dataset info:
    - Frequency: D
    - Num series: 6
    - Target dim: 4
    - Target mode: univariate
    - Covariate channels: 0
    - Series length: min=2953,               max=2953, avg=2953.0
    - Test split: 366 steps
    - Prediction length: 14
    - Windows: 26
    Processed 160/624...
    Processed 320/624...
    Processed 480/624...
    Total instances: 624, Series during experiment: 24, Windows: 26
    Collecting ground truth and context...
    Detected to_univariate case: 24 flat series -> 6 series x 4 variates
    Organizing data into arrays...
    Saved predictions (quantiles) to /fslarge/scratch/users/h61084/codes/improved/outputs/foundation_models/tasks/ts_icl/univariate/SG_Weather/D/long/run_0/predictions.npz
    Computing per-window metrics...
    Saved metrics to /fslarge/scratch/users/h61084/codes/improved/outputs/foundation_models/tasks/ts_icl/univariate/SG_Weather/D/long/run_0/metrics.npz
    Saved config to /fslarge/scratch/users/h61084/codes/improved/outputs/foundation_models/tasks/ts_icl/univariate/SG_Weather/D/long/run_0/config.json
    Saved aggregate metrics to /fslarge/scratch/users/h61084/codes/improved/outputs/foundation_models/tasks/ts_icl/univariate/SG_Weather/D/long/run_0/metrics_summary.json
    Metrics summary (averaged over all series/windows/variates):
      MSE: 2325.1323
      MAE: 17.4186
      RMSE: 23.0609
      MAPE: 0.3529
      sMAPE: 0.2258
      MASE: 0.9065
      ND: 0.2146
      CRPS: 0.1700
  Completed: 6 series × 26 windows
  Output: /fslarge/scratch/users/h61084/codes/improved/outputs/foundation_models/tasks/ts_icl/univariate/SG_Weather/D/long/run_0
  Inference time: 14.413s

============================================================
All experiments completed!
Results saved to: /scratch/users/h61084/codes/improved/outputs/foundation_models/tasks
============================================================

############################################################
# All 1 dataset(s) completed!
############################################################

############################################################
# Dataset 1/1: SG_PM25/H
############################################################
Loading configuration...

============================================================
Dataset: SG_PM25/H
Terms: ['short', 'medium', 'long']
Covariate mode: none
============================================================

--- Term: short ---
  Config: prediction_length=24, test_length=2208, val_length=2160
TIME run allocation action=new run=/fslarge/scratch/users/h61084/codes/improved/outputs/foundation_models/tasks/ts_icl/univariate/SG_PM25/H/short/run_0 launch_id=selena_20260908T145416Z_18651 slurm_job_id=3227280 launched_at=2026-09-08T16:13:43.562742+00:00
  Initializing model pipeline...
  Dataset info:
    - Frequency: H
    - Num series: 1
    - Target dim: 5
    - Target mode: univariate
    - Covariate channels: 0
    - Series length: min=38688,               max=38688, avg=38688.0
    - Test split: 2208 steps
    - Prediction length: 24
    - Windows: 92
    Processed 160/460...
    Processed 320/460...
    Total instances: 460, Series during experiment: 5, Windows: 92
    Collecting ground truth and context...
    Detected to_univariate case: 5 flat series -> 1 series x 5 variates
    Organizing data into arrays...
    Saved predictions (quantiles) to /fslarge/scratch/users/h61084/codes/improved/outputs/foundation_models/tasks/ts_icl/univariate/SG_PM25/H/short/run_0/predictions.npz
    Computing per-window metrics...
    Saved metrics to /fslarge/scratch/users/h61084/codes/improved/outputs/foundation_models/tasks/ts_icl/univariate/SG_PM25/H/short/run_0/metrics.npz
    Saved config to /fslarge/scratch/users/h61084/codes/improved/outputs/foundation_models/tasks/ts_icl/univariate/SG_PM25/H/short/run_0/config.json
    Saved aggregate metrics to /fslarge/scratch/users/h61084/codes/improved/outputs/foundation_models/tasks/ts_icl/univariate/SG_PM25/H/short/run_0/metrics_summary.json
    Metrics summary (averaged over all series/windows/variates):
      MSE: 40.4106
      MAE: 4.6113
      RMSE: 5.6814
      MAPE: 0.4973
      sMAPE: 0.3933
      MASE: 0.8773
      ND: 0.3911
      CRPS: 0.3050
  Completed: 1 series × 92 windows
  Output: /fslarge/scratch/users/h61084/codes/improved/outputs/foundation_models/tasks/ts_icl/univariate/SG_PM25/H/short/run_0
  Inference time: 12.491s

--- Term: medium ---
  Config: prediction_length=72, test_length=2208, val_length=2160
TIME run allocation action=new run=/fslarge/scratch/users/h61084/codes/improved/outputs/foundation_models/tasks/ts_icl/univariate/SG_PM25/H/medium/run_0 launch_id=selena_20260908T145416Z_18651 slurm_job_id=3227280 launched_at=2026-09-08T16:13:56.873649+00:00
  Initializing model pipeline...
  Dataset info:
    - Frequency: H
    - Num series: 1
    - Target dim: 5
    - Target mode: univariate
    - Covariate channels: 0
    - Series length: min=38688,               max=38688, avg=38688.0
    - Test split: 2208 steps
    - Prediction length: 72
    - Windows: 30
    Processed 150/150...
    Total instances: 150, Series during experiment: 5, Windows: 30
    Collecting ground truth and context...
    Detected to_univariate case: 5 flat series -> 1 series x 5 variates
    Organizing data into arrays...
    Saved predictions (quantiles) to /fslarge/scratch/users/h61084/codes/improved/outputs/foundation_models/tasks/ts_icl/univariate/SG_PM25/H/medium/run_0/predictions.npz
    Computing per-window metrics...
    Saved metrics to /fslarge/scratch/users/h61084/codes/improved/outputs/foundation_models/tasks/ts_icl/univariate/SG_PM25/H/medium/run_0/metrics.npz
    Saved config to /fslarge/scratch/users/h61084/codes/improved/outputs/foundation_models/tasks/ts_icl/univariate/SG_PM25/H/medium/run_0/config.json
    Saved aggregate metrics to /fslarge/scratch/users/h61084/codes/improved/outputs/foundation_models/tasks/ts_icl/univariate/SG_PM25/H/medium/run_0/metrics_summary.json
    Metrics summary (averaged over all series/windows/variates):
      MSE: 46.3990
      MAE: 4.8950
      RMSE: 6.2311
      MAPE: 0.5167
      sMAPE: 0.4149
      MASE: 0.9304
      ND: 0.4006
      CRPS: 0.3146
  Completed: 1 series × 30 windows
  Output: /fslarge/scratch/users/h61084/codes/improved/outputs/foundation_models/tasks/ts_icl/univariate/SG_PM25/H/medium/run_0
  Inference time: 3.685s

--- Term: long ---
  Config: prediction_length=168, test_length=2208, val_length=2160
TIME run allocation action=new run=/fslarge/scratch/users/h61084/codes/improved/outputs/foundation_models/tasks/ts_icl/univariate/SG_PM25/H/long/run_0 launch_id=selena_20260908T145416Z_18651 slurm_job_id=3227280 launched_at=2026-09-08T16:14:01.144043+00:00
  Initializing model pipeline...
  Dataset info:
    - Frequency: H
    - Num series: 1
    - Target dim: 5
    - Target mode: univariate
    - Covariate channels: 0
    - Series length: min=38688,               max=38688, avg=38688.0
    - Test split: 2208 steps
    - Prediction length: 168
    - Windows: 13
    Total instances: 65, Series during experiment: 5, Windows: 13
    Collecting ground truth and context...
    Detected to_univariate case: 5 flat series -> 1 series x 5 variates
    Organizing data into arrays...
    Saved predictions (quantiles) to /fslarge/scratch/users/h61084/codes/improved/outputs/foundation_models/tasks/ts_icl/univariate/SG_PM25/H/long/run_0/predictions.npz
    Computing per-window metrics...
    Saved metrics to /fslarge/scratch/users/h61084/codes/improved/outputs/foundation_models/tasks/ts_icl/univariate/SG_PM25/H/long/run_0/metrics.npz
    Saved config to /fslarge/scratch/users/h61084/codes/improved/outputs/foundation_models/tasks/ts_icl/univariate/SG_PM25/H/long/run_0/config.json
    Saved aggregate metrics to /fslarge/scratch/users/h61084/codes/improved/outputs/foundation_models/tasks/ts_icl/univariate/SG_PM25/H/long/run_0/metrics_summary.json
    Metrics summary (averaged over all series/windows/variates):
      MSE: 48.4370
      MAE: 5.0411
      RMSE: 6.5604
      MAPE: 0.5431
      sMAPE: 0.4253
      MASE: 0.9584
      ND: 0.4112
      CRPS: 0.3242
  Completed: 1 series × 13 windows
  Output: /fslarge/scratch/users/h61084/codes/improved/outputs/foundation_models/tasks/ts_icl/univariate/SG_PM25/H/long/run_0
  Inference time: 1.679s

============================================================
All experiments completed!
Results saved to: /scratch/users/h61084/codes/improved/outputs/foundation_models/tasks
============================================================

############################################################
# All 1 dataset(s) completed!
############################################################

############################################################
# Dataset 1/1: NE_China_Wind/H
############################################################
Loading configuration...

============================================================
Dataset: NE_China_Wind/H
Terms: ['short', 'medium', 'long']
Covariate mode: none
============================================================

--- Term: short ---
  Config: prediction_length=24, test_length=720, val_length=720
TIME run allocation action=new run=/fslarge/scratch/users/h61084/codes/improved/outputs/foundation_models/tasks/ts_icl/univariate/NE_China_Wind/H/short/run_0 launch_id=selena_20260908T145416Z_18651 slurm_job_id=3227280 launched_at=2026-09-08T16:14:06.838046+00:00
  Initializing model pipeline...
  Dataset info:
    - Frequency: H
    - Num series: 1
    - Target dim: 4
    - Target mode: univariate
    - Covariate channels: 0
    - Series length: min=8764,               max=8764, avg=8764.0
    - Test split: 720 steps
    - Prediction length: 24
    - Windows: 30
    Total instances: 120, Series during experiment: 4, Windows: 30
    Collecting ground truth and context...
    Detected to_univariate case: 4 flat series -> 1 series x 4 variates
    Organizing data into arrays...
    Saved predictions (quantiles) to /fslarge/scratch/users/h61084/codes/improved/outputs/foundation_models/tasks/ts_icl/univariate/NE_China_Wind/H/short/run_0/predictions.npz
    Computing per-window metrics...
    Saved metrics to /fslarge/scratch/users/h61084/codes/improved/outputs/foundation_models/tasks/ts_icl/univariate/NE_China_Wind/H/short/run_0/metrics.npz
    Saved config to /fslarge/scratch/users/h61084/codes/improved/outputs/foundation_models/tasks/ts_icl/univariate/NE_China_Wind/H/short/run_0/config.json
    Saved aggregate metrics to /fslarge/scratch/users/h61084/codes/improved/outputs/foundation_models/tasks/ts_icl/univariate/NE_China_Wind/H/short/run_0/metrics_summary.json
    Metrics summary (averaged over all series/windows/variates):
      MSE: 0.1041
      MAE: 0.2173
      RMSE: 0.2530
      MAPE: 0.8451
      sMAPE: 0.5001
      MASE: 0.5101
      ND: 0.4379
      CRPS: 0.3447
  Completed: 1 series × 30 windows
  Output: /fslarge/scratch/users/h61084/codes/improved/outputs/foundation_models/tasks/ts_icl/univariate/NE_China_Wind/H/short/run_0
  Inference time: 4.504s

--- Term: medium ---
  Config: prediction_length=72, test_length=720, val_length=720
TIME run allocation action=new run=/fslarge/scratch/users/h61084/codes/improved/outputs/foundation_models/tasks/ts_icl/univariate/NE_China_Wind/H/medium/run_0 launch_id=selena_20260908T145416Z_18651 slurm_job_id=3227280 launched_at=2026-09-08T16:14:12.023575+00:00
  Initializing model pipeline...
  Dataset info:
    - Frequency: H
    - Num series: 1
    - Target dim: 4
    - Target mode: univariate
    - Covariate channels: 0
    - Series length: min=8764,               max=8764, avg=8764.0
    - Test split: 720 steps
    - Prediction length: 72
    - Windows: 10
    Total instances: 40, Series during experiment: 4, Windows: 10
    Collecting ground truth and context...
    Detected to_univariate case: 4 flat series -> 1 series x 4 variates
    Organizing data into arrays...
    Saved predictions (quantiles) to /fslarge/scratch/users/h61084/codes/improved/outputs/foundation_models/tasks/ts_icl/univariate/NE_China_Wind/H/medium/run_0/predictions.npz
    Computing per-window metrics...
    Saved metrics to /fslarge/scratch/users/h61084/codes/improved/outputs/foundation_models/tasks/ts_icl/univariate/NE_China_Wind/H/medium/run_0/metrics.npz
    Saved config to /fslarge/scratch/users/h61084/codes/improved/outputs/foundation_models/tasks/ts_icl/univariate/NE_China_Wind/H/medium/run_0/config.json
    Saved aggregate metrics to /fslarge/scratch/users/h61084/codes/improved/outputs/foundation_models/tasks/ts_icl/univariate/NE_China_Wind/H/medium/run_0/metrics_summary.json
    Metrics summary (averaged over all series/windows/variates):
      MSE: 0.2463
      MAE: 0.3568
      RMSE: 0.4121
      MAPE: 0.9195
      sMAPE: 0.7285
      MASE: 0.8898
      ND: 0.5354
      CRPS: 0.4308
  Completed: 1 series × 10 windows
  Output: /fslarge/scratch/users/h61084/codes/improved/outputs/foundation_models/tasks/ts_icl/univariate/NE_China_Wind/H/medium/run_0
  Inference time: 0.972s

--- Term: long ---
  Config: prediction_length=168, test_length=720, val_length=720
TIME run allocation action=new run=/fslarge/scratch/users/h61084/codes/improved/outputs/foundation_models/tasks/ts_icl/univariate/NE_China_Wind/H/long/run_0 launch_id=selena_20260908T145416Z_18651 slurm_job_id=3227280 launched_at=2026-09-08T16:14:13.508534+00:00
  Initializing model pipeline...
  Dataset info:
    - Frequency: H
    - Num series: 1
    - Target dim: 4
    - Target mode: univariate
    - Covariate channels: 0
    - Series length: min=8764,               max=8764, avg=8764.0
    - Test split: 720 steps
    - Prediction length: 168
    - Windows: 4
    Total instances: 16, Series during experiment: 4, Windows: 4
    Collecting ground truth and context...
    Detected to_univariate case: 4 flat series -> 1 series x 4 variates
    Organizing data into arrays...
    Saved predictions (quantiles) to /fslarge/scratch/users/h61084/codes/improved/outputs/foundation_models/tasks/ts_icl/univariate/NE_China_Wind/H/long/run_0/predictions.npz
    Computing per-window metrics...
    Saved metrics to /fslarge/scratch/users/h61084/codes/improved/outputs/foundation_models/tasks/ts_icl/univariate/NE_China_Wind/H/long/run_0/metrics.npz
    Saved config to /fslarge/scratch/users/h61084/codes/improved/outputs/foundation_models/tasks/ts_icl/univariate/NE_China_Wind/H/long/run_0/config.json
    Saved aggregate metrics to /fslarge/scratch/users/h61084/codes/improved/outputs/foundation_models/tasks/ts_icl/univariate/NE_China_Wind/H/long/run_0/metrics_summary.json
    Metrics summary (averaged over all series/windows/variates):
      MSE: 0.3432
      MAE: 0.4473
      RMSE: 0.5446
      MAPE: 1.1507
      sMAPE: 0.8581
      MASE: 1.1844
      ND: 0.6220
      CRPS: 0.4897
  Completed: 1 series × 4 windows
  Output: /fslarge/scratch/users/h61084/codes/improved/outputs/foundation_models/tasks/ts_icl/univariate/NE_China_Wind/H/long/run_0
  Inference time: 0.407s

============================================================
All experiments completed!
Results saved to: /scratch/users/h61084/codes/improved/outputs/foundation_models/tasks
============================================================

############################################################
# All 1 dataset(s) completed!
############################################################

############################################################
# Dataset 1/1: Australia_Solar/H
############################################################
Loading configuration...

============================================================
Dataset: Australia_Solar/H
Terms: ['short', 'medium', 'long']
Covariate mode: none
============================================================

--- Term: short ---
  Config: prediction_length=24, test_length=2520, val_length=2520
TIME run allocation action=new run=/fslarge/scratch/users/h61084/codes/improved/outputs/foundation_models/tasks/ts_icl/univariate/Australia_Solar/H/short/run_0 launch_id=selena_20260908T145416Z_18651 slurm_job_id=3227280 launched_at=2026-09-08T16:14:17.917181+00:00
  Initializing model pipeline...
  Dataset info:
    - Frequency: H
    - Num series: 1
    - Target dim: 3
    - Target mode: univariate
    - Covariate channels: 0
    - Series length: min=35064,               max=35064, avg=35064.0
    - Test split: 2520 steps
    - Prediction length: 24
    - Windows: 105
    Processed 160/315...
    Processed 315/315...
    Total instances: 315, Series during experiment: 3, Windows: 105
    Collecting ground truth and context...
    Detected to_univariate case: 3 flat series -> 1 series x 3 variates
    Organizing data into arrays...
    ⚠️  Predictions max value (1970096.38) exceeds float16 safe range.
    ⚠️  Applying scale factor: 100 (values will be divided)
    Saved predictions (quantiles) to /fslarge/scratch/users/h61084/codes/improved/outputs/foundation_models/tasks/ts_icl/univariate/Australia_Solar/H/short/run_0/predictions.npz
    Computing per-window metrics...
    Saved metrics to /fslarge/scratch/users/h61084/codes/improved/outputs/foundation_models/tasks/ts_icl/univariate/Australia_Solar/H/short/run_0/metrics.npz
    Saved config to /fslarge/scratch/users/h61084/codes/improved/outputs/foundation_models/tasks/ts_icl/univariate/Australia_Solar/H/short/run_0/config.json
    Saved aggregate metrics to /fslarge/scratch/users/h61084/codes/improved/outputs/foundation_models/tasks/ts_icl/univariate/Australia_Solar/H/short/run_0/metrics_summary.json
    Metrics summary (averaged over all series/windows/variates):
      MSE: 26561679293.9555
      MAE: 80553.0095
      RMSE: 107351.2905
      MAPE: 30.6507
      sMAPE: 0.5143
      MASE: 1.0644
      ND: 0.3169
      CRPS: 0.2508
  Completed: 1 series × 105 windows
  Output: /fslarge/scratch/users/h61084/codes/improved/outputs/foundation_models/tasks/ts_icl/univariate/Australia_Solar/H/short/run_0
  Inference time: 7.444s

--- Term: medium ---
  Config: prediction_length=72, test_length=2520, val_length=2520
TIME run allocation action=new run=/fslarge/scratch/users/h61084/codes/improved/outputs/foundation_models/tasks/ts_icl/univariate/Australia_Solar/H/medium/run_0 launch_id=selena_20260908T145416Z_18651 slurm_job_id=3227280 launched_at=2026-09-08T16:14:26.138636+00:00
  Initializing model pipeline...
  Dataset info:
    - Frequency: H
    - Num series: 1
    - Target dim: 3
    - Target mode: univariate
    - Covariate channels: 0
    - Series length: min=35064,               max=35064, avg=35064.0
    - Test split: 2520 steps
    - Prediction length: 72
    - Windows: 35
    Total instances: 105, Series during experiment: 3, Windows: 35
    Collecting ground truth and context...
    Detected to_univariate case: 3 flat series -> 1 series x 3 variates
    Organizing data into arrays...
    ⚠️  Predictions max value (1995744.62) exceeds float16 safe range.
    ⚠️  Applying scale factor: 100 (values will be divided)
    Saved predictions (quantiles) to /fslarge/scratch/users/h61084/codes/improved/outputs/foundation_models/tasks/ts_icl/univariate/Australia_Solar/H/medium/run_0/predictions.npz
    Computing per-window metrics...
    Saved metrics to /fslarge/scratch/users/h61084/codes/improved/outputs/foundation_models/tasks/ts_icl/univariate/Australia_Solar/H/medium/run_0/metrics.npz
    Saved config to /fslarge/scratch/users/h61084/codes/improved/outputs/foundation_models/tasks/ts_icl/univariate/Australia_Solar/H/medium/run_0/config.json
    Saved aggregate metrics to /fslarge/scratch/users/h61084/codes/improved/outputs/foundation_models/tasks/ts_icl/univariate/Australia_Solar/H/medium/run_0/metrics_summary.json
    Metrics summary (averaged over all series/windows/variates):
      MSE: 27598333869.7446
      MAE: 83721.7562
      RMSE: 124198.3513
      MAPE: 26.7072
      sMAPE: 0.5282
      MASE: 1.1419
      ND: 0.2818
      CRPS: 0.2158
  Completed: 1 series × 35 windows
  Output: /fslarge/scratch/users/h61084/codes/improved/outputs/foundation_models/tasks/ts_icl/univariate/Australia_Solar/H/medium/run_0
  Inference time: 2.152s

--- Term: long ---
  Config: prediction_length=168, test_length=2520, val_length=2520
TIME run allocation action=new run=/fslarge/scratch/users/h61084/codes/improved/outputs/foundation_models/tasks/ts_icl/univariate/Australia_Solar/H/long/run_0 launch_id=selena_20260908T145416Z_18651 slurm_job_id=3227280 launched_at=2026-09-08T16:14:28.841969+00:00
  Initializing model pipeline...
  Dataset info:
    - Frequency: H
    - Num series: 1
    - Target dim: 3
    - Target mode: univariate
    - Covariate channels: 0
    - Series length: min=35064,               max=35064, avg=35064.0
    - Test split: 2520 steps
    - Prediction length: 168
    - Windows: 15
    Total instances: 45, Series during experiment: 3, Windows: 15
    Collecting ground truth and context...
    Detected to_univariate case: 3 flat series -> 1 series x 3 variates
    Organizing data into arrays...
    ⚠️  Predictions max value (1939533.38) exceeds float16 safe range.
    ⚠️  Applying scale factor: 100 (values will be divided)
    Saved predictions (quantiles) to /fslarge/scratch/users/h61084/codes/improved/outputs/foundation_models/tasks/ts_icl/univariate/Australia_Solar/H/long/run_0/predictions.npz
    Computing per-window metrics...
    Saved metrics to /fslarge/scratch/users/h61084/codes/improved/outputs/foundation_models/tasks/ts_icl/univariate/Australia_Solar/H/long/run_0/metrics.npz
    Saved config to /fslarge/scratch/users/h61084/codes/improved/outputs/foundation_models/tasks/ts_icl/univariate/Australia_Solar/H/long/run_0/config.json
    Saved aggregate metrics to /fslarge/scratch/users/h61084/codes/improved/outputs/foundation_models/tasks/ts_icl/univariate/Australia_Solar/H/long/run_0/metrics_summary.json
    Metrics summary (averaged over all series/windows/variates):
      MSE: 25644662126.8087
      MAE: 79150.5967
      RMSE: 126181.9343
      MAPE: 19.7435
      sMAPE: 0.5107
      MASE: 1.1118
      ND: 0.2549
      CRPS: 0.1967
  Completed: 1 series × 15 windows
  Output: /fslarge/scratch/users/h61084/codes/improved/outputs/foundation_models/tasks/ts_icl/univariate/Australia_Solar/H/long/run_0
  Inference time: 0.910s

============================================================
All experiments completed!
Results saved to: /scratch/users/h61084/codes/improved/outputs/foundation_models/tasks
============================================================

############################################################
# All 1 dataset(s) completed!
############################################################

############################################################
# Dataset 1/1: epf_electricity_price/H
############################################################
Loading configuration...

============================================================
Dataset: epf_electricity_price/H
Terms: ['short', 'medium', 'long']
Covariate mode: none
============================================================

--- Term: short ---
  Config: prediction_length=24, test_length=2520, val_length=2520
TIME run allocation action=new run=/fslarge/scratch/users/h61084/codes/improved/outputs/foundation_models/tasks/ts_icl/univariate/epf_electricity_price/H/short/run_0 launch_id=selena_20260908T145416Z_18651 slurm_job_id=3227280 launched_at=2026-09-08T16:14:33.770615+00:00
  Initializing model pipeline...
  Dataset info:
    - Frequency: H
    - Num series: 5
    - Target dim: 1
    - Target mode: univariate
    - Covariate channels: 0
    - Series length: min=52416,               max=52416, avg=52416.0
    - Test split: 2520 steps
    - Prediction length: 24
    - Windows: 105
    Processed 160/525...
    Processed 320/525...
    Processed 480/525...
    Total instances: 525, Series during experiment: 5, Windows: 105
    Collecting ground truth and context...
    Organizing data into arrays...
    Saved predictions (quantiles) to /fslarge/scratch/users/h61084/codes/improved/outputs/foundation_models/tasks/ts_icl/univariate/epf_electricity_price/H/short/run_0/predictions.npz
    Computing per-window metrics...
    Saved metrics to /fslarge/scratch/users/h61084/codes/improved/outputs/foundation_models/tasks/ts_icl/univariate/epf_electricity_price/H/short/run_0/metrics.npz
    Saved config to /fslarge/scratch/users/h61084/codes/improved/outputs/foundation_models/tasks/ts_icl/univariate/epf_electricity_price/H/short/run_0/config.json
    Saved aggregate metrics to /fslarge/scratch/users/h61084/codes/improved/outputs/foundation_models/tasks/ts_icl/univariate/epf_electricity_price/H/short/run_0/metrics_summary.json
    Metrics summary (averaged over all series/windows/variates):
      MSE: 125.8112
      MAE: 6.0489
      RMSE: 7.6737
      MAPE: 1.3445
      sMAPE: 0.1548
      MASE: 0.9572
      ND: 0.1586
      CRPS: 0.1268
  Completed: 5 series × 105 windows
  Output: /fslarge/scratch/users/h61084/codes/improved/outputs/foundation_models/tasks/ts_icl/univariate/epf_electricity_price/H/short/run_0
  Inference time: 14.078s

--- Term: medium ---
  Config: prediction_length=72, test_length=2520, val_length=2520
TIME run allocation action=new run=/fslarge/scratch/users/h61084/codes/improved/outputs/foundation_models/tasks/ts_icl/univariate/epf_electricity_price/H/medium/run_0 launch_id=selena_20260908T145416Z_18651 slurm_job_id=3227280 launched_at=2026-09-08T16:14:48.712970+00:00
  Initializing model pipeline...
  Dataset info:
    - Frequency: H
    - Num series: 5
    - Target dim: 1
    - Target mode: univariate
    - Covariate channels: 0
    - Series length: min=52416,               max=52416, avg=52416.0
    - Test split: 2520 steps
    - Prediction length: 72
    - Windows: 35
    Processed 160/175...
    Total instances: 175, Series during experiment: 5, Windows: 35
    Collecting ground truth and context...
    Organizing data into arrays...
    Saved predictions (quantiles) to /fslarge/scratch/users/h61084/codes/improved/outputs/foundation_models/tasks/ts_icl/univariate/epf_electricity_price/H/medium/run_0/predictions.npz
    Computing per-window metrics...
    Saved metrics to /fslarge/scratch/users/h61084/codes/improved/outputs/foundation_models/tasks/ts_icl/univariate/epf_electricity_price/H/medium/run_0/metrics.npz
    Saved config to /fslarge/scratch/users/h61084/codes/improved/outputs/foundation_models/tasks/ts_icl/univariate/epf_electricity_price/H/medium/run_0/config.json
    Saved aggregate metrics to /fslarge/scratch/users/h61084/codes/improved/outputs/foundation_models/tasks/ts_icl/univariate/epf_electricity_price/H/medium/run_0/metrics_summary.json
    Metrics summary (averaged over all series/windows/variates):
      MSE: 183.6915
      MAE: 7.4686
      RMSE: 9.9306
      MAPE: 1.7993
      sMAPE: 0.1848
      MASE: 1.1992
      ND: 0.1824
      CRPS: 0.1472
  Completed: 5 series × 35 windows
  Output: /fslarge/scratch/users/h61084/codes/improved/outputs/foundation_models/tasks/ts_icl/univariate/epf_electricity_price/H/medium/run_0
  Inference time: 4.251s

--- Term: long ---
  Config: prediction_length=168, test_length=2520, val_length=2520
TIME run allocation action=new run=/fslarge/scratch/users/h61084/codes/improved/outputs/foundation_models/tasks/ts_icl/univariate/epf_electricity_price/H/long/run_0 launch_id=selena_20260908T145416Z_18651 slurm_job_id=3227280 launched_at=2026-09-08T16:14:53.528592+00:00
  Initializing model pipeline...
  Dataset info:
    - Frequency: H
    - Num series: 5
    - Target dim: 1
    - Target mode: univariate
    - Covariate channels: 0
    - Series length: min=52416,               max=52416, avg=52416.0
    - Test split: 2520 steps
    - Prediction length: 168
    - Windows: 15
    Total instances: 75, Series during experiment: 5, Windows: 15
    Collecting ground truth and context...
    Organizing data into arrays...
    Saved predictions (quantiles) to /fslarge/scratch/users/h61084/codes/improved/outputs/foundation_models/tasks/ts_icl/univariate/epf_electricity_price/H/long/run_0/predictions.npz
    Computing per-window metrics...
    Saved metrics to /fslarge/scratch/users/h61084/codes/improved/outputs/foundation_models/tasks/ts_icl/univariate/epf_electricity_price/H/long/run_0/metrics.npz
    Saved config to /fslarge/scratch/users/h61084/codes/improved/outputs/foundation_models/tasks/ts_icl/univariate/epf_electricity_price/H/long/run_0/config.json
    Saved aggregate metrics to /fslarge/scratch/users/h61084/codes/improved/outputs/foundation_models/tasks/ts_icl/univariate/epf_electricity_price/H/long/run_0/metrics_summary.json
    Metrics summary (averaged over all series/windows/variates):
      MSE: 211.9565
      MAE: 8.5241
      RMSE: 11.9438
      MAPE: 1.8658
      sMAPE: 0.2066
      MASE: 1.4069
      ND: 0.2028
      CRPS: 0.1620
  Completed: 5 series × 15 windows
  Output: /fslarge/scratch/users/h61084/codes/improved/outputs/foundation_models/tasks/ts_icl/univariate/epf_electricity_price/H/long/run_0
  Inference time: 1.863s

============================================================
All experiments completed!
Results saved to: /scratch/users/h61084/codes/improved/outputs/foundation_models/tasks
============================================================

############################################################
# All 1 dataset(s) completed!
############################################################

############################################################
# Dataset 1/1: OpenElectricity_NEM/5T
############################################################
Loading configuration...

============================================================
Dataset: OpenElectricity_NEM/5T
Terms: ['short', 'medium', 'long']
Covariate mode: none
============================================================

--- Term: short ---
  Config: prediction_length=24, test_length=4032, val_length=4032
TIME run allocation action=new run=/fslarge/scratch/users/h61084/codes/improved/outputs/foundation_models/tasks/ts_icl/univariate/OpenElectricity_NEM/5T/short/run_0 launch_id=selena_20260908T145416Z_18651 slurm_job_id=3227280 launched_at=2026-09-08T16:14:59.701562+00:00
  Initializing model pipeline...
  Dataset info:
    - Frequency: 5T
    - Num series: 1
    - Target dim: 10
    - Target mode: univariate
    - Covariate channels: 0
    - Series length: min=43488,               max=43488, avg=43488.0
    - Test split: 4032 steps
    - Prediction length: 24
    - Windows: 168
    Processed 160/1680...
    Processed 320/1680...
    Processed 480/1680...
    Processed 640/1680...
    Processed 800/1680...
    Processed 960/1680...
    Processed 1120/1680...
    Processed 1280/1680...
    Processed 1440/1680...
    Processed 1600/1680...
    Total instances: 1680, Series during experiment: 10, Windows: 168
    Collecting ground truth and context...
    Detected to_univariate case: 10 flat series -> 1 series x 10 variates
    Organizing data into arrays...
    Saved predictions (quantiles) to /fslarge/scratch/users/h61084/codes/improved/outputs/foundation_models/tasks/ts_icl/univariate/OpenElectricity_NEM/5T/short/run_0/predictions.npz
    Computing per-window metrics...
    Saved metrics to /fslarge/scratch/users/h61084/codes/improved/outputs/foundation_models/tasks/ts_icl/univariate/OpenElectricity_NEM/5T/short/run_0/metrics.npz
    Saved config to /fslarge/scratch/users/h61084/codes/improved/outputs/foundation_models/tasks/ts_icl/univariate/OpenElectricity_NEM/5T/short/run_0/config.json
    Saved aggregate metrics to /fslarge/scratch/users/h61084/codes/improved/outputs/foundation_models/tasks/ts_icl/univariate/OpenElectricity_NEM/5T/short/run_0/metrics_summary.json
    Metrics summary (averaged over all series/windows/variates):
      MSE: 13372.5872
      MAE: 58.6463
      RMSE: 69.0528
      MAPE: 4.2428
      sMAPE: 0.1707
      MASE: 0.4242
      ND: 0.1706
      CRPS: 0.1386
  Completed: 1 series × 168 windows
  Output: /fslarge/scratch/users/h61084/codes/improved/outputs/foundation_models/tasks/ts_icl/univariate/OpenElectricity_NEM/5T/short/run_0
  Inference time: 41.561s

--- Term: medium ---
  Config: prediction_length=96, test_length=4032, val_length=4032
TIME run allocation action=new run=/fslarge/scratch/users/h61084/codes/improved/outputs/foundation_models/tasks/ts_icl/univariate/OpenElectricity_NEM/5T/medium/run_0 launch_id=selena_20260908T145416Z_18651 slurm_job_id=3227280 launched_at=2026-09-08T16:15:42.591166+00:00
  Initializing model pipeline...
  Dataset info:
    - Frequency: 5T
    - Num series: 1
    - Target dim: 10
    - Target mode: univariate
    - Covariate channels: 0
    - Series length: min=43488,               max=43488, avg=43488.0
    - Test split: 4032 steps
    - Prediction length: 96
    - Windows: 42
    Processed 160/420...
    Processed 320/420...
    Total instances: 420, Series during experiment: 10, Windows: 42
    Collecting ground truth and context...
    Detected to_univariate case: 10 flat series -> 1 series x 10 variates
    Organizing data into arrays...
    Saved predictions (quantiles) to /fslarge/scratch/users/h61084/codes/improved/outputs/foundation_models/tasks/ts_icl/univariate/OpenElectricity_NEM/5T/medium/run_0/predictions.npz
    Computing per-window metrics...
    Saved metrics to /fslarge/scratch/users/h61084/codes/improved/outputs/foundation_models/tasks/ts_icl/univariate/OpenElectricity_NEM/5T/medium/run_0/metrics.npz
    Saved config to /fslarge/scratch/users/h61084/codes/improved/outputs/foundation_models/tasks/ts_icl/univariate/OpenElectricity_NEM/5T/medium/run_0/config.json
    Saved aggregate metrics to /fslarge/scratch/users/h61084/codes/improved/outputs/foundation_models/tasks/ts_icl/univariate/OpenElectricity_NEM/5T/medium/run_0/metrics_summary.json
    Metrics summary (averaged over all series/windows/variates):
      MSE: 38726.8019
      MAE: 99.3839
      RMSE: 123.4942
      MAPE: 6.2509
      sMAPE: 0.2330
      MASE: 0.6449
      ND: 0.2502
      CRPS: 0.2004
  Completed: 1 series × 42 windows
  Output: /fslarge/scratch/users/h61084/codes/improved/outputs/foundation_models/tasks/ts_icl/univariate/OpenElectricity_NEM/5T/medium/run_0
  Inference time: 10.232s

--- Term: long ---
  Config: prediction_length=288, test_length=4032, val_length=4032
TIME run allocation action=new run=/fslarge/scratch/users/h61084/codes/improved/outputs/foundation_models/tasks/ts_icl/univariate/OpenElectricity_NEM/5T/long/run_0 launch_id=selena_20260908T145416Z_18651 slurm_job_id=3227280 launched_at=2026-09-08T16:15:53.723606+00:00
  Initializing model pipeline...
  Dataset info:
    - Frequency: 5T
    - Num series: 1
    - Target dim: 10
    - Target mode: univariate
    - Covariate channels: 0
    - Series length: min=43488,               max=43488, avg=43488.0
    - Test split: 4032 steps
    - Prediction length: 288
    - Windows: 14
    Total instances: 140, Series during experiment: 10, Windows: 14
    Collecting ground truth and context...
    Detected to_univariate case: 10 flat series -> 1 series x 10 variates
    Organizing data into arrays...
    Saved predictions (quantiles) to /fslarge/scratch/users/h61084/codes/improved/outputs/foundation_models/tasks/ts_icl/univariate/OpenElectricity_NEM/5T/long/run_0/predictions.npz
    Computing per-window metrics...
    Saved metrics to /fslarge/scratch/users/h61084/codes/improved/outputs/foundation_models/tasks/ts_icl/univariate/OpenElectricity_NEM/5T/long/run_0/metrics.npz
    Saved config to /fslarge/scratch/users/h61084/codes/improved/outputs/foundation_models/tasks/ts_icl/univariate/OpenElectricity_NEM/5T/long/run_0/config.json
    Saved aggregate metrics to /fslarge/scratch/users/h61084/codes/improved/outputs/foundation_models/tasks/ts_icl/univariate/OpenElectricity_NEM/5T/long/run_0/metrics_summary.json
    Metrics summary (averaged over all series/windows/variates):
      MSE: 50546.4351
      MAE: 119.9254
      RMSE: 154.3391
      MAPE: 9.1083
      sMAPE: 0.2664
      MASE: 0.7907
      ND: 0.2939
      CRPS: 0.2384
  Completed: 1 series × 14 windows
  Output: /fslarge/scratch/users/h61084/codes/improved/outputs/foundation_models/tasks/ts_icl/univariate/OpenElectricity_NEM/5T/long/run_0
  Inference time: 3.592s

============================================================
All experiments completed!
Results saved to: /scratch/users/h61084/codes/improved/outputs/foundation_models/tasks
============================================================

############################################################
# All 1 dataset(s) completed!
############################################################

############################################################
# Dataset 1/1: EWELD_Load/15T
############################################################
Loading configuration...

============================================================
Dataset: EWELD_Load/15T
Terms: ['short', 'medium', 'long']
Covariate mode: none
============================================================

--- Term: short ---
  Config: prediction_length=24, test_length=1344, val_length=1344
TIME run allocation action=new run=/fslarge/scratch/users/h61084/codes/improved/outputs/foundation_models/tasks/ts_icl/univariate/EWELD_Load/15T/short/run_0 launch_id=selena_20260908T145416Z_18651 slurm_job_id=3227280 launched_at=2026-09-08T16:16:01.930937+00:00
  Initializing model pipeline...
  Dataset info:
    - Frequency: 15T
    - Num series: 1
    - Target dim: 10
    - Target mode: univariate
    - Covariate channels: 0
    - Series length: min=20544,               max=20544, avg=20544.0
    - Test split: 1344 steps
    - Prediction length: 24
    - Windows: 56
    Processed 160/560...
    Processed 320/560...
    Processed 480/560...
    Total instances: 560, Series during experiment: 10, Windows: 56
    Collecting ground truth and context...
    Detected to_univariate case: 10 flat series -> 1 series x 10 variates
    Organizing data into arrays...
    Saved predictions (quantiles) to /fslarge/scratch/users/h61084/codes/improved/outputs/foundation_models/tasks/ts_icl/univariate/EWELD_Load/15T/short/run_0/predictions.npz
    Computing per-window metrics...
    Saved metrics to /fslarge/scratch/users/h61084/codes/improved/outputs/foundation_models/tasks/ts_icl/univariate/EWELD_Load/15T/short/run_0/metrics.npz
    Saved config to /fslarge/scratch/users/h61084/codes/improved/outputs/foundation_models/tasks/ts_icl/univariate/EWELD_Load/15T/short/run_0/config.json
    Saved aggregate metrics to /fslarge/scratch/users/h61084/codes/improved/outputs/foundation_models/tasks/ts_icl/univariate/EWELD_Load/15T/short/run_0/metrics_summary.json
    Metrics summary (averaged over all series/windows/variates):
      MSE: 1182.3066
      MAE: 13.2897
      RMSE: 16.7327
      MAPE: 0.3259
      sMAPE: 0.2715
      MASE: 0.5592
      ND: 0.2998
      CRPS: 0.2572
  Completed: 1 series × 56 windows
  Output: /fslarge/scratch/users/h61084/codes/improved/outputs/foundation_models/tasks/ts_icl/univariate/EWELD_Load/15T/short/run_0
  Inference time: 14.887s

--- Term: medium ---
  Config: prediction_length=96, test_length=1344, val_length=1344
TIME run allocation action=new run=/fslarge/scratch/users/h61084/codes/improved/outputs/foundation_models/tasks/ts_icl/univariate/EWELD_Load/15T/medium/run_0 launch_id=selena_20260908T145416Z_18651 slurm_job_id=3227280 launched_at=2026-09-08T16:16:17.650094+00:00
  Initializing model pipeline...
  Dataset info:
    - Frequency: 15T
    - Num series: 1
    - Target dim: 10
    - Target mode: univariate
    - Covariate channels: 0
    - Series length: min=20544,               max=20544, avg=20544.0
    - Test split: 1344 steps
    - Prediction length: 96
    - Windows: 14
    Total instances: 140, Series during experiment: 10, Windows: 14
    Collecting ground truth and context...
    Detected to_univariate case: 10 flat series -> 1 series x 10 variates
    Organizing data into arrays...
    Saved predictions (quantiles) to /fslarge/scratch/users/h61084/codes/improved/outputs/foundation_models/tasks/ts_icl/univariate/EWELD_Load/15T/medium/run_0/predictions.npz
    Computing per-window metrics...
    Saved metrics to /fslarge/scratch/users/h61084/codes/improved/outputs/foundation_models/tasks/ts_icl/univariate/EWELD_Load/15T/medium/run_0/metrics.npz
    Saved config to /fslarge/scratch/users/h61084/codes/improved/outputs/foundation_models/tasks/ts_icl/univariate/EWELD_Load/15T/medium/run_0/config.json
    Saved aggregate metrics to /fslarge/scratch/users/h61084/codes/improved/outputs/foundation_models/tasks/ts_icl/univariate/EWELD_Load/15T/medium/run_0/metrics_summary.json
    Metrics summary (averaged over all series/windows/variates):
      MSE: 1263.0091
      MAE: 14.4729
      RMSE: 19.3504
      MAPE: 0.3673
      sMAPE: 0.2981
      MASE: 0.6500
      ND: 0.2189
      CRPS: 0.1731
  Completed: 1 series × 14 windows
  Output: /fslarge/scratch/users/h61084/codes/improved/outputs/foundation_models/tasks/ts_icl/univariate/EWELD_Load/15T/medium/run_0
  Inference time: 3.403s

--- Term: long ---
  Config: prediction_length=672, test_length=1344, val_length=1344
TIME run allocation action=new run=/fslarge/scratch/users/h61084/codes/improved/outputs/foundation_models/tasks/ts_icl/univariate/EWELD_Load/15T/long/run_0 launch_id=selena_20260908T145416Z_18651 slurm_job_id=3227280 launched_at=2026-09-08T16:16:21.624078+00:00
  Initializing model pipeline...
  Dataset info:
    - Frequency: 15T
    - Num series: 1
    - Target dim: 10
    - Target mode: univariate
    - Covariate channels: 0
    - Series length: min=20544,               max=20544, avg=20544.0
    - Test split: 1344 steps
    - Prediction length: 672
    - Windows: 2
    Total instances: 20, Series during experiment: 10, Windows: 2
    Collecting ground truth and context...
    Detected to_univariate case: 10 flat series -> 1 series x 10 variates
    Organizing data into arrays...
    Saved predictions (quantiles) to /fslarge/scratch/users/h61084/codes/improved/outputs/foundation_models/tasks/ts_icl/univariate/EWELD_Load/15T/long/run_0/predictions.npz
    Computing per-window metrics...
    Saved metrics to /fslarge/scratch/users/h61084/codes/improved/outputs/foundation_models/tasks/ts_icl/univariate/EWELD_Load/15T/long/run_0/metrics.npz
    Saved config to /fslarge/scratch/users/h61084/codes/improved/outputs/foundation_models/tasks/ts_icl/univariate/EWELD_Load/15T/long/run_0/config.json
    Saved aggregate metrics to /fslarge/scratch/users/h61084/codes/improved/outputs/foundation_models/tasks/ts_icl/univariate/EWELD_Load/15T/long/run_0/metrics_summary.json
    Metrics summary (averaged over all series/windows/variates):
      MSE: 1392.1342
      MAE: 15.8035
      RMSE: 21.4135
      MAPE: 0.4381
      sMAPE: 0.3346
      MASE: 0.7579
      ND: 0.2365
      CRPS: 0.1876
  Completed: 1 series × 2 windows
  Output: /fslarge/scratch/users/h61084/codes/improved/outputs/foundation_models/tasks/ts_icl/univariate/EWELD_Load/15T/long/run_0
  Inference time: 0.583s

============================================================
All experiments completed!
Results saved to: /scratch/users/h61084/codes/improved/outputs/foundation_models/tasks
============================================================

############################################################
# All 1 dataset(s) completed!
############################################################

############################################################
# Dataset 1/1: SG_Carpark/15T
############################################################
Loading configuration...

============================================================
Dataset: SG_Carpark/15T
Terms: ['short', 'medium', 'long']
Covariate mode: none
============================================================

--- Term: short ---
  Config: prediction_length=16, test_length=672, val_length=672
TIME run allocation action=new run=/fslarge/scratch/users/h61084/codes/improved/outputs/foundation_models/tasks/ts_icl/univariate/SG_Carpark/15T/short/run_0 launch_id=selena_20260908T145416Z_18651 slurm_job_id=3227280 launched_at=2026-09-08T16:16:26.243059+00:00
  Initializing model pipeline...
  Dataset info:
    - Frequency: 15T
    - Num series: 354
    - Target dim: 1
    - Target mode: univariate
    - Covariate channels: 0
    - Series length: min=14495,               max=14495, avg=14495.0
    - Test split: 672 steps
    - Prediction length: 16
    - Windows: 42
    Processed 160/14868...
    Processed 320/14868...
    Processed 480/14868...
    Processed 640/14868...
    Processed 800/14868...
    Processed 960/14868...
    Processed 1120/14868...
    Processed 1280/14868...
    Processed 1440/14868...
    Processed 1600/14868...
    Processed 1760/14868...
    Processed 1920/14868...
    Processed 2080/14868...
    Processed 2240/14868...
    Processed 2400/14868...
    Processed 2560/14868...
    Processed 2720/14868...
    Processed 2880/14868...
    Processed 3040/14868...
    Processed 3200/14868...
    Processed 3360/14868...
    Processed 3520/14868...
    Processed 3680/14868...
    Processed 3840/14868...
    Processed 4000/14868...
    Processed 4160/14868...
    Processed 4320/14868...
    Processed 4480/14868...
    Processed 4640/14868...
    Processed 4800/14868...
    Processed 4960/14868...
    Processed 5120/14868...
    Processed 5280/14868...
    Processed 5440/14868...
    Processed 5600/14868...
    Processed 5760/14868...
    Processed 5920/14868...
    Processed 6080/14868...
    Processed 6240/14868...
    Processed 6400/14868...
    Processed 6560/14868...
    Processed 6720/14868...
    Processed 6880/14868...
    Processed 7040/14868...
    Processed 7200/14868...
    Processed 7360/14868...
    Processed 7520/14868...
    Processed 7680/14868...
    Processed 7840/14868...
    Processed 8000/14868...
    Processed 8160/14868...
    Processed 8320/14868...
    Processed 8480/14868...
    Processed 8640/14868...
    Processed 8800/14868...
    Processed 8960/14868...
    Processed 9120/14868...
    Processed 9280/14868...
    Processed 9440/14868...
    Processed 9600/14868...
    Processed 9760/14868...
    Processed 9920/14868...
    Processed 10080/14868...
    Processed 10240/14868...
    Processed 10400/14868...
    Processed 10560/14868...
    Processed 10720/14868...
    Processed 10880/14868...
    Processed 11040/14868...
    Processed 11200/14868...
    Processed 11360/14868...
    Processed 11520/14868...
    Processed 11680/14868...
    Processed 11840/14868...
    Processed 12000/14868...
    Processed 12160/14868...
    Processed 12320/14868...
    Processed 12480/14868...
    Processed 12640/14868...
    Processed 12800/14868...
    Processed 12960/14868...
    Processed 13120/14868...
    Processed 13280/14868...
    Processed 13440/14868...
    Processed 13600/14868...
    Processed 13760/14868...
    Processed 13920/14868...
    Processed 14080/14868...
    Processed 14240/14868...
    Processed 14400/14868...
    Processed 14560/14868...
    Processed 14720/14868...
    Processed 14868/14868...
    Total instances: 14868, Series during experiment: 354, Windows: 42
    Collecting ground truth and context...
    Organizing data into arrays...
    Saved predictions (quantiles) to /fslarge/scratch/users/h61084/codes/improved/outputs/foundation_models/tasks/ts_icl/univariate/SG_Carpark/15T/short/run_0/predictions.npz
    Computing per-window metrics...
    Saved metrics to /fslarge/scratch/users/h61084/codes/improved/outputs/foundation_models/tasks/ts_icl/univariate/SG_Carpark/15T/short/run_0/metrics.npz
    Saved config to /fslarge/scratch/users/h61084/codes/improved/outputs/foundation_models/tasks/ts_icl/univariate/SG_Carpark/15T/short/run_0/config.json
    Saved aggregate metrics to /fslarge/scratch/users/h61084/codes/improved/outputs/foundation_models/tasks/ts_icl/univariate/SG_Carpark/15T/short/run_0/metrics_summary.json
    Metrics summary (averaged over all series/windows/variates):
      MSE: 234.4970
      MAE: 5.8842
      RMSE: 7.5258
      MAPE: 0.0373
      sMAPE: 0.0467
      MASE: 0.4056
      ND: 0.0366
      CRPS: 0.0287
  Completed: 354 series × 42 windows
  Output: /fslarge/scratch/users/h61084/codes/improved/outputs/foundation_models/tasks/ts_icl/univariate/SG_Carpark/15T/short/run_0
  Inference time: 360.447s

--- Term: medium ---
  Config: prediction_length=96, test_length=672, val_length=672
TIME run allocation action=new run=/fslarge/scratch/users/h61084/codes/improved/outputs/foundation_models/tasks/ts_icl/univariate/SG_Carpark/15T/medium/run_0 launch_id=selena_20260908T145416Z_18651 slurm_job_id=3227280 launched_at=2026-09-08T16:22:30.070501+00:00
  Initializing model pipeline...
  Dataset info:
    - Frequency: 15T
    - Num series: 354
    - Target dim: 1
    - Target mode: univariate
    - Covariate channels: 0
    - Series length: min=14495,               max=14495, avg=14495.0
    - Test split: 672 steps
    - Prediction length: 96
    - Windows: 7
    Processed 160/2478...
    Processed 320/2478...
    Processed 480/2478...
    Processed 640/2478...
    Processed 800/2478...
    Processed 960/2478...
    Processed 1120/2478...
    Processed 1280/2478...
    Processed 1440/2478...
    Processed 1600/2478...
    Processed 1760/2478...
    Processed 1920/2478...
    Processed 2080/2478...
    Processed 2240/2478...
    Processed 2400/2478...
    Total instances: 2478, Series during experiment: 354, Windows: 7
    Collecting ground truth and context...
    Organizing data into arrays...
    Saved predictions (quantiles) to /fslarge/scratch/users/h61084/codes/improved/outputs/foundation_models/tasks/ts_icl/univariate/SG_Carpark/15T/medium/run_0/predictions.npz
    Computing per-window metrics...
    Saved metrics to /fslarge/scratch/users/h61084/codes/improved/outputs/foundation_models/tasks/ts_icl/univariate/SG_Carpark/15T/medium/run_0/metrics.npz
    Saved config to /fslarge/scratch/users/h61084/codes/improved/outputs/foundation_models/tasks/ts_icl/univariate/SG_Carpark/15T/medium/run_0/config.json
    Saved aggregate metrics to /fslarge/scratch/users/h61084/codes/improved/outputs/foundation_models/tasks/ts_icl/univariate/SG_Carpark/15T/medium/run_0/metrics_summary.json
    Metrics summary (averaged over all series/windows/variates):
      MSE: 515.6485
      MAE: 9.5156
      RMSE: 13.0862
      MAPE: 0.0603
      sMAPE: 0.0619
      MASE: 0.6268
      ND: 0.0521
      CRPS: 0.0406
  Completed: 354 series × 7 windows
  Output: /fslarge/scratch/users/h61084/codes/improved/outputs/foundation_models/tasks/ts_icl/univariate/SG_Carpark/15T/medium/run_0
  Inference time: 60.895s

--- Term: long ---
  Config: prediction_length=672, test_length=672, val_length=672
TIME run allocation action=new run=/fslarge/scratch/users/h61084/codes/improved/outputs/foundation_models/tasks/ts_icl/univariate/SG_Carpark/15T/long/run_0 launch_id=selena_20260908T145416Z_18651 slurm_job_id=3227280 launched_at=2026-09-08T16:23:32.535546+00:00
  Initializing model pipeline...
  Dataset info:
    - Frequency: 15T
    - Num series: 354
    - Target dim: 1
    - Target mode: univariate
    - Covariate channels: 0
    - Series length: min=14495,               max=14495, avg=14495.0
    - Test split: 672 steps
    - Prediction length: 672
    - Windows: 1
    Processed 160/354...
    Processed 320/354...
    Total instances: 354, Series during experiment: 354, Windows: 1
    Collecting ground truth and context...
    Organizing data into arrays...
    Saved predictions (quantiles) to /fslarge/scratch/users/h61084/codes/improved/outputs/foundation_models/tasks/ts_icl/univariate/SG_Carpark/15T/long/run_0/predictions.npz
    Computing per-window metrics...
    Saved metrics to /fslarge/scratch/users/h61084/codes/improved/outputs/foundation_models/tasks/ts_icl/univariate/SG_Carpark/15T/long/run_0/metrics.npz
    Saved config to /fslarge/scratch/users/h61084/codes/improved/outputs/foundation_models/tasks/ts_icl/univariate/SG_Carpark/15T/long/run_0/config.json
    Saved aggregate metrics to /fslarge/scratch/users/h61084/codes/improved/outputs/foundation_models/tasks/ts_icl/univariate/SG_Carpark/15T/long/run_0/metrics_summary.json
    Metrics summary (averaged over all series/windows/variates):
      MSE: 896.3041
      MAE: 12.9956
      RMSE: 18.7886
      MAPE: 0.0767
      sMAPE: 0.0754
      MASE: 0.8408
      ND: 0.0717
      CRPS: 0.0554
  Completed: 354 series × 1 windows
  Output: /fslarge/scratch/users/h61084/codes/improved/outputs/foundation_models/tasks/ts_icl/univariate/SG_Carpark/15T/long/run_0
  Inference time: 9.905s

============================================================
All experiments completed!
Results saved to: /scratch/users/h61084/codes/improved/outputs/foundation_models/tasks
============================================================

############################################################
# All 1 dataset(s) completed!
############################################################

############################################################
# Dataset 1/1: Finland_Traffic/15T
############################################################
Loading configuration...

============================================================
Dataset: Finland_Traffic/15T
Terms: ['short', 'medium', 'long']
Covariate mode: none
============================================================

--- Term: short ---
  Config: prediction_length=16, test_length=2976, val_length=2880
TIME run allocation action=new run=/fslarge/scratch/users/h61084/codes/improved/outputs/foundation_models/tasks/ts_icl/univariate/Finland_Traffic/15T/short/run_0 launch_id=selena_20260908T145416Z_18651 slurm_job_id=3227280 launched_at=2026-09-08T16:23:51.569749+00:00
  Initializing model pipeline...
  Dataset info:
    - Frequency: 15T
    - Num series: 1
    - Target dim: 1
    - Target mode: univariate
    - Covariate channels: 0
    - Series length: min=35136,               max=35136, avg=35136.0
    - Test split: 2976 steps
    - Prediction length: 16
    - Windows: 186
    Processed 160/186...
    Total instances: 186, Series during experiment: 1, Windows: 186
    Collecting ground truth and context...
    Organizing data into arrays...
    Saved predictions (quantiles) to /fslarge/scratch/users/h61084/codes/improved/outputs/foundation_models/tasks/ts_icl/univariate/Finland_Traffic/15T/short/run_0/predictions.npz
    Computing per-window metrics...
    Saved metrics to /fslarge/scratch/users/h61084/codes/improved/outputs/foundation_models/tasks/ts_icl/univariate/Finland_Traffic/15T/short/run_0/metrics.npz
    Saved config to /fslarge/scratch/users/h61084/codes/improved/outputs/foundation_models/tasks/ts_icl/univariate/Finland_Traffic/15T/short/run_0/config.json
    Saved aggregate metrics to /fslarge/scratch/users/h61084/codes/improved/outputs/foundation_models/tasks/ts_icl/univariate/Finland_Traffic/15T/short/run_0/metrics_summary.json
    Metrics summary (averaged over all series/windows/variates):
      MSE: 862.8356
      MAE: 17.9488
      RMSE: 21.8407
      MAPE: 0.2560
      sMAPE: 0.1935
      MASE: 0.4364
      ND: 0.2271
      CRPS: 0.1778
  Completed: 1 series × 186 windows
  Output: /fslarge/scratch/users/h61084/codes/improved/outputs/foundation_models/tasks/ts_icl/univariate/Finland_Traffic/15T/short/run_0
  Inference time: 7.257s

--- Term: medium ---
  Config: prediction_length=96, test_length=2976, val_length=2880
TIME run allocation action=new run=/fslarge/scratch/users/h61084/codes/improved/outputs/foundation_models/tasks/ts_icl/univariate/Finland_Traffic/15T/medium/run_0 launch_id=selena_20260908T145416Z_18651 slurm_job_id=3227280 launched_at=2026-09-08T16:23:59.574202+00:00
  Initializing model pipeline...
  Dataset info:
    - Frequency: 15T
    - Num series: 1
    - Target dim: 1
    - Target mode: univariate
    - Covariate channels: 0
    - Series length: min=35136,               max=35136, avg=35136.0
    - Test split: 2976 steps
    - Prediction length: 96
    - Windows: 31
    Total instances: 31, Series during experiment: 1, Windows: 31
    Collecting ground truth and context...
    Organizing data into arrays...
    Saved predictions (quantiles) to /fslarge/scratch/users/h61084/codes/improved/outputs/foundation_models/tasks/ts_icl/univariate/Finland_Traffic/15T/medium/run_0/predictions.npz
    Computing per-window metrics...
    Saved metrics to /fslarge/scratch/users/h61084/codes/improved/outputs/foundation_models/tasks/ts_icl/univariate/Finland_Traffic/15T/medium/run_0/metrics.npz
    Saved config to /fslarge/scratch/users/h61084/codes/improved/outputs/foundation_models/tasks/ts_icl/univariate/Finland_Traffic/15T/medium/run_0/config.json
    Saved aggregate metrics to /fslarge/scratch/users/h61084/codes/improved/outputs/foundation_models/tasks/ts_icl/univariate/Finland_Traffic/15T/medium/run_0/metrics_summary.json
    Metrics summary (averaged over all series/windows/variates):
      MSE: 1261.8301
      MAE: 21.3380
      RMSE: 30.3176
      MAPE: 0.2862
      sMAPE: 0.2135
      MASE: 0.5188
      ND: 0.1711
      CRPS: 0.1359
  Completed: 1 series × 31 windows
  Output: /fslarge/scratch/users/h61084/codes/improved/outputs/foundation_models/tasks/ts_icl/univariate/Finland_Traffic/15T/medium/run_0
  Inference time: 0.754s

--- Term: long ---
  Config: prediction_length=672, test_length=2976, val_length=2880
TIME run allocation action=new run=/fslarge/scratch/users/h61084/codes/improved/outputs/foundation_models/tasks/ts_icl/univariate/Finland_Traffic/15T/long/run_0 launch_id=selena_20260908T145416Z_18651 slurm_job_id=3227280 launched_at=2026-09-08T16:24:00.840822+00:00
  Initializing model pipeline...
  Dataset info:
    - Frequency: 15T
    - Num series: 1
    - Target dim: 1
    - Target mode: univariate
    - Covariate channels: 0
    - Series length: min=35136,               max=35136, avg=35136.0
    - Test split: 2976 steps
    - Prediction length: 672
    - Windows: 4
    Total instances: 4, Series during experiment: 1, Windows: 4
    Collecting ground truth and context...
    Organizing data into arrays...
    Saved predictions (quantiles) to /fslarge/scratch/users/h61084/codes/improved/outputs/foundation_models/tasks/ts_icl/univariate/Finland_Traffic/15T/long/run_0/predictions.npz
    Computing per-window metrics...
    Saved metrics to /fslarge/scratch/users/h61084/codes/improved/outputs/foundation_models/tasks/ts_icl/univariate/Finland_Traffic/15T/long/run_0/metrics.npz
    Saved config to /fslarge/scratch/users/h61084/codes/improved/outputs/foundation_models/tasks/ts_icl/univariate/Finland_Traffic/15T/long/run_0/config.json
    Saved aggregate metrics to /fslarge/scratch/users/h61084/codes/improved/outputs/foundation_models/tasks/ts_icl/univariate/Finland_Traffic/15T/long/run_0/metrics_summary.json
    Metrics summary (averaged over all series/windows/variates):
      MSE: 1803.7998
      MAE: 24.9325
      RMSE: 39.6595
      MAPE: 0.3711
      sMAPE: 0.2374
      MASE: 0.6049
      ND: 0.1928
      CRPS: 0.1582
  Completed: 1 series × 4 windows
  Output: /fslarge/scratch/users/h61084/codes/improved/outputs/foundation_models/tasks/ts_icl/univariate/Finland_Traffic/15T/long/run_0
  Inference time: 0.141s

============================================================
All experiments completed!
Results saved to: /scratch/users/h61084/codes/improved/outputs/foundation_models/tasks
============================================================

############################################################
# All 1 dataset(s) completed!
############################################################

############################################################
# Dataset 1/1: Port_Activity/D
############################################################
Loading configuration...

============================================================
Dataset: Port_Activity/D
Terms: ['short']
Covariate mode: none
============================================================

--- Term: short ---
  Config: prediction_length=30, test_length=365, val_length=90
TIME run allocation action=new run=/fslarge/scratch/users/h61084/codes/improved/outputs/foundation_models/tasks/ts_icl/univariate/Port_Activity/D/short/run_0 launch_id=selena_20260908T145416Z_18651 slurm_job_id=3227280 launched_at=2026-09-08T16:24:04.990849+00:00
  Initializing model pipeline...
  Dataset info:
    - Frequency: D
    - Num series: 99
    - Target dim: 2
    - Target mode: univariate
    - Covariate channels: 0
    - Series length: min=2127,               max=2127, avg=2127.0
    - Test split: 365 steps
    - Prediction length: 30
    - Windows: 12
    Processed 160/2376...
    Processed 320/2376...
    Processed 480/2376...
    Processed 640/2376...
    Processed 800/2376...
    Processed 960/2376...
    Processed 1120/2376...
    Processed 1280/2376...
    Processed 1440/2376...
    Processed 1600/2376...
    Processed 1760/2376...
    Processed 1920/2376...
    Processed 2080/2376...
    Processed 2240/2376...
    Total instances: 2376, Series during experiment: 198, Windows: 12
    Collecting ground truth and context...
    Detected to_univariate case: 198 flat series -> 99 series x 2 variates
    Organizing data into arrays...
    ⚠️  Predictions max value (536474.50) exceeds float16 safe range.
    ⚠️  Applying scale factor: 10 (values will be divided)
    Saved predictions (quantiles) to /fslarge/scratch/users/h61084/codes/improved/outputs/foundation_models/tasks/ts_icl/univariate/Port_Activity/D/short/run_0/predictions.npz
    Computing per-window metrics...
    Saved metrics to /fslarge/scratch/users/h61084/codes/improved/outputs/foundation_models/tasks/ts_icl/univariate/Port_Activity/D/short/run_0/metrics.npz
    Saved config to /fslarge/scratch/users/h61084/codes/improved/outputs/foundation_models/tasks/ts_icl/univariate/Port_Activity/D/short/run_0/config.json
    Saved aggregate metrics to /fslarge/scratch/users/h61084/codes/improved/outputs/foundation_models/tasks/ts_icl/univariate/Port_Activity/D/short/run_0/metrics_summary.json
    Metrics summary (averaged over all series/windows/variates):
      MSE: 941257983.2458
      MAE: 15490.3951
      RMSE: 21063.9204
      MAPE: 3.0724
      sMAPE: 0.9235
      MASE: 0.6636
      ND: 0.7555
      CRPS: 0.6014
  Completed: 99 series × 12 windows
  Output: /fslarge/scratch/users/h61084/codes/improved/outputs/foundation_models/tasks/ts_icl/univariate/Port_Activity/D/short/run_0
  Inference time: 43.154s

============================================================
All experiments completed!
Results saved to: /scratch/users/h61084/codes/improved/outputs/foundation_models/tasks
============================================================

############################################################
# All 1 dataset(s) completed!
############################################################

############################################################
# Dataset 1/1: Port_Activity/W
############################################################
Loading configuration...

============================================================
Dataset: Port_Activity/W
Terms: ['short']
Covariate mode: none
============================================================

--- Term: short ---
  Config: prediction_length=13, test_length=52, val_length=13
TIME run allocation action=new run=/fslarge/scratch/users/h61084/codes/improved/outputs/foundation_models/tasks/ts_icl/univariate/Port_Activity/W/short/run_0 launch_id=selena_20260908T145416Z_18651 slurm_job_id=3227280 launched_at=2026-09-08T16:24:52.683618+00:00
  Initializing model pipeline...
  Dataset info:
    - Frequency: W
    - Num series: 99
    - Target dim: 2
    - Target mode: univariate
    - Covariate channels: 0
    - Series length: min=304,               max=304, avg=304.0
    - Test split: 52 steps
    - Prediction length: 13
    - Windows: 4
    Processed 160/792...
    Processed 320/792...
    Processed 480/792...
    Processed 640/792...
    Processed 792/792...
    Total instances: 792, Series during experiment: 198, Windows: 4
    Collecting ground truth and context...
    Detected to_univariate case: 198 flat series -> 99 series x 2 variates
    Organizing data into arrays...
    ⚠️  Predictions max value (2973387.25) exceeds float16 safe range.
    ⚠️  Applying scale factor: 100 (values will be divided)
    Saved predictions (quantiles) to /fslarge/scratch/users/h61084/codes/improved/outputs/foundation_models/tasks/ts_icl/univariate/Port_Activity/W/short/run_0/predictions.npz
    Computing per-window metrics...
    Saved metrics to /fslarge/scratch/users/h61084/codes/improved/outputs/foundation_models/tasks/ts_icl/univariate/Port_Activity/W/short/run_0/metrics.npz
    Saved config to /fslarge/scratch/users/h61084/codes/improved/outputs/foundation_models/tasks/ts_icl/univariate/Port_Activity/W/short/run_0/config.json
    Saved aggregate metrics to /fslarge/scratch/users/h61084/codes/improved/outputs/foundation_models/tasks/ts_icl/univariate/Port_Activity/W/short/run_0/metrics_summary.json
    Metrics summary (averaged over all series/windows/variates):
      MSE: 6154894922.7862
      MAE: 44470.8496
      RMSE: 54264.4000
      MAPE: 0.6758
      sMAPE: 0.3424
      MASE: 0.7879
      ND: 0.3442
      CRPS: 0.2675
  Completed: 99 series × 4 windows
  Output: /fslarge/scratch/users/h61084/codes/improved/outputs/foundation_models/tasks/ts_icl/univariate/Port_Activity/W/short/run_0
  Inference time: 10.635s

============================================================
All experiments completed!
Results saved to: /scratch/users/h61084/codes/improved/outputs/foundation_models/tasks
============================================================

############################################################
# All 1 dataset(s) completed!
############################################################

############################################################
# Dataset 1/1: ECDC_COVID/D
############################################################
Loading configuration...

============================================================
Dataset: ECDC_COVID/D
Terms: ['short']
Covariate mode: none
============================================================

--- Term: short ---
  Config: prediction_length=30, test_length=150, val_length=30
TIME run allocation action=new run=/fslarge/scratch/users/h61084/codes/improved/outputs/foundation_models/tasks/ts_icl/univariate/ECDC_COVID/D/short/run_0 launch_id=selena_20260908T145416Z_18651 slurm_job_id=3227280 launched_at=2026-09-08T16:25:07.609385+00:00
  Initializing model pipeline...
  Dataset info:
    - Frequency: D
    - Num series: 9
    - Target dim: 1
    - Target mode: univariate
    - Covariate channels: 0
    - Series length: min=794,               max=1229, avg=1116.6
    - Test split: 150 steps
    - Prediction length: 30
    - Windows: 5
    Total instances: 45, Series during experiment: 9, Windows: 5
    Collecting ground truth and context...
    Organizing data into arrays...
    Saved predictions (quantiles) to /fslarge/scratch/users/h61084/codes/improved/outputs/foundation_models/tasks/ts_icl/univariate/ECDC_COVID/D/short/run_0/predictions.npz
    Computing per-window metrics...
    Saved metrics to /fslarge/scratch/users/h61084/codes/improved/outputs/foundation_models/tasks/ts_icl/univariate/ECDC_COVID/D/short/run_0/metrics.npz
    Saved config to /fslarge/scratch/users/h61084/codes/improved/outputs/foundation_models/tasks/ts_icl/univariate/ECDC_COVID/D/short/run_0/config.json
    Saved aggregate metrics to /fslarge/scratch/users/h61084/codes/improved/outputs/foundation_models/tasks/ts_icl/univariate/ECDC_COVID/D/short/run_0/metrics_summary.json
    Metrics summary (averaged over all series/windows/variates):
      MSE: 54432.1373
      MAE: 128.8028
      RMSE: 150.4587
      MAPE: 0.5665
      sMAPE: 0.3210
      MASE: 3.2760
      ND: 0.4230
      CRPS: 0.3235
  Completed: 9 series × 5 windows
  Output: /fslarge/scratch/users/h61084/codes/improved/outputs/foundation_models/tasks/ts_icl/univariate/ECDC_COVID/D/short/run_0
  Inference time: 2.082s

============================================================
All experiments completed!
Results saved to: /scratch/users/h61084/codes/improved/outputs/foundation_models/tasks
============================================================

############################################################
# All 1 dataset(s) completed!
############################################################

############################################################
# Dataset 1/1: ECDC_COVID/W
############################################################
Loading configuration...

============================================================
Dataset: ECDC_COVID/W
Terms: ['short']
Covariate mode: none
============================================================

--- Term: short ---
  Config: prediction_length=13, test_length=52, val_length=13
TIME run allocation action=new run=/fslarge/scratch/users/h61084/codes/improved/outputs/foundation_models/tasks/ts_icl/univariate/ECDC_COVID/W/short/run_0 launch_id=selena_20260908T145416Z_18651 slurm_job_id=3227280 launched_at=2026-09-08T16:25:13.875827+00:00
  Initializing model pipeline...
  Dataset info:
    - Frequency: W
    - Num series: 16
    - Target dim: 1
    - Target mode: univariate
    - Covariate channels: 0
    - Series length: min=114,               max=196, avg=165.4
    - Test split: 52 steps
    - Prediction length: 13
    - Windows: 4
    Total instances: 64, Series during experiment: 16, Windows: 4
    Collecting ground truth and context...
    Organizing data into arrays...
    Saved predictions (quantiles) to /fslarge/scratch/users/h61084/codes/improved/outputs/foundation_models/tasks/ts_icl/univariate/ECDC_COVID/W/short/run_0/predictions.npz
    Computing per-window metrics...
    Saved metrics to /fslarge/scratch/users/h61084/codes/improved/outputs/foundation_models/tasks/ts_icl/univariate/ECDC_COVID/W/short/run_0/metrics.npz
    Saved config to /fslarge/scratch/users/h61084/codes/improved/outputs/foundation_models/tasks/ts_icl/univariate/ECDC_COVID/W/short/run_0/config.json
    Saved aggregate metrics to /fslarge/scratch/users/h61084/codes/improved/outputs/foundation_models/tasks/ts_icl/univariate/ECDC_COVID/W/short/run_0/metrics_summary.json
    Metrics summary (averaged over all series/windows/variates):
      MSE: 2753977.8990
      MAE: 674.2487
      RMSE: 772.7467
      MAPE: 1.6960
      sMAPE: 0.5688
      MASE: 1.8729
      ND: 0.8898
      CRPS: 0.7339
  Completed: 16 series × 4 windows
  Output: /fslarge/scratch/users/h61084/codes/improved/outputs/foundation_models/tasks/ts_icl/univariate/ECDC_COVID/W/short/run_0
  Inference time: 2.193s

============================================================
All experiments completed!
Results saved to: /scratch/users/h61084/codes/improved/outputs/foundation_models/tasks
============================================================

############################################################
# All 1 dataset(s) completed!
############################################################

############################################################
# Dataset 1/1: Global_Influenza/W
############################################################
Loading configuration...

============================================================
Dataset: Global_Influenza/W
Terms: ['short']
Covariate mode: none
============================================================

--- Term: short ---
  Config: prediction_length=13, test_length=52, val_length=13
TIME run allocation action=new run=/fslarge/scratch/users/h61084/codes/improved/outputs/foundation_models/tasks/ts_icl/univariate/Global_Influenza/W/short/run_0 launch_id=selena_20260908T145416Z_18651 slurm_job_id=3227280 launched_at=2026-09-08T16:25:20.280999+00:00
  Initializing model pipeline...
  Dataset info:
    - Frequency: W
    - Num series: 15
    - Target dim: 4
    - Target mode: univariate
    - Covariate channels: 0
    - Series length: min=154,               max=210, avg=205.6
    - Test split: 52 steps
    - Prediction length: 13
    - Windows: 4
    Processed 160/240...
    Total instances: 240, Series during experiment: 60, Windows: 4
    Collecting ground truth and context...
    Detected to_univariate case: 60 flat series -> 15 series x 4 variates
    Organizing data into arrays...
    ⚠️  Predictions max value (101161.20) exceeds float16 safe range.
    ⚠️  Applying scale factor: 10 (values will be divided)
    Saved predictions (quantiles) to /fslarge/scratch/users/h61084/codes/improved/outputs/foundation_models/tasks/ts_icl/univariate/Global_Influenza/W/short/run_0/predictions.npz
    Computing per-window metrics...
    Saved metrics to /fslarge/scratch/users/h61084/codes/improved/outputs/foundation_models/tasks/ts_icl/univariate/Global_Influenza/W/short/run_0/metrics.npz
    Saved config to /fslarge/scratch/users/h61084/codes/improved/outputs/foundation_models/tasks/ts_icl/univariate/Global_Influenza/W/short/run_0/config.json
    Saved aggregate metrics to /fslarge/scratch/users/h61084/codes/improved/outputs/foundation_models/tasks/ts_icl/univariate/Global_Influenza/W/short/run_0/metrics_summary.json
    Metrics summary (averaged over all series/windows/variates):
      MSE: 3247863.6702
      MAE: 509.4105
      RMSE: 629.7399
      MAPE: 0.6950
      sMAPE: 0.4856
      MASE: 2.9685
      ND: 0.5066
      CRPS: 0.4121
  Completed: 15 series × 4 windows
  Output: /fslarge/scratch/users/h61084/codes/improved/outputs/foundation_models/tasks/ts_icl/univariate/Global_Influenza/W/short/run_0
  Inference time: 4.238s

============================================================
All experiments completed!
Results saved to: /scratch/users/h61084/codes/improved/outputs/foundation_models/tasks
============================================================

############################################################
# All 1 dataset(s) completed!
############################################################

############################################################
# Dataset 1/1: Crypto/D
############################################################
Loading configuration...

============================================================
Dataset: Crypto/D
Terms: ['short']
Covariate mode: none
============================================================

--- Term: short ---
  Config: prediction_length=30, test_length=273, val_length=92
TIME run allocation action=new run=/fslarge/scratch/users/h61084/codes/improved/outputs/foundation_models/tasks/ts_icl/univariate/Crypto/D/short/run_0 launch_id=selena_20260908T145416Z_18651 slurm_job_id=3227280 launched_at=2026-09-08T16:25:28.759109+00:00
  Initializing model pipeline...
  Dataset info:
    - Frequency: D
    - Num series: 1
    - Target dim: 4
    - Target mode: univariate
    - Covariate channels: 0
    - Series length: min=2842,               max=2842, avg=2842.0
    - Test split: 273 steps
    - Prediction length: 30
    - Windows: 9
    Total instances: 36, Series during experiment: 4, Windows: 9
    Collecting ground truth and context...
    Detected to_univariate case: 4 flat series -> 1 series x 4 variates
    Organizing data into arrays...
    ⚠️  Predictions max value (130982.32) exceeds float16 safe range.
    ⚠️  Applying scale factor: 10 (values will be divided)
    Saved predictions (quantiles) to /fslarge/scratch/users/h61084/codes/improved/outputs/foundation_models/tasks/ts_icl/univariate/Crypto/D/short/run_0/predictions.npz
    Computing per-window metrics...
    Saved metrics to /fslarge/scratch/users/h61084/codes/improved/outputs/foundation_models/tasks/ts_icl/univariate/Crypto/D/short/run_0/metrics.npz
    Saved config to /fslarge/scratch/users/h61084/codes/improved/outputs/foundation_models/tasks/ts_icl/univariate/Crypto/D/short/run_0/config.json
    Saved aggregate metrics to /fslarge/scratch/users/h61084/codes/improved/outputs/foundation_models/tasks/ts_icl/univariate/Crypto/D/short/run_0/metrics_summary.json
    Metrics summary (averaged over all series/windows/variates):
      MSE: 13951500.2481
      MAE: 1490.4353
      RMSE: 1754.5661
      MAPE: 0.0913
      sMAPE: 0.0922
      MASE: 6.3987
      ND: 0.0927
      CRPS: 0.0757
  Completed: 1 series × 9 windows
  Output: /fslarge/scratch/users/h61084/codes/improved/outputs/foundation_models/tasks/ts_icl/univariate/Crypto/D/short/run_0
  Inference time: 2.303s

============================================================
All experiments completed!
Results saved to: /scratch/users/h61084/codes/improved/outputs/foundation_models/tasks
============================================================

############################################################
# All 1 dataset(s) completed!
############################################################

############################################################
# Dataset 1/1: US_Term_Structure/B
############################################################
Loading configuration...

============================================================
Dataset: US_Term_Structure/B
Terms: ['short']
Covariate mode: none
============================================================

--- Term: short ---
  Config: prediction_length=20, test_length=717, val_length=100
TIME run allocation action=new run=/fslarge/scratch/users/h61084/codes/improved/outputs/foundation_models/tasks/ts_icl/univariate/US_Term_Structure/B/short/run_0 launch_id=selena_20260908T145416Z_18651 slurm_job_id=3227280 launched_at=2026-09-08T16:25:35.334096+00:00
  Initializing model pipeline...
  Dataset info:
    - Frequency: B
    - Num series: 1
    - Target dim: 40
    - Target mode: univariate
    - Covariate channels: 0
    - Series length: min=9326,               max=9326, avg=9326.0
    - Test split: 717 steps
    - Prediction length: 20
    - Windows: 35
    Processed 160/1400...
    Processed 320/1400...
    Processed 480/1400...
    Processed 640/1400...
    Processed 800/1400...
    Processed 960/1400...
    Processed 1120/1400...
    Processed 1280/1400...
    Total instances: 1400, Series during experiment: 40, Windows: 35
    Collecting ground truth and context...
    Detected to_univariate case: 40 flat series -> 1 series x 40 variates
    Organizing data into arrays...
    Saved predictions (quantiles) to /fslarge/scratch/users/h61084/codes/improved/outputs/foundation_models/tasks/ts_icl/univariate/US_Term_Structure/B/short/run_0/predictions.npz
    Computing per-window metrics...
    Saved metrics to /fslarge/scratch/users/h61084/codes/improved/outputs/foundation_models/tasks/ts_icl/univariate/US_Term_Structure/B/short/run_0/metrics.npz
    Saved config to /fslarge/scratch/users/h61084/codes/improved/outputs/foundation_models/tasks/ts_icl/univariate/US_Term_Structure/B/short/run_0/config.json
    Saved aggregate metrics to /fslarge/scratch/users/h61084/codes/improved/outputs/foundation_models/tasks/ts_icl/univariate/US_Term_Structure/B/short/run_0/metrics_summary.json
    Metrics summary (averaged over all series/windows/variates):
      MSE: 0.0243
      MAE: 0.1047
      RMSE: 0.1256
      MAPE: 0.9670
      sMAPE: 0.2743
      MASE: 1.5298
      ND: 0.2635
      CRPS: 0.2101
  Completed: 1 series × 35 windows
  Output: /fslarge/scratch/users/h61084/codes/improved/outputs/foundation_models/tasks/ts_icl/univariate/US_Term_Structure/B/short/run_0
  Inference time: 33.643s

============================================================
All experiments completed!
Results saved to: /scratch/users/h61084/codes/improved/outputs/foundation_models/tasks
============================================================

############################################################
# All 1 dataset(s) completed!
############################################################

############################################################
# Dataset 1/1: Oil_Price/B
############################################################
Loading configuration...

============================================================
Dataset: Oil_Price/B
Terms: ['short']
Covariate mode: none
============================================================

--- Term: short ---
  Config: prediction_length=20, test_length=717, val_length=100
TIME run allocation action=new run=/fslarge/scratch/users/h61084/codes/improved/outputs/foundation_models/tasks/ts_icl/univariate/Oil_Price/B/short/run_0 launch_id=selena_20260908T145416Z_18651 slurm_job_id=3227280 launched_at=2026-09-08T16:26:13.430786+00:00
  Initializing model pipeline...
  Dataset info:
    - Frequency: B
    - Num series: 1
    - Target dim: 12
    - Target mode: univariate
    - Covariate channels: 0
    - Series length: min=5035,               max=5035, avg=5035.0
    - Test split: 717 steps
    - Prediction length: 20
    - Windows: 35
    Processed 160/420...
    Processed 320/420...
    Total instances: 420, Series during experiment: 12, Windows: 35
    Collecting ground truth and context...
    Detected to_univariate case: 12 flat series -> 1 series x 12 variates
    Organizing data into arrays...
    Saved predictions (quantiles) to /fslarge/scratch/users/h61084/codes/improved/outputs/foundation_models/tasks/ts_icl/univariate/Oil_Price/B/short/run_0/predictions.npz
    Computing per-window metrics...
    Saved metrics to /fslarge/scratch/users/h61084/codes/improved/outputs/foundation_models/tasks/ts_icl/univariate/Oil_Price/B/short/run_0/metrics.npz
    Saved config to /fslarge/scratch/users/h61084/codes/improved/outputs/foundation_models/tasks/ts_icl/univariate/Oil_Price/B/short/run_0/config.json
    Saved aggregate metrics to /fslarge/scratch/users/h61084/codes/improved/outputs/foundation_models/tasks/ts_icl/univariate/Oil_Price/B/short/run_0/metrics_summary.json
    Metrics summary (averaged over all series/windows/variates):
      MSE: 3.2052
      MAE: 0.6758
      RMSE: 0.7789
      MAPE: 0.0564
      sMAPE: 0.0557
      MASE: 1.3435
      ND: 0.0560
      CRPS: 0.0451
  Completed: 1 series × 35 windows
  Output: /fslarge/scratch/users/h61084/codes/improved/outputs/foundation_models/tasks/ts_icl/univariate/Oil_Price/B/short/run_0
  Inference time: 11.061s

============================================================
All experiments completed!
Results saved to: /scratch/users/h61084/codes/improved/outputs/foundation_models/tasks
============================================================

############################################################
# All 1 dataset(s) completed!
############################################################

############################################################
# Dataset 1/1: Job_Claims/W
############################################################
Loading configuration...

============================================================
Dataset: Job_Claims/W
Terms: ['short']
Covariate mode: none
============================================================

--- Term: short ---
  Config: prediction_length=13, test_length=52, val_length=13
TIME run allocation action=new run=/fslarge/scratch/users/h61084/codes/improved/outputs/foundation_models/tasks/ts_icl/univariate/Job_Claims/W/short/run_0 launch_id=selena_20260908T145416Z_18651 slurm_job_id=3227280 launched_at=2026-09-08T16:26:28.709139+00:00
  Initializing model pipeline...
  Dataset info:
    - Frequency: W
    - Num series: 1
    - Target dim: 2
    - Target mode: univariate
    - Covariate channels: 0
    - Series length: min=196,               max=196, avg=196.0
    - Test split: 52 steps
    - Prediction length: 13
    - Windows: 4
    Total instances: 8, Series during experiment: 2, Windows: 4
    Collecting ground truth and context...
    Detected to_univariate case: 2 flat series -> 1 series x 2 variates
    Organizing data into arrays...
    ⚠️  Predictions max value (2039636.00) exceeds float16 safe range.
    ⚠️  Applying scale factor: 100 (values will be divided)
    Saved predictions (quantiles) to /fslarge/scratch/users/h61084/codes/improved/outputs/foundation_models/tasks/ts_icl/univariate/Job_Claims/W/short/run_0/predictions.npz
    Computing per-window metrics...
    Saved metrics to /fslarge/scratch/users/h61084/codes/improved/outputs/foundation_models/tasks/ts_icl/univariate/Job_Claims/W/short/run_0/metrics.npz
    Saved config to /fslarge/scratch/users/h61084/codes/improved/outputs/foundation_models/tasks/ts_icl/univariate/Job_Claims/W/short/run_0/config.json
    Saved aggregate metrics to /fslarge/scratch/users/h61084/codes/improved/outputs/foundation_models/tasks/ts_icl/univariate/Job_Claims/W/short/run_0/metrics_summary.json
    Metrics summary (averaged over all series/windows/variates):
      MSE: 584168288.0829
      MAE: 15750.9817
      RMSE: 19132.3169
      MAPE: 0.0223
      sMAPE: 0.0226
      MASE: 2.8235
      ND: 0.0225
      CRPS: 0.0174
  Completed: 1 series × 4 windows
  Output: /fslarge/scratch/users/h61084/codes/improved/outputs/foundation_models/tasks/ts_icl/univariate/Job_Claims/W/short/run_0
  Inference time: 1.545s

============================================================
All experiments completed!
Results saved to: /scratch/users/h61084/codes/improved/outputs/foundation_models/tasks
============================================================

############################################################
# All 1 dataset(s) completed!
############################################################

############################################################
# Dataset 1/1: Uncertainty_1M/M
############################################################
Loading configuration...

============================================================
Dataset: Uncertainty_1M/M
Terms: ['short']
Covariate mode: none
============================================================

--- Term: short ---
  Config: prediction_length=6, test_length=42, val_length=18
TIME run allocation action=new run=/fslarge/scratch/users/h61084/codes/improved/outputs/foundation_models/tasks/ts_icl/univariate/Uncertainty_1M/M/short/run_0 launch_id=selena_20260908T145416Z_18651 slurm_job_id=3227280 launched_at=2026-09-08T16:26:34.431295+00:00
  Initializing model pipeline...
  Dataset info:
    - Frequency: M
    - Num series: 1
    - Target dim: 3
    - Target mode: univariate
    - Covariate channels: 0
    - Series length: min=780,               max=780, avg=780.0
    - Test split: 42 steps
    - Prediction length: 6
    - Windows: 7
    Total instances: 21, Series during experiment: 3, Windows: 7
    Collecting ground truth and context...
    Detected to_univariate case: 3 flat series -> 1 series x 3 variates
    Organizing data into arrays...
    Saved predictions (quantiles) to /fslarge/scratch/users/h61084/codes/improved/outputs/foundation_models/tasks/ts_icl/univariate/Uncertainty_1M/M/short/run_0/predictions.npz
    Computing per-window metrics...
    Saved metrics to /fslarge/scratch/users/h61084/codes/improved/outputs/foundation_models/tasks/ts_icl/univariate/Uncertainty_1M/M/short/run_0/metrics.npz
    Saved config to /fslarge/scratch/users/h61084/codes/improved/outputs/foundation_models/tasks/ts_icl/univariate/Uncertainty_1M/M/short/run_0/config.json
    Saved aggregate metrics to /fslarge/scratch/users/h61084/codes/improved/outputs/foundation_models/tasks/ts_icl/univariate/Uncertainty_1M/M/short/run_0/metrics_summary.json
    Metrics summary (averaged over all series/windows/variates):
      MSE: 0.0013
      MAE: 0.0277
      RMSE: 0.0312
      MAPE: 0.0342
      sMAPE: 0.0337
      MASE: 0.3466
      ND: 0.0340
      CRPS: 0.0266
  Completed: 1 series × 7 windows
  Output: /fslarge/scratch/users/h61084/codes/improved/outputs/foundation_models/tasks/ts_icl/univariate/Uncertainty_1M/M/short/run_0
  Inference time: 1.704s

============================================================
All experiments completed!
Results saved to: /scratch/users/h61084/codes/improved/outputs/foundation_models/tasks
============================================================

############################################################
# All 1 dataset(s) completed!
############################################################

############################################################
# Dataset 1/1: Housing_Inventory/M
############################################################
Loading configuration...

============================================================
Dataset: Housing_Inventory/M
Terms: ['short']
Covariate mode: none
============================================================

--- Term: short ---
  Config: prediction_length=12, test_length=36, val_length=12
TIME run allocation action=new run=/fslarge/scratch/users/h61084/codes/improved/outputs/foundation_models/tasks/ts_icl/univariate/Housing_Inventory/M/short/run_0 launch_id=selena_20260908T145416Z_18651 slurm_job_id=3227280 launched_at=2026-09-08T16:26:40.321567+00:00
  Initializing model pipeline...
  Dataset info:
    - Frequency: M
    - Num series: 1
    - Target dim: 4
    - Target mode: univariate
    - Covariate channels: 0
    - Series length: min=114,               max=114, avg=114.0
    - Test split: 36 steps
    - Prediction length: 12
    - Windows: 3
    Total instances: 12, Series during experiment: 4, Windows: 3
    Collecting ground truth and context...
    Detected to_univariate case: 4 flat series -> 1 series x 4 variates
    Organizing data into arrays...
    ⚠️  Predictions max value (1189209.75) exceeds float16 safe range.
    ⚠️  Applying scale factor: 100 (values will be divided)
    Saved predictions (quantiles) to /fslarge/scratch/users/h61084/codes/improved/outputs/foundation_models/tasks/ts_icl/univariate/Housing_Inventory/M/short/run_0/predictions.npz
    Computing per-window metrics...
    Saved metrics to /fslarge/scratch/users/h61084/codes/improved/outputs/foundation_models/tasks/ts_icl/univariate/Housing_Inventory/M/short/run_0/metrics.npz
    Saved config to /fslarge/scratch/users/h61084/codes/improved/outputs/foundation_models/tasks/ts_icl/univariate/Housing_Inventory/M/short/run_0/config.json
    Saved aggregate metrics to /fslarge/scratch/users/h61084/codes/improved/outputs/foundation_models/tasks/ts_icl/univariate/Housing_Inventory/M/short/run_0/metrics_summary.json
    Metrics summary (averaged over all series/windows/variates):
      MSE: 4081737329.3869
      MAE: 30245.8174
      RMSE: 33557.2549
      MAPE: 0.0648
      sMAPE: 0.0648
      MASE: 0.5194
      ND: 0.0655
      CRPS: 0.0503
  Completed: 1 series × 3 windows
  Output: /fslarge/scratch/users/h61084/codes/improved/outputs/foundation_models/tasks/ts_icl/univariate/Housing_Inventory/M/short/run_0
  Inference time: 1.585s

============================================================
All experiments completed!
Results saved to: /scratch/users/h61084/codes/improved/outputs/foundation_models/tasks
============================================================

############################################################
# All 1 dataset(s) completed!
############################################################

############################################################
# Dataset 1/1: JOLTS/M
############################################################
Loading configuration...

============================================================
Dataset: JOLTS/M
Terms: ['short']
Covariate mode: none
============================================================

--- Term: short ---
  Config: prediction_length=12, test_length=60, val_length=12
TIME run allocation action=new run=/fslarge/scratch/users/h61084/codes/improved/outputs/foundation_models/tasks/ts_icl/univariate/JOLTS/M/short/run_0 launch_id=selena_20260908T145416Z_18651 slurm_job_id=3227280 launched_at=2026-09-08T16:26:46.085640+00:00
  Initializing model pipeline...
  Dataset info:
    - Frequency: M
    - Num series: 1
    - Target dim: 6
    - Target mode: univariate
    - Covariate channels: 0
    - Series length: min=297,               max=297, avg=297.0
    - Test split: 60 steps
    - Prediction length: 12
    - Windows: 5
    Total instances: 30, Series during experiment: 6, Windows: 5
    Collecting ground truth and context...
    Detected to_univariate case: 6 flat series -> 1 series x 6 variates
    Organizing data into arrays...
    Saved predictions (quantiles) to /fslarge/scratch/users/h61084/codes/improved/outputs/foundation_models/tasks/ts_icl/univariate/JOLTS/M/short/run_0/predictions.npz
    Computing per-window metrics...
    Saved metrics to /fslarge/scratch/users/h61084/codes/improved/outputs/foundation_models/tasks/ts_icl/univariate/JOLTS/M/short/run_0/metrics.npz
    Saved config to /fslarge/scratch/users/h61084/codes/improved/outputs/foundation_models/tasks/ts_icl/univariate/JOLTS/M/short/run_0/config.json
    Saved aggregate metrics to /fslarge/scratch/users/h61084/codes/improved/outputs/foundation_models/tasks/ts_icl/univariate/JOLTS/M/short/run_0/metrics_summary.json
    Metrics summary (averaged over all series/windows/variates):
      MSE: 353319.6593
      MAE: 326.4235
      RMSE: 393.9018
      MAPE: 0.0799
      sMAPE: 0.0803
      MASE: 1.0652
      ND: 0.0803
      CRPS: 0.0650
  Completed: 1 series × 5 windows
  Output: /fslarge/scratch/users/h61084/codes/improved/outputs/foundation_models/tasks/ts_icl/univariate/JOLTS/M/short/run_0
  Inference time: 1.800s

============================================================
All experiments completed!
Results saved to: /scratch/users/h61084/codes/improved/outputs/foundation_models/tasks
============================================================

############################################################
# All 1 dataset(s) completed!
############################################################

############################################################
# Dataset 1/1: US_Labor/M
############################################################
Loading configuration...

============================================================
Dataset: US_Labor/M
Terms: ['short']
Covariate mode: none
============================================================

--- Term: short ---
  Config: prediction_length=12, test_length=60, val_length=12
TIME run allocation action=new run=/fslarge/scratch/users/h61084/codes/improved/outputs/foundation_models/tasks/ts_icl/univariate/US_Labor/M/short/run_0 launch_id=selena_20260908T145416Z_18651 slurm_job_id=3227280 launched_at=2026-09-08T16:26:52.084953+00:00
  Initializing model pipeline...
  Dataset info:
    - Frequency: M
    - Num series: 1
    - Target dim: 14
    - Target mode: univariate
    - Covariate channels: 0
    - Series length: min=380,               max=380, avg=380.0
    - Test split: 60 steps
    - Prediction length: 12
    - Windows: 5
    Total instances: 70, Series during experiment: 14, Windows: 5
    Collecting ground truth and context...
    Detected to_univariate case: 14 flat series -> 1 series x 14 variates
    Organizing data into arrays...
    ⚠️  Predictions max value (173036.62) exceeds float16 safe range.
    ⚠️  Applying scale factor: 10 (values will be divided)
    Saved predictions (quantiles) to /fslarge/scratch/users/h61084/codes/improved/outputs/foundation_models/tasks/ts_icl/univariate/US_Labor/M/short/run_0/predictions.npz
    Computing per-window metrics...
    Saved metrics to /fslarge/scratch/users/h61084/codes/improved/outputs/foundation_models/tasks/ts_icl/univariate/US_Labor/M/short/run_0/metrics.npz
    Saved config to /fslarge/scratch/users/h61084/codes/improved/outputs/foundation_models/tasks/ts_icl/univariate/US_Labor/M/short/run_0/config.json
    Saved aggregate metrics to /fslarge/scratch/users/h61084/codes/improved/outputs/foundation_models/tasks/ts_icl/univariate/US_Labor/M/short/run_0/metrics_summary.json
    Metrics summary (averaged over all series/windows/variates):
      MSE: 848823.4033
      MAE: 406.7476
      RMSE: 460.1667
      MAPE: 0.0656
      sMAPE: 0.0605
      MASE: 0.8895
      ND: 0.0642
      CRPS: 0.0499
  Completed: 1 series × 5 windows
  Output: /fslarge/scratch/users/h61084/codes/improved/outputs/foundation_models/tasks/ts_icl/univariate/US_Labor/M/short/run_0
  Inference time: 2.361s

============================================================
All experiments completed!
Results saved to: /scratch/users/h61084/codes/improved/outputs/foundation_models/tasks
============================================================

############################################################
# All 1 dataset(s) completed!
############################################################

############################################################
# Dataset 1/1: Vehicle_Supply/M
############################################################
Loading configuration...

============================================================
Dataset: Vehicle_Supply/M
Terms: ['short']
Covariate mode: none
============================================================

--- Term: short ---
  Config: prediction_length=12, test_length=60, val_length=12
TIME run allocation action=new run=/fslarge/scratch/users/h61084/codes/improved/outputs/foundation_models/tasks/ts_icl/univariate/Vehicle_Supply/M/short/run_0 launch_id=selena_20260908T145416Z_18651 slurm_job_id=3227280 launched_at=2026-09-08T16:26:58.653903+00:00
  Initializing model pipeline...
  Dataset info:
    - Frequency: M
    - Num series: 1
    - Target dim: 6
    - Target mode: univariate
    - Covariate channels: 0
    - Series length: min=391,               max=391, avg=391.0
    - Test split: 60 steps
    - Prediction length: 12
    - Windows: 5
    Total instances: 30, Series during experiment: 6, Windows: 5
    Collecting ground truth and context...
    Detected to_univariate case: 6 flat series -> 1 series x 6 variates
    Organizing data into arrays...
    Saved predictions (quantiles) to /fslarge/scratch/users/h61084/codes/improved/outputs/foundation_models/tasks/ts_icl/univariate/Vehicle_Supply/M/short/run_0/predictions.npz
    Computing per-window metrics...
    Saved metrics to /fslarge/scratch/users/h61084/codes/improved/outputs/foundation_models/tasks/ts_icl/univariate/Vehicle_Supply/M/short/run_0/metrics.npz
    Saved config to /fslarge/scratch/users/h61084/codes/improved/outputs/foundation_models/tasks/ts_icl/univariate/Vehicle_Supply/M/short/run_0/config.json
    Saved aggregate metrics to /fslarge/scratch/users/h61084/codes/improved/outputs/foundation_models/tasks/ts_icl/univariate/Vehicle_Supply/M/short/run_0/metrics_summary.json
    Metrics summary (averaged over all series/windows/variates):
      MSE: 2393.9417
      MAE: 19.6360
      RMSE: 23.2576
      MAPE: 0.2531
      sMAPE: 0.2025
      MASE: 0.7929
      ND: 0.2294
      CRPS: 0.1872
  Completed: 1 series × 5 windows
  Output: /fslarge/scratch/users/h61084/codes/improved/outputs/foundation_models/tasks/ts_icl/univariate/Vehicle_Supply/M/short/run_0
  Inference time: 1.811s

============================================================
All experiments completed!
Results saved to: /scratch/users/h61084/codes/improved/outputs/foundation_models/tasks
============================================================

############################################################
# All 1 dataset(s) completed!
############################################################

############################################################
# Dataset 1/1: Auto_Production_SF/M
############################################################
Loading configuration...

============================================================
Dataset: Auto_Production_SF/M
Terms: ['short']
Covariate mode: none
============================================================

--- Term: short ---
  Config: prediction_length=12, test_length=60, val_length=12
TIME run allocation action=new run=/fslarge/scratch/users/h61084/codes/improved/outputs/foundation_models/tasks/ts_icl/univariate/Auto_Production_SF/M/short/run_0 launch_id=selena_20260908T145416Z_18651 slurm_job_id=3227280 launched_at=2026-09-08T16:27:04.637730+00:00
  Initializing model pipeline...
  Dataset info:
    - Frequency: M
    - Num series: 1
    - Target dim: 1
    - Target mode: univariate
    - Covariate channels: 0
    - Series length: min=367,               max=367, avg=367.0
    - Test split: 60 steps
    - Prediction length: 12
    - Windows: 5
    Total instances: 5, Series during experiment: 1, Windows: 5
    Collecting ground truth and context...
    Organizing data into arrays...
    Saved predictions (quantiles) to /fslarge/scratch/users/h61084/codes/improved/outputs/foundation_models/tasks/ts_icl/univariate/Auto_Production_SF/M/short/run_0/predictions.npz
    Computing per-window metrics...
    Saved metrics to /fslarge/scratch/users/h61084/codes/improved/outputs/foundation_models/tasks/ts_icl/univariate/Auto_Production_SF/M/short/run_0/metrics.npz
    Saved config to /fslarge/scratch/users/h61084/codes/improved/outputs/foundation_models/tasks/ts_icl/univariate/Auto_Production_SF/M/short/run_0/config.json
    Saved aggregate metrics to /fslarge/scratch/users/h61084/codes/improved/outputs/foundation_models/tasks/ts_icl/univariate/Auto_Production_SF/M/short/run_0/metrics_summary.json
    Metrics summary (averaged over all series/windows/variates):
      MSE: 20.0699
      MAE: 3.5014
      RMSE: 4.3114
      MAPE: 0.0362
      sMAPE: 0.0358
      MASE: 0.8833
      ND: 0.0351
      CRPS: 0.0274
  Completed: 1 series × 5 windows
  Output: /fslarge/scratch/users/h61084/codes/improved/outputs/foundation_models/tasks/ts_icl/univariate/Auto_Production_SF/M/short/run_0
  Inference time: 1.594s

============================================================
All experiments completed!
Results saved to: /scratch/users/h61084/codes/improved/outputs/foundation_models/tasks
============================================================

############################################################
# All 1 dataset(s) completed!
############################################################

############################################################
# Dataset 1/1: Commodity_Production/M
############################################################
Loading configuration...

============================================================
Dataset: Commodity_Production/M
Terms: ['short']
Covariate mode: none
============================================================

--- Term: short ---
  Config: prediction_length=12, test_length=60, val_length=12
TIME run allocation action=new run=/fslarge/scratch/users/h61084/codes/improved/outputs/foundation_models/tasks/ts_icl/univariate/Commodity_Production/M/short/run_0 launch_id=selena_20260908T145416Z_18651 slurm_job_id=3227280 launched_at=2026-09-08T16:27:10.410816+00:00
  Initializing model pipeline...
  Dataset info:
    - Frequency: M
    - Num series: 32
    - Target dim: 1
    - Target mode: univariate
    - Covariate channels: 0
    - Series length: min=120,               max=648, avg=325.1
    - Test split: 60 steps
    - Prediction length: 12
    - Windows: 5
    Processed 160/160...
    Total instances: 160, Series during experiment: 32, Windows: 5
    Collecting ground truth and context...
    Organizing data into arrays...
    Saved predictions (quantiles) to /fslarge/scratch/users/h61084/codes/improved/outputs/foundation_models/tasks/ts_icl/univariate/Commodity_Production/M/short/run_0/predictions.npz
    Computing per-window metrics...
    Saved metrics to /fslarge/scratch/users/h61084/codes/improved/outputs/foundation_models/tasks/ts_icl/univariate/Commodity_Production/M/short/run_0/metrics.npz
    Saved config to /fslarge/scratch/users/h61084/codes/improved/outputs/foundation_models/tasks/ts_icl/univariate/Commodity_Production/M/short/run_0/config.json
    Saved aggregate metrics to /fslarge/scratch/users/h61084/codes/improved/outputs/foundation_models/tasks/ts_icl/univariate/Commodity_Production/M/short/run_0/metrics_summary.json
    Metrics summary (averaged over all series/windows/variates):
      MSE: 54963.7442
      MAE: 66.8284
      RMSE: 79.1090
      MAPE: 0.2175
      sMAPE: 0.1640
      MASE: 0.9422
      ND: 0.1612
      CRPS: 0.1250
  Completed: 32 series × 5 windows
  Output: /fslarge/scratch/users/h61084/codes/improved/outputs/foundation_models/tasks/ts_icl/univariate/Commodity_Production/M/short/run_0
  Inference time: 3.339s

============================================================
All experiments completed!
Results saved to: /scratch/users/h61084/codes/improved/outputs/foundation_models/tasks
============================================================

############################################################
# All 1 dataset(s) completed!
############################################################

############################################################
# Dataset 1/1: Commodity_Import/M
############################################################
Loading configuration...

============================================================
Dataset: Commodity_Import/M
Terms: ['short']
Covariate mode: none
============================================================

--- Term: short ---
  Config: prediction_length=12, test_length=60, val_length=12
TIME run allocation action=new run=/fslarge/scratch/users/h61084/codes/improved/outputs/foundation_models/tasks/ts_icl/univariate/Commodity_Import/M/short/run_0 launch_id=selena_20260908T145416Z_18651 slurm_job_id=3227280 launched_at=2026-09-08T16:27:17.980681+00:00
  Initializing model pipeline...
  Dataset info:
    - Frequency: M
    - Num series: 8
    - Target dim: 1
    - Target mode: univariate
    - Covariate channels: 0
    - Series length: min=254,               max=1240, avg=697.2
    - Test split: 60 steps
    - Prediction length: 12
    - Windows: 5
    Total instances: 40, Series during experiment: 8, Windows: 5
    Collecting ground truth and context...
    Organizing data into arrays...
    Saved predictions (quantiles) to /fslarge/scratch/users/h61084/codes/improved/outputs/foundation_models/tasks/ts_icl/univariate/Commodity_Import/M/short/run_0/predictions.npz
    Computing per-window metrics...
    Saved metrics to /fslarge/scratch/users/h61084/codes/improved/outputs/foundation_models/tasks/ts_icl/univariate/Commodity_Import/M/short/run_0/metrics.npz
    Saved config to /fslarge/scratch/users/h61084/codes/improved/outputs/foundation_models/tasks/ts_icl/univariate/Commodity_Import/M/short/run_0/config.json
    Saved aggregate metrics to /fslarge/scratch/users/h61084/codes/improved/outputs/foundation_models/tasks/ts_icl/univariate/Commodity_Import/M/short/run_0/metrics_summary.json
    Metrics summary (averaged over all series/windows/variates):
      MSE: 1722639.4130
      MAE: 519.2990
      RMSE: 622.3143
      MAPE: 0.3668
      sMAPE: 0.2335
      MASE: 1.4264
      ND: 0.2788
      CRPS: 0.2218
  Completed: 8 series × 5 windows
  Output: /fslarge/scratch/users/h61084/codes/improved/outputs/foundation_models/tasks/ts_icl/univariate/Commodity_Import/M/short/run_0
  Inference time: 2.203s

============================================================
All experiments completed!
Results saved to: /scratch/users/h61084/codes/improved/outputs/foundation_models/tasks
============================================================

############################################################
# All 1 dataset(s) completed!
############################################################

############################################################
# Dataset 1/1: WUI_Global/Q
############################################################
Loading configuration...

============================================================
Dataset: WUI_Global/Q
Terms: ['short']
Covariate mode: none
============================================================

--- Term: short ---
  Config: prediction_length=4, test_length=20, val_length=20
TIME run allocation action=new run=/fslarge/scratch/users/h61084/codes/improved/outputs/foundation_models/tasks/ts_icl/univariate/WUI_Global/Q/short/run_0 launch_id=selena_20260908T145416Z_18651 slurm_job_id=3227280 launched_at=2026-09-08T16:27:24.361029+00:00
  Initializing model pipeline...
  Dataset info:
    - Frequency: Q
    - Num series: 1
    - Target dim: 15
    - Target mode: univariate
    - Covariate channels: 0
    - Series length: min=294,               max=294, avg=294.0
    - Test split: 20 steps
    - Prediction length: 4
    - Windows: 5
    Total instances: 75, Series during experiment: 15, Windows: 5
    Collecting ground truth and context...
    Detected to_univariate case: 15 flat series -> 1 series x 15 variates
    Organizing data into arrays...
    Saved predictions (quantiles) to /fslarge/scratch/users/h61084/codes/improved/outputs/foundation_models/tasks/ts_icl/univariate/WUI_Global/Q/short/run_0/predictions.npz
    Computing per-window metrics...
    Saved metrics to /fslarge/scratch/users/h61084/codes/improved/outputs/foundation_models/tasks/ts_icl/univariate/WUI_Global/Q/short/run_0/metrics.npz
    Saved config to /fslarge/scratch/users/h61084/codes/improved/outputs/foundation_models/tasks/ts_icl/univariate/WUI_Global/Q/short/run_0/config.json
    Saved aggregate metrics to /fslarge/scratch/users/h61084/codes/improved/outputs/foundation_models/tasks/ts_icl/univariate/WUI_Global/Q/short/run_0/metrics_summary.json
    Metrics summary (averaged over all series/windows/variates):
      MSE: 0.0463
      MAE: 0.1452
      RMSE: 0.1717
      MAPE: 0.5729
      sMAPE: 0.6208
      MASE: 0.9639
      ND: 0.6662
      CRPS: 0.5246
  Completed: 1 series × 5 windows
  Output: /fslarge/scratch/users/h61084/codes/improved/outputs/foundation_models/tasks/ts_icl/univariate/WUI_Global/Q/short/run_0
  Inference time: 2.434s

============================================================
All experiments completed!
Results saved to: /scratch/users/h61084/codes/improved/outputs/foundation_models/tasks
============================================================

############################################################
# All 1 dataset(s) completed!
############################################################

############################################################
# Dataset 1/1: Global_Price/Q
############################################################
Loading configuration...

============================================================
Dataset: Global_Price/Q
Terms: ['short']
Covariate mode: none
============================================================

--- Term: short ---
  Config: prediction_length=4, test_length=20, val_length=8
TIME run allocation action=new run=/fslarge/scratch/users/h61084/codes/improved/outputs/foundation_models/tasks/ts_icl/univariate/Global_Price/Q/short/run_0 launch_id=selena_20260908T145416Z_18651 slurm_job_id=3227280 launched_at=2026-09-08T16:27:30.992977+00:00
  Initializing model pipeline...
  Dataset info:
    - Frequency: Q
    - Num series: 1
    - Target dim: 60
    - Target mode: univariate
    - Covariate channels: 0
    - Series length: min=142,               max=142, avg=142.0
    - Test split: 20 steps
    - Prediction length: 4
    - Windows: 5
    Processed 160/300...
    Total instances: 300, Series during experiment: 60, Windows: 5
    Collecting ground truth and context...
    Detected to_univariate case: 60 flat series -> 1 series x 60 variates
    Organizing data into arrays...
    Saved predictions (quantiles) to /fslarge/scratch/users/h61084/codes/improved/outputs/foundation_models/tasks/ts_icl/univariate/Global_Price/Q/short/run_0/predictions.npz
    Computing per-window metrics...
    Saved metrics to /fslarge/scratch/users/h61084/codes/improved/outputs/foundation_models/tasks/ts_icl/univariate/Global_Price/Q/short/run_0/metrics.npz
    Saved config to /fslarge/scratch/users/h61084/codes/improved/outputs/foundation_models/tasks/ts_icl/univariate/Global_Price/Q/short/run_0/config.json
    Saved aggregate metrics to /fslarge/scratch/users/h61084/codes/improved/outputs/foundation_models/tasks/ts_icl/univariate/Global_Price/Q/short/run_0/metrics_summary.json
    Metrics summary (averaged over all series/windows/variates):
      MSE: 1409198.0047
      MAE: 275.8798
      RMSE: 320.1379
      MAPE: 0.1790
      sMAPE: 0.1899
      MASE: 1.5345
      ND: 0.1801
      CRPS: 0.1458
  Completed: 1 series × 5 windows
  Output: /fslarge/scratch/users/h61084/codes/improved/outputs/foundation_models/tasks/ts_icl/univariate/Global_Price/Q/short/run_0
  Inference time: 4.844s

============================================================
All experiments completed!
Results saved to: /scratch/users/h61084/codes/improved/outputs/foundation_models/tasks
============================================================

############################################################
# All 1 dataset(s) completed!
############################################################

############################################################
# Dataset 1/1: Vehicle_Sales/M
############################################################
Loading configuration...

============================================================
Dataset: Vehicle_Sales/M
Terms: ['short']
Covariate mode: none
============================================================

--- Term: short ---
  Config: prediction_length=12, test_length=60, val_length=12
TIME run allocation action=new run=/fslarge/scratch/users/h61084/codes/improved/outputs/foundation_models/tasks/ts_icl/univariate/Vehicle_Sales/M/short/run_0 launch_id=selena_20260908T145416Z_18651 slurm_job_id=3227280 launched_at=2026-09-08T16:27:40.060717+00:00
  Initializing model pipeline...
  Dataset info:
    - Frequency: M
    - Num series: 1
    - Target dim: 10
    - Target mode: univariate
    - Covariate channels: 0
    - Series length: min=596,               max=596, avg=596.0
    - Test split: 60 steps
    - Prediction length: 12
    - Windows: 5
    Total instances: 50, Series during experiment: 10, Windows: 5
    Collecting ground truth and context...
    Detected to_univariate case: 10 flat series -> 1 series x 10 variates
    Organizing data into arrays...
    Saved predictions (quantiles) to /fslarge/scratch/users/h61084/codes/improved/outputs/foundation_models/tasks/ts_icl/univariate/Vehicle_Sales/M/short/run_0/predictions.npz
    Computing per-window metrics...
    Saved metrics to /fslarge/scratch/users/h61084/codes/improved/outputs/foundation_models/tasks/ts_icl/univariate/Vehicle_Sales/M/short/run_0/metrics.npz
    Saved config to /fslarge/scratch/users/h61084/codes/improved/outputs/foundation_models/tasks/ts_icl/univariate/Vehicle_Sales/M/short/run_0/config.json
    Saved aggregate metrics to /fslarge/scratch/users/h61084/codes/improved/outputs/foundation_models/tasks/ts_icl/univariate/Vehicle_Sales/M/short/run_0/metrics_summary.json
    Metrics summary (averaged over all series/windows/variates):
      MSE: 1517.8761
      MAE: 10.5004
      RMSE: 12.4093
      MAPE: 0.0871
      sMAPE: 0.0851
      MASE: 0.7955
      ND: 0.0869
      CRPS: 0.0678
  Completed: 1 series × 5 windows
  Output: /fslarge/scratch/users/h61084/codes/improved/outputs/foundation_models/tasks/ts_icl/univariate/Vehicle_Sales/M/short/run_0
  Inference time: 2.032s

============================================================
All experiments completed!
Results saved to: /scratch/users/h61084/codes/improved/outputs/foundation_models/tasks
============================================================

############################################################
# All 1 dataset(s) completed!
############################################################

############################################################
# Dataset 1/1: Online_Retail_2_UCI/D
############################################################
Loading configuration...

============================================================
Dataset: Online_Retail_2_UCI/D
Terms: ['short']
Covariate mode: none
============================================================

--- Term: short ---
  Config: prediction_length=30, test_length=180, val_length=90
TIME run allocation action=new run=/fslarge/scratch/users/h61084/codes/improved/outputs/foundation_models/tasks/ts_icl/univariate/Online_Retail_2_UCI/D/short/run_0 launch_id=selena_20260908T145416Z_18651 slurm_job_id=3227280 launched_at=2026-09-08T16:27:46.287807+00:00
  Initializing model pipeline...
  Dataset info:
    - Frequency: D
    - Num series: 1
    - Target dim: 1
    - Target mode: univariate
    - Covariate channels: 0
    - Series length: min=739,               max=739, avg=739.0
    - Test split: 180 steps
    - Prediction length: 30
    - Windows: 6
    Total instances: 6, Series during experiment: 1, Windows: 6
    Collecting ground truth and context...
    Organizing data into arrays...
    ⚠️  Predictions max value (105359.71) exceeds float16 safe range.
    ⚠️  Applying scale factor: 10 (values will be divided)
    Saved predictions (quantiles) to /fslarge/scratch/users/h61084/codes/improved/outputs/foundation_models/tasks/ts_icl/univariate/Online_Retail_2_UCI/D/short/run_0/predictions.npz
    Computing per-window metrics...
    Saved metrics to /fslarge/scratch/users/h61084/codes/improved/outputs/foundation_models/tasks/ts_icl/univariate/Online_Retail_2_UCI/D/short/run_0/metrics.npz
    Saved config to /fslarge/scratch/users/h61084/codes/improved/outputs/foundation_models/tasks/ts_icl/univariate/Online_Retail_2_UCI/D/short/run_0/config.json
    Saved aggregate metrics to /fslarge/scratch/users/h61084/codes/improved/outputs/foundation_models/tasks/ts_icl/univariate/Online_Retail_2_UCI/D/short/run_0/metrics_summary.json
    Metrics summary (averaged over all series/windows/variates):
      MSE: 359078391.6318
      MAE: 10657.6066
      RMSE: 16811.2753
      MAPE: 0.3064
      sMAPE: 0.5687
      MASE: 0.6441
      ND: 0.3062
      CRPS: 0.2471
  Completed: 1 series × 6 windows
  Output: /fslarge/scratch/users/h61084/codes/improved/outputs/foundation_models/tasks/ts_icl/univariate/Online_Retail_2_UCI/D/short/run_0
  Inference time: 1.532s

============================================================
All experiments completed!
Results saved to: /scratch/users/h61084/codes/improved/outputs/foundation_models/tasks
============================================================

############################################################
# All 1 dataset(s) completed!
############################################################

############################################################
# Dataset 1/1: Supply_Chain_Customer/D
############################################################
Loading configuration...

============================================================
Dataset: Supply_Chain_Customer/D
Terms: ['short']
Covariate mode: none
============================================================

--- Term: short ---
  Config: prediction_length=30, test_length=365, val_length=90
TIME run allocation action=new run=/fslarge/scratch/users/h61084/codes/improved/outputs/foundation_models/tasks/ts_icl/univariate/Supply_Chain_Customer/D/short/run_0 launch_id=selena_20260908T145416Z_18651 slurm_job_id=3227280 launched_at=2026-09-08T16:27:52.029541+00:00
  Initializing model pipeline...
  Dataset info:
    - Frequency: D
    - Num series: 1
    - Target dim: 36
    - Target mode: univariate
    - Covariate channels: 0
    - Series length: min=2007,               max=2007, avg=2007.0
    - Test split: 365 steps
    - Prediction length: 30
    - Windows: 12
    Processed 160/432...
    Processed 320/432...
    Total instances: 432, Series during experiment: 36, Windows: 12
    Collecting ground truth and context...
    Detected to_univariate case: 36 flat series -> 1 series x 36 variates
    Organizing data into arrays...
    ⚠️  Predictions max value (243479.62) exceeds float16 safe range.
    ⚠️  Applying scale factor: 10 (values will be divided)
    Saved predictions (quantiles) to /fslarge/scratch/users/h61084/codes/improved/outputs/foundation_models/tasks/ts_icl/univariate/Supply_Chain_Customer/D/short/run_0/predictions.npz
    Computing per-window metrics...
    Saved metrics to /fslarge/scratch/users/h61084/codes/improved/outputs/foundation_models/tasks/ts_icl/univariate/Supply_Chain_Customer/D/short/run_0/metrics.npz
    Saved config to /fslarge/scratch/users/h61084/codes/improved/outputs/foundation_models/tasks/ts_icl/univariate/Supply_Chain_Customer/D/short/run_0/config.json
    Saved aggregate metrics to /fslarge/scratch/users/h61084/codes/improved/outputs/foundation_models/tasks/ts_icl/univariate/Supply_Chain_Customer/D/short/run_0/metrics_summary.json
    Metrics summary (averaged over all series/windows/variates):
      MSE: 34709182.8866
      MAE: 1688.5848
      RMSE: 2404.3762
      MAPE: 0.4201
      sMAPE: 0.4144
      MASE: 0.6100
      ND: 0.3638
      CRPS: 0.2818
  Completed: 1 series × 12 windows
  Output: /fslarge/scratch/users/h61084/codes/improved/outputs/foundation_models/tasks/ts_icl/univariate/Supply_Chain_Customer/D/short/run_0
  Inference time: 8.825s

============================================================
All experiments completed!
Results saved to: /scratch/users/h61084/codes/improved/outputs/foundation_models/tasks
============================================================

############################################################
# All 1 dataset(s) completed!
############################################################

############################################################
# Dataset 1/1: Supply_Chain_Location/D
############################################################
Loading configuration...

============================================================
Dataset: Supply_Chain_Location/D
Terms: ['short']
Covariate mode: none
============================================================

--- Term: short ---
  Config: prediction_length=30, test_length=365, val_length=90
TIME run allocation action=new run=/fslarge/scratch/users/h61084/codes/improved/outputs/foundation_models/tasks/ts_icl/univariate/Supply_Chain_Location/D/short/run_0 launch_id=selena_20260908T145416Z_18651 slurm_job_id=3227280 launched_at=2026-09-08T16:28:05.135837+00:00
  Initializing model pipeline...
  Dataset info:
    - Frequency: D
    - Num series: 1
    - Target dim: 51
    - Target mode: univariate
    - Covariate channels: 0
    - Series length: min=2007,               max=2007, avg=2007.0
    - Test split: 365 steps
    - Prediction length: 30
    - Windows: 12
    Processed 160/612...
    Processed 320/612...
    Processed 480/612...
    Total instances: 612, Series during experiment: 51, Windows: 12
    Collecting ground truth and context...
    Detected to_univariate case: 51 flat series -> 1 series x 51 variates
    Organizing data into arrays...
    ⚠️  Predictions max value (104365.83) exceeds float16 safe range.
    ⚠️  Applying scale factor: 10 (values will be divided)
    Saved predictions (quantiles) to /fslarge/scratch/users/h61084/codes/improved/outputs/foundation_models/tasks/ts_icl/univariate/Supply_Chain_Location/D/short/run_0/predictions.npz
    Computing per-window metrics...
    Saved metrics to /fslarge/scratch/users/h61084/codes/improved/outputs/foundation_models/tasks/ts_icl/univariate/Supply_Chain_Location/D/short/run_0/metrics.npz
    Saved config to /fslarge/scratch/users/h61084/codes/improved/outputs/foundation_models/tasks/ts_icl/univariate/Supply_Chain_Location/D/short/run_0/config.json
    Saved aggregate metrics to /fslarge/scratch/users/h61084/codes/improved/outputs/foundation_models/tasks/ts_icl/univariate/Supply_Chain_Location/D/short/run_0/metrics_summary.json
    Metrics summary (averaged over all series/windows/variates):
      MSE: 23491889.7412
      MAE: 1830.0067
      RMSE: 2506.7225
      MAPE: 0.4833
      sMAPE: 0.4194
      MASE: 0.6594
      ND: 0.3850
      CRPS: 0.2952
  Completed: 1 series × 12 windows
  Output: /fslarge/scratch/users/h61084/codes/improved/outputs/foundation_models/tasks/ts_icl/univariate/Supply_Chain_Location/D/short/run_0
  Inference time: 11.982s

============================================================
All experiments completed!
Results saved to: /scratch/users/h61084/codes/improved/outputs/foundation_models/tasks
============================================================

############################################################
# All 1 dataset(s) completed!
############################################################

############################################################
# Dataset 1/1: azure2019_D/5T
############################################################
Loading configuration...

============================================================
Dataset: azure2019_D/5T
Terms: ['short']
Covariate mode: none
============================================================

--- Term: short ---
  Config: prediction_length=288, test_length=864, val_length=864
TIME run allocation action=new run=/fslarge/scratch/users/h61084/codes/improved/outputs/foundation_models/tasks/ts_icl/univariate/azure2019_D/5T/short/run_0 launch_id=selena_20260908T145416Z_18651 slurm_job_id=3227280 launched_at=2026-09-08T16:28:21.509258+00:00
  Initializing model pipeline...
  Dataset info:
    - Frequency: 5T
    - Num series: 989
    - Target dim: 3
    - Target mode: univariate
    - Covariate channels: 0
    - Series length: min=8073,               max=8639, avg=8627.0
    - Test split: 864 steps
    - Prediction length: 288
    - Windows: 3
    Processed 160/8901...
    Processed 320/8901...
    Processed 480/8901...
    Processed 640/8901...
    Processed 800/8901...
    Processed 960/8901...
    Processed 1120/8901...
    Processed 1280/8901...
    Processed 1440/8901...
    Processed 1600/8901...
    Processed 1760/8901...
    Processed 1920/8901...
    Processed 2080/8901...
    Processed 2240/8901...
    Processed 2400/8901...
    Processed 2560/8901...
    Processed 2720/8901...
    Processed 2880/8901...
    Processed 3040/8901...
    Processed 3200/8901...
    Processed 3360/8901...
    Processed 3520/8901...
    Processed 3680/8901...
    Processed 3840/8901...
    Processed 4000/8901...
    Processed 4160/8901...
    Processed 4320/8901...
    Processed 4480/8901...
    Processed 4640/8901...
    Processed 4800/8901...
    Processed 4960/8901...
    Processed 5120/8901...
    Processed 5280/8901...
    Processed 5440/8901...
    Processed 5600/8901...
    Processed 5760/8901...
    Processed 5920/8901...
    Processed 6080/8901...
    Processed 6240/8901...
    Processed 6400/8901...
    Processed 6560/8901...
    Processed 6720/8901...
    Processed 6880/8901...
    Processed 7040/8901...
    Processed 7200/8901...
    Processed 7360/8901...
    Processed 7520/8901...
    Processed 7680/8901...
    Processed 7840/8901...
    Processed 8000/8901...
    Processed 8160/8901...
    Processed 8320/8901...
    Processed 8480/8901...
    Processed 8640/8901...
    Processed 8800/8901...
    Total instances: 8901, Series during experiment: 2967, Windows: 3
    Collecting ground truth and context...
    Detected to_univariate case: 2967 flat series -> 989 series x 3 variates
    Organizing data into arrays...
    Saved predictions (quantiles) to /fslarge/scratch/users/h61084/codes/improved/outputs/foundation_models/tasks/ts_icl/univariate/azure2019_D/5T/short/run_0/predictions.npz
    Computing per-window metrics...
    Saved metrics to /fslarge/scratch/users/h61084/codes/improved/outputs/foundation_models/tasks/ts_icl/univariate/azure2019_D/5T/short/run_0/metrics.npz
    Saved config to /fslarge/scratch/users/h61084/codes/improved/outputs/foundation_models/tasks/ts_icl/univariate/azure2019_D/5T/short/run_0/config.json
    Saved aggregate metrics to /fslarge/scratch/users/h61084/codes/improved/outputs/foundation_models/tasks/ts_icl/univariate/azure2019_D/5T/short/run_0/metrics_summary.json
    Metrics summary (averaged over all series/windows/variates):
      MSE: 58.2144
      MAE: 2.6800
      RMSE: 3.8103
      MAPE: 0.2140
      sMAPE: 0.1765
      MASE: 0.7505
      ND: 0.1827
      CRPS: 0.1483
  Completed: 989 series × 3 windows
  Output: /fslarge/scratch/users/h61084/codes/improved/outputs/foundation_models/tasks/ts_icl/univariate/azure2019_D/5T/short/run_0
  Inference time: 231.279s

============================================================
All experiments completed!
Results saved to: /scratch/users/h61084/codes/improved/outputs/foundation_models/tasks
============================================================

############################################################
# All 1 dataset(s) completed!
############################################################

############################################################
# Dataset 1/1: azure2019_I/5T
############################################################
Loading configuration...

============================================================
Dataset: azure2019_I/5T
Terms: ['short']
Covariate mode: none
============================================================

--- Term: short ---
  Config: prediction_length=288, test_length=864, val_length=864
TIME run allocation action=new run=/fslarge/scratch/users/h61084/codes/improved/outputs/foundation_models/tasks/ts_icl/univariate/azure2019_I/5T/short/run_0 launch_id=selena_20260908T145416Z_18651 slurm_job_id=3227280 launched_at=2026-09-08T16:32:22.575554+00:00
  Initializing model pipeline...
  Dataset info:
    - Frequency: 5T
    - Num series: 492
    - Target dim: 3
    - Target mode: univariate
    - Covariate channels: 0
    - Series length: min=8250,               max=8639, avg=8630.4
    - Test split: 864 steps
    - Prediction length: 288
    - Windows: 3
    Processed 160/4428...
    Processed 320/4428...
    Processed 480/4428...
    Processed 640/4428...
    Processed 800/4428...
    Processed 960/4428...
    Processed 1120/4428...
    Processed 1280/4428...
    Processed 1440/4428...
    Processed 1600/4428...
    Processed 1760/4428...
    Processed 1920/4428...
    Processed 2080/4428...
    Processed 2240/4428...
    Processed 2400/4428...
    Processed 2560/4428...
    Processed 2720/4428...
    Processed 2880/4428...
    Processed 3040/4428...
    Processed 3200/4428...
    Processed 3360/4428...
    Processed 3520/4428...
    Processed 3680/4428...
    Processed 3840/4428...
    Processed 4000/4428...
    Processed 4160/4428...
    Processed 4320/4428...
    Total instances: 4428, Series during experiment: 1476, Windows: 3
    Collecting ground truth and context...
    Detected to_univariate case: 1476 flat series -> 492 series x 3 variates
    Organizing data into arrays...
    Saved predictions (quantiles) to /fslarge/scratch/users/h61084/codes/improved/outputs/foundation_models/tasks/ts_icl/univariate/azure2019_I/5T/short/run_0/predictions.npz
    Computing per-window metrics...
    Saved metrics to /fslarge/scratch/users/h61084/codes/improved/outputs/foundation_models/tasks/ts_icl/univariate/azure2019_I/5T/short/run_0/metrics.npz
    Saved config to /fslarge/scratch/users/h61084/codes/improved/outputs/foundation_models/tasks/ts_icl/univariate/azure2019_I/5T/short/run_0/config.json
    Saved aggregate metrics to /fslarge/scratch/users/h61084/codes/improved/outputs/foundation_models/tasks/ts_icl/univariate/azure2019_I/5T/short/run_0/metrics_summary.json
    Metrics summary (averaged over all series/windows/variates):
      MSE: 47.5400
      MAE: 2.2888
      RMSE: 3.3753
      MAPE: 0.2066
      sMAPE: 0.1566
      MASE: 0.7207
      ND: 0.1639
      CRPS: 0.1313
  Completed: 492 series × 3 windows
  Output: /fslarge/scratch/users/h61084/codes/improved/outputs/foundation_models/tasks/ts_icl/univariate/azure2019_I/5T/short/run_0
  Inference time: 116.006s

============================================================
All experiments completed!
Results saved to: /scratch/users/h61084/codes/improved/outputs/foundation_models/tasks
============================================================

############################################################
# All 1 dataset(s) completed!
############################################################

############################################################
# Dataset 1/1: azure2019_U/5T
############################################################
Loading configuration...

============================================================
Dataset: azure2019_U/5T
Terms: ['short']
Covariate mode: none
============================================================

--- Term: short ---
  Config: prediction_length=48, test_length=288, val_length=96
TIME run allocation action=new run=/fslarge/scratch/users/h61084/codes/improved/outputs/foundation_models/tasks/ts_icl/univariate/azure2019_U/5T/short/run_0 launch_id=selena_20260908T145416Z_18651 slurm_job_id=3227280 launched_at=2026-09-08T16:34:25.049339+00:00
  Initializing model pipeline...
  Dataset info:
    - Frequency: 5T
    - Num series: 78
    - Target dim: 3
    - Target mode: univariate
    - Covariate channels: 0
    - Series length: min=882,               max=2006, avg=1406.1
    - Test split: 288 steps
    - Prediction length: 48
    - Windows: 6
    Processed 160/1404...
    Processed 320/1404...
    Processed 480/1404...
    Processed 640/1404...
    Processed 800/1404...
    Processed 960/1404...
    Processed 1120/1404...
    Processed 1280/1404...
    Total instances: 1404, Series during experiment: 234, Windows: 6
    Collecting ground truth and context...
    Detected to_univariate case: 234 flat series -> 78 series x 3 variates
    Organizing data into arrays...
    Saved predictions (quantiles) to /fslarge/scratch/users/h61084/codes/improved/outputs/foundation_models/tasks/ts_icl/univariate/azure2019_U/5T/short/run_0/predictions.npz
    Computing per-window metrics...
    Saved metrics to /fslarge/scratch/users/h61084/codes/improved/outputs/foundation_models/tasks/ts_icl/univariate/azure2019_U/5T/short/run_0/metrics.npz
    Saved config to /fslarge/scratch/users/h61084/codes/improved/outputs/foundation_models/tasks/ts_icl/univariate/azure2019_U/5T/short/run_0/config.json
    Saved aggregate metrics to /fslarge/scratch/users/h61084/codes/improved/outputs/foundation_models/tasks/ts_icl/univariate/azure2019_U/5T/short/run_0/metrics_summary.json
    Metrics summary (averaged over all series/windows/variates):
      MSE: 60.0609
      MAE: 2.3185
      RMSE: 3.2622
      MAPE: 0.3670
      sMAPE: 0.1761
      MASE: 0.6952
      ND: 0.1949
      CRPS: 0.1591
  Completed: 78 series × 6 windows
  Output: /fslarge/scratch/users/h61084/codes/improved/outputs/foundation_models/tasks/ts_icl/univariate/azure2019_U/5T/short/run_0
  Inference time: 22.089s

============================================================
All experiments completed!
Results saved to: /scratch/users/h61084/codes/improved/outputs/foundation_models/tasks
============================================================

############################################################
# All 1 dataset(s) completed!
############################################################

############################################################
# Dataset 1/1: Smart_Manufacturing/H
############################################################
Loading configuration...

============================================================
Dataset: Smart_Manufacturing/H
Terms: ['short', 'medium', 'long']
Covariate mode: none
============================================================

--- Term: short ---
  Config: prediction_length=24, test_length=336, val_length=336
TIME run allocation action=new run=/fslarge/scratch/users/h61084/codes/improved/outputs/foundation_models/tasks/ts_icl/univariate/Smart_Manufacturing/H/short/run_0 launch_id=selena_20260908T145416Z_18651 slurm_job_id=3227280 launched_at=2026-09-08T16:34:51.708943+00:00
  Initializing model pipeline...
  Dataset info:
    - Frequency: H
    - Num series: 34
    - Target dim: 5
    - Target mode: univariate
    - Covariate channels: 0
    - Series length: min=1661,               max=1667, avg=1665.9
    - Test split: 336 steps
    - Prediction length: 24
    - Windows: 14
    Processed 160/2380...
    Processed 320/2380...
    Processed 480/2380...
    Processed 640/2380...
    Processed 800/2380...
    Processed 960/2380...
    Processed 1120/2380...
    Processed 1280/2380...
    Processed 1440/2380...
    Processed 1600/2380...
    Processed 1760/2380...
    Processed 1920/2380...
    Processed 2080/2380...
    Processed 2240/2380...
    Total instances: 2380, Series during experiment: 170, Windows: 14
    Collecting ground truth and context...
    Detected to_univariate case: 170 flat series -> 34 series x 5 variates
    Organizing data into arrays...
    Saved predictions (quantiles) to /fslarge/scratch/users/h61084/codes/improved/outputs/foundation_models/tasks/ts_icl/univariate/Smart_Manufacturing/H/short/run_0/predictions.npz
    Computing per-window metrics...
    Saved metrics to /fslarge/scratch/users/h61084/codes/improved/outputs/foundation_models/tasks/ts_icl/univariate/Smart_Manufacturing/H/short/run_0/metrics.npz
    Saved config to /fslarge/scratch/users/h61084/codes/improved/outputs/foundation_models/tasks/ts_icl/univariate/Smart_Manufacturing/H/short/run_0/config.json
    Saved aggregate metrics to /fslarge/scratch/users/h61084/codes/improved/outputs/foundation_models/tasks/ts_icl/univariate/Smart_Manufacturing/H/short/run_0/metrics_summary.json
    Metrics summary (averaged over all series/windows/variates):
      MSE: 78.4577
      MAE: 5.7205
      RMSE: 7.0686
      MAPE: 0.3356
      sMAPE: 0.2254
      MASE: 0.7123
      ND: 0.2168
      CRPS: 0.1668
  Completed: 34 series × 14 windows
  Output: /fslarge/scratch/users/h61084/codes/improved/outputs/foundation_models/tasks/ts_icl/univariate/Smart_Manufacturing/H/short/run_0
  Inference time: 34.506s

--- Term: medium ---
  Config: prediction_length=168, test_length=336, val_length=336
TIME run allocation action=new run=/fslarge/scratch/users/h61084/codes/improved/outputs/foundation_models/tasks/ts_icl/univariate/Smart_Manufacturing/H/medium/run_0 launch_id=selena_20260908T145416Z_18651 slurm_job_id=3227280 launched_at=2026-09-08T16:35:27.196823+00:00
  Initializing model pipeline...
  Dataset info:
    - Frequency: H
    - Num series: 34
    - Target dim: 5
    - Target mode: univariate
    - Covariate channels: 0
    - Series length: min=1661,               max=1667, avg=1665.9
    - Test split: 336 steps
    - Prediction length: 168
    - Windows: 2
    Processed 160/340...
    Processed 320/340...
    Total instances: 340, Series during experiment: 170, Windows: 2
    Collecting ground truth and context...
    Detected to_univariate case: 170 flat series -> 34 series x 5 variates
    Organizing data into arrays...
    Saved predictions (quantiles) to /fslarge/scratch/users/h61084/codes/improved/outputs/foundation_models/tasks/ts_icl/univariate/Smart_Manufacturing/H/medium/run_0/predictions.npz
    Computing per-window metrics...
    Saved metrics to /fslarge/scratch/users/h61084/codes/improved/outputs/foundation_models/tasks/ts_icl/univariate/Smart_Manufacturing/H/medium/run_0/metrics.npz
    Saved config to /fslarge/scratch/users/h61084/codes/improved/outputs/foundation_models/tasks/ts_icl/univariate/Smart_Manufacturing/H/medium/run_0/config.json
    Saved aggregate metrics to /fslarge/scratch/users/h61084/codes/improved/outputs/foundation_models/tasks/ts_icl/univariate/Smart_Manufacturing/H/medium/run_0/metrics_summary.json
    Metrics summary (averaged over all series/windows/variates):
      MSE: 78.5396
      MAE: 5.7243
      RMSE: 7.1555
      MAPE: 0.3423
      sMAPE: 0.2254
      MASE: 0.7122
      ND: 0.2156
      CRPS: 0.1658
  Completed: 34 series × 2 windows
  Output: /fslarge/scratch/users/h61084/codes/improved/outputs/foundation_models/tasks/ts_icl/univariate/Smart_Manufacturing/H/medium/run_0
  Inference time: 4.788s

--- Term: long ---
  Config: prediction_length=336, test_length=336, val_length=336
TIME run allocation action=new run=/fslarge/scratch/users/h61084/codes/improved/outputs/foundation_models/tasks/ts_icl/univariate/Smart_Manufacturing/H/long/run_0 launch_id=selena_20260908T145416Z_18651 slurm_job_id=3227280 launched_at=2026-09-08T16:35:32.563116+00:00
  Initializing model pipeline...
  Dataset info:
    - Frequency: H
    - Num series: 34
    - Target dim: 5
    - Target mode: univariate
    - Covariate channels: 0
    - Series length: min=1661,               max=1667, avg=1665.9
    - Test split: 336 steps
    - Prediction length: 336
    - Windows: 1
    Processed 160/170...
    Total instances: 170, Series during experiment: 170, Windows: 1
    Collecting ground truth and context...
    Detected to_univariate case: 170 flat series -> 34 series x 5 variates
    Organizing data into arrays...
    Saved predictions (quantiles) to /fslarge/scratch/users/h61084/codes/improved/outputs/foundation_models/tasks/ts_icl/univariate/Smart_Manufacturing/H/long/run_0/predictions.npz
    Computing per-window metrics...
    Saved metrics to /fslarge/scratch/users/h61084/codes/improved/outputs/foundation_models/tasks/ts_icl/univariate/Smart_Manufacturing/H/long/run_0/metrics.npz
    Saved config to /fslarge/scratch/users/h61084/codes/improved/outputs/foundation_models/tasks/ts_icl/univariate/Smart_Manufacturing/H/long/run_0/config.json
    Saved aggregate metrics to /fslarge/scratch/users/h61084/codes/improved/outputs/foundation_models/tasks/ts_icl/univariate/Smart_Manufacturing/H/long/run_0/metrics_summary.json
    Metrics summary (averaged over all series/windows/variates):
      MSE: 78.5131
      MAE: 5.7229
      RMSE: 7.1635
      MAPE: 0.3446
      sMAPE: 0.2254
      MASE: 0.7117
      ND: 0.2155
      CRPS: 0.1657
  Completed: 34 series × 1 windows
  Output: /fslarge/scratch/users/h61084/codes/improved/outputs/foundation_models/tasks/ts_icl/univariate/Smart_Manufacturing/H/long/run_0
  Inference time: 2.339s

============================================================
All experiments completed!
Results saved to: /scratch/users/h61084/codes/improved/outputs/foundation_models/tasks
============================================================

############################################################
# All 1 dataset(s) completed!
############################################################

############################################################
# Dataset 1/1: MetroPT-3/5T
############################################################
Loading configuration...

============================================================
Dataset: MetroPT-3/5T
Terms: ['short', 'medium', 'long']
Covariate mode: none
============================================================

--- Term: short ---
  Config: prediction_length=48, test_length=1728, val_length=1728
TIME run allocation action=new run=/fslarge/scratch/users/h61084/codes/improved/outputs/foundation_models/tasks/ts_icl/univariate/MetroPT-3/5T/short/run_0 launch_id=selena_20260908T145416Z_18651 slurm_job_id=3227280 launched_at=2026-09-08T16:35:39.060526+00:00
  Initializing model pipeline...
  Dataset info:
    - Frequency: 5T
    - Num series: 1
    - Target dim: 6
    - Target mode: univariate
    - Covariate channels: 0
    - Series length: min=17809,               max=17809, avg=17809.0
    - Test split: 1728 steps
    - Prediction length: 48
    - Windows: 36
    Processed 160/216...
    Total instances: 216, Series during experiment: 6, Windows: 36
    Collecting ground truth and context...
    Detected to_univariate case: 6 flat series -> 1 series x 6 variates
    Organizing data into arrays...
    Saved predictions (quantiles) to /fslarge/scratch/users/h61084/codes/improved/outputs/foundation_models/tasks/ts_icl/univariate/MetroPT-3/5T/short/run_0/predictions.npz
    Computing per-window metrics...
    Saved metrics to /fslarge/scratch/users/h61084/codes/improved/outputs/foundation_models/tasks/ts_icl/univariate/MetroPT-3/5T/short/run_0/metrics.npz
    Saved config to /fslarge/scratch/users/h61084/codes/improved/outputs/foundation_models/tasks/ts_icl/univariate/MetroPT-3/5T/short/run_0/config.json
    Saved aggregate metrics to /fslarge/scratch/users/h61084/codes/improved/outputs/foundation_models/tasks/ts_icl/univariate/MetroPT-3/5T/short/run_0/metrics_summary.json
    Metrics summary (averaged over all series/windows/variates):
      MSE: 3.5101
      MAE: 1.1696
      RMSE: 1.5281
      MAPE: 3.5495
      sMAPE: 0.5156
      MASE: 0.6435
      ND: 0.3336
      CRPS: 0.2506
  Completed: 1 series × 36 windows
  Output: /fslarge/scratch/users/h61084/codes/improved/outputs/foundation_models/tasks/ts_icl/univariate/MetroPT-3/5T/short/run_0
  Inference time: 5.313s

--- Term: medium ---
  Config: prediction_length=288, test_length=1728, val_length=1728
TIME run allocation action=new run=/fslarge/scratch/users/h61084/codes/improved/outputs/foundation_models/tasks/ts_icl/univariate/MetroPT-3/5T/medium/run_0 launch_id=selena_20260908T145416Z_18651 slurm_job_id=3227280 launched_at=2026-09-08T16:35:45.099429+00:00
  Initializing model pipeline...
  Dataset info:
    - Frequency: 5T
    - Num series: 1
    - Target dim: 6
    - Target mode: univariate
    - Covariate channels: 0
    - Series length: min=17809,               max=17809, avg=17809.0
    - Test split: 1728 steps
    - Prediction length: 288
    - Windows: 6
    Total instances: 36, Series during experiment: 6, Windows: 6
    Collecting ground truth and context...
    Detected to_univariate case: 6 flat series -> 1 series x 6 variates
    Organizing data into arrays...
    Saved predictions (quantiles) to /fslarge/scratch/users/h61084/codes/improved/outputs/foundation_models/tasks/ts_icl/univariate/MetroPT-3/5T/medium/run_0/predictions.npz
    Computing per-window metrics...
    Saved metrics to /fslarge/scratch/users/h61084/codes/improved/outputs/foundation_models/tasks/ts_icl/univariate/MetroPT-3/5T/medium/run_0/metrics.npz
    Saved config to /fslarge/scratch/users/h61084/codes/improved/outputs/foundation_models/tasks/ts_icl/univariate/MetroPT-3/5T/medium/run_0/config.json
    Saved aggregate metrics to /fslarge/scratch/users/h61084/codes/improved/outputs/foundation_models/tasks/ts_icl/univariate/MetroPT-3/5T/medium/run_0/metrics_summary.json
    Metrics summary (averaged over all series/windows/variates):
      MSE: 3.4076
      MAE: 1.1588
      RMSE: 1.5320
      MAPE: 3.5140
      sMAPE: 0.5156
      MASE: 0.6798
      ND: 0.3343
      CRPS: 0.2506
  Completed: 1 series × 6 windows
  Output: /fslarge/scratch/users/h61084/codes/improved/outputs/foundation_models/tasks/ts_icl/univariate/MetroPT-3/5T/medium/run_0
  Inference time: 0.706s

--- Term: long ---
  Config: prediction_length=576, test_length=1728, val_length=1728
TIME run allocation action=new run=/fslarge/scratch/users/h61084/codes/improved/outputs/foundation_models/tasks/ts_icl/univariate/MetroPT-3/5T/long/run_0 launch_id=selena_20260908T145416Z_18651 slurm_job_id=3227280 launched_at=2026-09-08T16:35:46.334977+00:00
  Initializing model pipeline...
  Dataset info:
    - Frequency: 5T
    - Num series: 1
    - Target dim: 6
    - Target mode: univariate
    - Covariate channels: 0
    - Series length: min=17809,               max=17809, avg=17809.0
    - Test split: 1728 steps
    - Prediction length: 576
    - Windows: 3
    Total instances: 18, Series during experiment: 6, Windows: 3
    Collecting ground truth and context...
    Detected to_univariate case: 6 flat series -> 1 series x 6 variates
    Organizing data into arrays...
    Saved predictions (quantiles) to /fslarge/scratch/users/h61084/codes/improved/outputs/foundation_models/tasks/ts_icl/univariate/MetroPT-3/5T/long/run_0/predictions.npz
    Computing per-window metrics...
    Saved metrics to /fslarge/scratch/users/h61084/codes/improved/outputs/foundation_models/tasks/ts_icl/univariate/MetroPT-3/5T/long/run_0/metrics.npz
    Saved config to /fslarge/scratch/users/h61084/codes/improved/outputs/foundation_models/tasks/ts_icl/univariate/MetroPT-3/5T/long/run_0/config.json
    Saved aggregate metrics to /fslarge/scratch/users/h61084/codes/improved/outputs/foundation_models/tasks/ts_icl/univariate/MetroPT-3/5T/long/run_0/metrics_summary.json
    Metrics summary (averaged over all series/windows/variates):
      MSE: 3.3996
      MAE: 1.1593
      RMSE: 1.5330
      MAPE: 3.5786
      sMAPE: 0.5169
      MASE: 0.6980
      ND: 0.3366
      CRPS: 0.2530
  Completed: 1 series × 3 windows
  Output: /fslarge/scratch/users/h61084/codes/improved/outputs/foundation_models/tasks/ts_icl/univariate/MetroPT-3/5T/long/run_0
  Inference time: 0.403s

============================================================
All experiments completed!
Results saved to: /scratch/users/h61084/codes/improved/outputs/foundation_models/tasks
============================================================

############################################################
# All 1 dataset(s) completed!
############################################################
2026-09-08 18:35:47 | task model=ts_icl runner=run_tsicl.sh environment=uv covariate_mode=none target_mode=auto completed status=success
2026-09-08 18:35:47 | stage evaluate completed status=success
2026-09-08 18:35:47 | workflow foundation_models completed status=success exit_code=0
